{
 "type": "FeatureCollection",
 "name": "sources_coverage",
 "generated_by": "scripts/index_sources.py",
 "features": [
  {
   "type": "Feature",
   "properties": {
    "name": "waimakariri_culverts",
    "kind": "arcgis",
    "provides": [
     "crossings"
    ],
    "enabled": true,
    "checked": "2026-10-08T00:20:31+00:00",
    "url": "https://gisservices.waimakariri.govt.nz/arcgis/rest/services/3Waters/Assets_Stormwater/MapServer/14",
    "extent": [
     171.97446947352353,
     -43.45129731817215,
     172.7312805878827,
     -43.13499319805855
    ],
    "sheets": {
     "BW22": 133,
     "BW23": 267,
     "BW24": 604
    },
    "tiles": {
     "BW22_10000_0205": 6,
     "BW22_10000_0301": 10,
     "BW22_10000_0302": 12,
     "BW22_10000_0303": 14,
     "BW22_10000_0304": 51,
     "BW22_10000_0305": 22,
     "BW22_10000_0402": 4,
     "BW22_10000_0403": 4,
     "BW22_10000_0404": 1,
     "BW22_10000_0405": 6,
     "BW22_10000_0505": 4,
     "BW23_10000_0104": 7,
     "BW23_10000_0105": 2,
     "BW23_10000_0201": 7,
     "BW23_10000_0202": 6,
     "BW23_10000_0203": 11,
     "BW23_10000_0204": 11,
     "BW23_10000_0205": 11,
     "BW23_10000_0301": 3,
     "BW23_10000_0302": 13,
     "BW23_10000_0303": 13,
     "BW23_10000_0304": 14,
     "BW23_10000_0305": 31,
     "BW23_10000_0401": 7,
     "BW23_10000_0402": 13,
     "BW23_10000_0403": 18,
     "BW23_10000_0404": 8,
     "BW23_10000_0405": 60,
     "BW23_10000_0501": 3,
     "BW23_10000_0502": 1,
     "BW23_10000_0503": 1,
     "BW23_10000_0504": 10,
     "BW23_10000_0505": 21,
     "BW24_10000_0201": 2,
     "BW24_10000_0202": 21,
     "BW24_10000_0203": 16,
     "BW24_10000_0301": 113,
     "BW24_10000_0302": 35,
     "BW24_10000_0303": 25,
     "BW24_10000_0401": 110,
     "BW24_10000_0402": 64,
     "BW24_10000_0403": 58,
     "BW24_10000_0501": 65,
     "BW24_10000_0502": 84,
     "BW24_10000_0503": 13
    },
    "tile_scale": 10000,
    "n_features": 1004,
    "failed": [],
    "layer_url": "https://gisservices.waimakariri.govt.nz/arcgis/rest/services/3Waters/Assets_Stormwater/MapServer/14",
    "coverage": "tiles"
   },
   "geometry": {
    "type": "Polygon",
    "coordinates": [
     [
      [
       172.19925222327066,
       -43.44049633154322
      ],
      [
       172.19925222327066,
       -43.37527070685923
      ],
      [
       172.14086065562432,
       -43.37527070685923
      ],
      [
       172.14086065562432,
       -43.374840972305314
      ],
      [
       172.08161690227837,
       -43.374840972305314
      ],
      [
       172.08161690227837,
       -43.37438055204856
      ],
      [
       172.02237459586297,
       -43.37438055204856
      ],
      [
       172.02237459586297,
       -43.30906612496214
      ],
      [
       171.96423646027642,
       -43.30906612496214
      ],
      [
       171.96423646027642,
       -43.24372260316559
      ],
      [
       172.0244504592888,
       -43.24372260316559
      ],
      [
       172.0244504592888,
       -43.24424204436968
      ],
      [
       172.08356701653202,
       -43.24424204436968
      ],
      [
       172.08356701653202,
       -43.24473094179875
      ],
      [
       172.1426850093213,
       -43.24473094179875
      ],
      [
       172.1426850093213,
       -43.24518929334594
      ],
      [
       172.2018043451073,
       -43.24518929334594
      ],
      [
       172.2018043451073,
       -43.18078916585433
      ],
      [
       172.26170741907413,
       -43.18078916585433
      ],
      [
       172.26170741907413,
       -43.1811855261634
      ],
      [
       172.32076658089127,
       -43.1811855261634
      ],
      [
       172.32076658089127,
       -43.18155140377903
      ],
      [
       172.37982680379193,
       -43.18155140377903
      ],
      [
       172.37982680379193,
       -43.18188679712675
      ],
      [
       172.4388879955431,
       -43.18188679712675
      ],
      [
       172.4388879955431,
       -43.11735986717383
      ],
      [
       172.49848043411697,
       -43.11735986717383
      ],
      [
       172.49848043411697,
       -43.11763367031415
      ],
      [
       172.55748089758274,
       -43.11763367031415
      ],
      [
       172.55748089758274,
       -43.182710057784625
      ],
      [
       172.616076461431,
       -43.182710057784625
      ],
      [
       172.616076461431,
       -43.18292350093869
      ],
      [
       172.6751406060759,
       -43.18292350093869
      ],
      [
       172.6751406060759,
       -43.18310645391977
      ],
      [
       172.73420525828078,
       -43.18310645391977
      ],
      [
       172.73420525828078,
       -43.24809241589645
      ],
      [
       172.73392352552966,
       -43.24809241589645
      ],
      [
       172.73392352552966,
       -43.312925176761745
      ],
      [
       172.73364085469967,
       -43.312925176761745
      ],
      [
       172.73364085469967,
       -43.37775719844069
      ],
      [
       172.73335724208067,
       -43.37775719844069
      ],
      [
       172.73335724208067,
       -43.442588480841394
      ],
      [
       172.67375636202462,
       -43.442588480841394
      ],
      [
       172.67375636202462,
       -43.44243463933823
      ],
      [
       172.61444055575203,
       -43.44243463933823
      ],
      [
       172.61444055575203,
       -43.44225003100031
      ],
      [
       172.55512535886504,
       -43.44225003100031
      ],
      [
       172.55512535886504,
       -43.442034656627214
      ],
      [
       172.49581086509897,
       -43.442034656627214
      ],
      [
       172.49581086509897,
       -43.441788517151686
      ],
      [
       172.43649716818194,
       -43.441788517151686
      ],
      [
       172.43649716818194,
       -43.441511613639726
      ],
      [
       172.37718436183422,
       -43.441511613639726
      ],
      [
       172.37718436183422,
       -43.44120394729053
      ],
      [
       172.31787253976722,
       -43.44120394729053
      ],
      [
       172.31787253976722,
       -43.440865519436514
      ],
      [
       172.25856179568245,
       -43.440865519436514
      ],
      [
       172.25856179568245,
       -43.44049633154322
      ],
      [
       172.19925222327066,
       -43.44049633154322
      ]
     ]
    ]
   }
  },
  {
   "type": "Feature",
   "properties": {
    "name": "waimakariri_channels",
    "kind": "arcgis",
    "provides": [
     "channels"
    ],
    "enabled": true,
    "checked": "2026-10-08T00:20:31+00:00",
    "url": "https://gisservices.waimakariri.govt.nz/arcgis/rest/services/3Waters/Assets_Stormwater/MapServer/3",
    "extent": [
     171.97446947352353,
     -43.45129731817215,
     172.7312805878827,
     -43.13499319805855
    ],
    "sheets": {
     "BW22": 401,
     "BW23": 493,
     "BW24": 1562
    },
    "tiles": {
     "BW22_10000_0205": 11,
     "BW22_10000_0301": 6,
     "BW22_10000_0302": 40,
     "BW22_10000_0303": 46,
     "BW22_10000_0304": 153,
     "BW22_10000_0305": 130,
     "BW22_10000_0401": 3,
     "BW22_10000_0402": 9,
     "BW22_10000_0403": 15,
     "BW22_10000_0404": 11,
     "BW22_10000_0405": 15,
     "BW22_10000_0505": 1,
     "BW23_10000_0102": 1,
     "BW23_10000_0103": 4,
     "BW23_10000_0104": 8,
     "BW23_10000_0105": 5,
     "BW23_10000_0201": 10,
     "BW23_10000_0202": 13,
     "BW23_10000_0203": 42,
     "BW23_10000_0204": 25,
     "BW23_10000_0205": 19,
     "BW23_10000_0301": 15,
     "BW23_10000_0302": 86,
     "BW23_10000_0303": 34,
     "BW23_10000_0304": 16,
     "BW23_10000_0305": 31,
     "BW23_10000_0401": 8,
     "BW23_10000_0402": 23,
     "BW23_10000_0403": 25,
     "BW23_10000_0404": 21,
     "BW23_10000_0405": 130,
     "BW23_10000_0503": 2,
     "BW23_10000_0504": 11,
     "BW23_10000_0505": 29,
     "BW24_10000_0201": 1,
     "BW24_10000_0202": 2,
     "BW24_10000_0203": 12,
     "BW24_10000_0301": 152,
     "BW24_10000_0302": 167,
     "BW24_10000_0303": 146,
     "BW24_10000_0401": 338,
     "BW24_10000_0402": 303,
     "BW24_10000_0403": 93,
     "BW24_10000_0501": 150,
     "BW24_10000_0502": 251,
     "BW24_10000_0503": 57
    },
    "tile_scale": 10000,
    "n_features": 2456,
    "failed": [],
    "layer_url": "https://gisservices.waimakariri.govt.nz/arcgis/rest/services/3Waters/Assets_Stormwater/MapServer/3",
    "coverage": "tiles"
   },
   "geometry": {
    "type": "Polygon",
    "coordinates": [
     [
      [
       172.08161690227837,
       -43.374840972305314
      ],
      [
       172.08161690227837,
       -43.37438055204856
      ],
      [
       172.02237459586297,
       -43.37438055204856
      ],
      [
       172.02237459586297,
       -43.37388944807937
      ],
      [
       171.9631338296467,
       -43.37388944807937
      ],
      [
       171.9631338296467,
       -43.30854551281404
      ],
      [
       171.96423646027642,
       -43.30854551281404
      ],
      [
       171.96423646027642,
       -43.24372260316559
      ],
      [
       172.0244504592888,
       -43.24372260316559
      ],
      [
       172.0244504592888,
       -43.24424204436968
      ],
      [
       172.08356701653202,
       -43.24424204436968
      ],
      [
       172.08356701653202,
       -43.24473094179875
      ],
      [
       172.1426850093213,
       -43.24473094179875
      ],
      [
       172.1426850093213,
       -43.24518929334594
      ],
      [
       172.2018043451073,
       -43.24518929334594
      ],
      [
       172.2018043451073,
       -43.18078916585433
      ],
      [
       172.26170741907413,
       -43.18078916585433
      ],
      [
       172.26170741907413,
       -43.1811855261634
      ],
      [
       172.32076658089127,
       -43.1811855261634
      ],
      [
       172.32076658089127,
       -43.11672100690681
      ],
      [
       172.38048194290658,
       -43.11672100690681
      ],
      [
       172.38048194290658,
       -43.117055645602306
      ],
      [
       172.4394807519285,
       -43.117055645602306
      ],
      [
       172.4394807519285,
       -43.11735986717383
      ],
      [
       172.49848043411697,
       -43.11735986717383
      ],
      [
       172.49848043411697,
       -43.11763367031415
      ],
      [
       172.55748089758274,
       -43.11763367031415
      ],
      [
       172.55748089758274,
       -43.182710057784625
      ],
      [
       172.616076461431,
       -43.182710057784625
      ],
      [
       172.616076461431,
       -43.18292350093869
      ],
      [
       172.6751406060759,
       -43.18292350093869
      ],
      [
       172.6751406060759,
       -43.18310645391977
      ],
      [
       172.73420525828078,
       -43.18310645391977
      ],
      [
       172.73420525828078,
       -43.24809241589645
      ],
      [
       172.73392352552966,
       -43.24809241589645
      ],
      [
       172.73392352552966,
       -43.312925176761745
      ],
      [
       172.73364085469967,
       -43.312925176761745
      ],
      [
       172.73364085469967,
       -43.37775719844069
      ],
      [
       172.73335724208067,
       -43.37775719844069
      ],
      [
       172.73335724208067,
       -43.442588480841394
      ],
      [
       172.67375636202462,
       -43.442588480841394
      ],
      [
       172.67375636202462,
       -43.44243463933823
      ],
      [
       172.61444055575203,
       -43.44243463933823
      ],
      [
       172.61444055575203,
       -43.44225003100031
      ],
      [
       172.55512535886504,
       -43.44225003100031
      ],
      [
       172.55512535886504,
       -43.442034656627214
      ],
      [
       172.49581086509897,
       -43.442034656627214
      ],
      [
       172.49581086509897,
       -43.441788517151686
      ],
      [
       172.43649716818194,
       -43.441788517151686
      ],
      [
       172.43649716818194,
       -43.441511613639726
      ],
      [
       172.37718436183422,
       -43.441511613639726
      ],
      [
       172.37718436183422,
       -43.376375778388514
      ],
      [
       172.3185996643497,
       -43.376375778388514
      ],
      [
       172.3185996643497,
       -43.376038111559765
      ],
      [
       172.25935212996268,
       -43.376038111559765
      ],
      [
       172.25935212996268,
       -43.44049633154322
      ],
      [
       172.19925222327066,
       -43.44049633154322
      ],
      [
       172.19925222327066,
       -43.37527070685923
      ],
      [
       172.14086065562432,
       -43.37527070685923
      ],
      [
       172.14086065562432,
       -43.374840972305314
      ],
      [
       172.08161690227837,
       -43.374840972305314
      ]
     ]
    ]
   }
  },
  {
   "type": "Feature",
   "properties": {
    "name": "waimakariri_pipes",
    "kind": "arcgis",
    "provides": [
     "pipes"
    ],
    "enabled": false,
    "checked": "2026-10-08T00:20:32+00:00",
    "url": "https://gisservices.waimakariri.govt.nz/arcgis/rest/services/3Waters/Assets_Stormwater/MapServer/14",
    "extent": [
     171.97446947352353,
     -43.45129731817215,
     172.7312805878827,
     -43.13499319805855
    ],
    "sheets": {
     "BW22": 189,
     "BW23": 60,
     "BW24": 8808
    },
    "tiles": {
     "BW22_10000_0205": 4,
     "BW22_10000_0301": 1,
     "BW22_10000_0304": 180,
     "BW22_10000_0404": 3,
     "BW22_10000_0405": 1,
     "BW23_10000_0205": 1,
     "BW23_10000_0302": 9,
     "BW23_10000_0303": 13,
     "BW23_10000_0401": 2,
     "BW23_10000_0403": 5,
     "BW23_10000_0404": 1,
     "BW23_10000_0405": 27,
     "BW23_10000_0502": 1,
     "BW23_10000_0505": 2,
     "BW24_10000_0202": 5,
     "BW24_10000_0301": 2621,
     "BW24_10000_0302": 659,
     "BW24_10000_0303": 515,
     "BW24_10000_0401": 1017,
     "BW24_10000_0402": 1502,
     "BW24_10000_0403": 378,
     "BW24_10000_0501": 20,
     "BW24_10000_0502": 1984,
     "BW24_10000_0503": 152
    },
    "tile_scale": 10000,
    "n_features": 9057,
    "failed": [],
    "layer_url": "https://gisservices.waimakariri.govt.nz/arcgis/rest/services/3Waters/Assets_Stormwater/MapServer/14",
    "coverage": "tiles"
   },
   "geometry": {
    "type": "MultiPolygon",
    "coordinates": [
     [
      [
       [
        172.49581086509897,
        -43.37695903370318
       ],
       [
        172.43709786095732,
        -43.37695903370318
       ],
       [
        172.43709786095732,
        -43.37668275287876
       ],
       [
        172.37784827245835,
        -43.37668275287876
       ],
       [
        172.37784827245835,
        -43.44120394729053
       ],
       [
        172.31787253976722,
        -43.44120394729053
       ],
       [
        172.31787253976722,
        -43.376038111559765
       ],
       [
        172.25935212996268,
        -43.376038111559765
       ],
       [
        172.25935212996268,
        -43.375669753852456
       ],
       [
        172.2001057626179,
        -43.375669753852456
       ],
       [
        172.2001057626179,
        -43.37527070685923
       ],
       [
        172.14086065562432,
        -43.37527070685923
       ],
       [
        172.14086065562432,
        -43.31001550931404
       ],
       [
        172.1417743493224,
        -43.31001550931404
       ],
       [
        172.1417743493224,
        -43.24518929334594
       ],
       [
        172.2018043451073,
        -43.24518929334594
       ],
       [
        172.2018043451073,
        -43.18078916585433
       ],
       [
        172.26170741907413,
        -43.18078916585433
       ],
       [
        172.26170741907413,
        -43.24601435102516
       ],
       [
        172.2018043451073,
        -43.24601435102516
       ],
       [
        172.2018043451073,
        -43.31044427742011
       ],
       [
        172.26013983839084,
        -43.31044427742011
       ],
       [
        172.26013983839084,
        -43.310842426967895
       ],
       [
        172.319324373052,
        -43.310842426967895
       ],
       [
        172.319324373052,
        -43.24638105360134
       ],
       [
        172.37916948475785,
        -43.24638105360134
       ],
       [
        172.37916948475785,
        -43.246717203184
       ],
       [
        172.4382932667847,
        -43.246717203184
       ],
       [
        172.4382932667847,
        -43.31185314773549
       ],
       [
        172.49688402208378,
        -43.31185314773549
       ],
       [
        172.49688402208378,
        -43.312128807184756
       ],
       [
        172.55607227686858,
        -43.312128807184756
       ],
       [
        172.55607227686858,
        -43.247542320140575
       ],
       [
        172.49741792888025,
        -43.247542320140575
       ],
       [
        172.49741792888025,
        -43.18246612537617
       ],
       [
        172.55701291661777,
        -43.18246612537617
       ],
       [
        172.55701291661777,
        -43.247542320140575
       ],
       [
        172.615669522808,
        -43.247542320140575
       ],
       [
        172.615669522808,
        -43.18292350093869
       ],
       [
        172.6751406060759,
        -43.18292350093869
       ],
       [
        172.6751406060759,
        -43.24793961009259
       ],
       [
        172.73392352552966,
        -43.24793961009259
       ],
       [
        172.73392352552966,
        -43.312925176761745
       ],
       [
        172.73364085469967,
        -43.312925176761745
       ],
       [
        172.73364085469967,
        -43.37775719844069
       ],
       [
        172.73335724208067,
        -43.37775719844069
       ],
       [
        172.73335724208067,
        -43.442588480841394
       ],
       [
        172.67375636202462,
        -43.442588480841394
       ],
       [
        172.67375636202462,
        -43.44243463933823
       ],
       [
        172.61444055575203,
        -43.44243463933823
       ],
       [
        172.61444055575203,
        -43.44225003100031
       ],
       [
        172.55512535886504,
        -43.44225003100031
       ],
       [
        172.55512535886504,
        -43.442034656627214
       ],
       [
        172.49581086509897,
        -43.442034656627214
       ],
       [
        172.49581086509897,
        -43.37695903370318
       ]
      ],
      [
       [
        172.37784827245835,
        -43.376038111559765
       ],
       [
        172.37784827245835,
        -43.311546863646065
       ],
       [
        172.319324373052,
        -43.311546863646065
       ],
       [
        172.319324373052,
        -43.376038111559765
       ],
       [
        172.37784827245835,
        -43.376038111559765
       ]
      ]
     ],
     [
      [
       [
        171.96423646027642,
        -43.30906612496214
       ],
       [
        171.96423646027642,
        -43.24372260316559
       ],
       [
        172.0244504592888,
        -43.24372260316559
       ],
       [
        172.0244504592888,
        -43.30906612496214
       ],
       [
        171.96423646027642,
        -43.30906612496214
       ]
      ]
     ]
    ]
   }
  },
  {
   "type": "Feature",
   "properties": {
    "name": "waimakariri_structures",
    "kind": "arcgis",
    "provides": [
     "structures"
    ],
    "enabled": false,
    "checked": "2026-10-08T00:20:32+00:00",
    "url": "https://gisservices.waimakariri.govt.nz/arcgis/rest/services/3Waters/Assets_Stormwater/MapServer/20",
    "extent": [
     171.97807765226972,
     -43.433809658368034,
     172.7312805878827,
     -43.135022552014874
    ],
    "sheets": {
     "BW22": 11,
     "BW23": 25,
     "BW24": 275
    },
    "tiles": {
     "BW22_10000_0205": 2,
     "BW22_10000_0304": 9,
     "BW23_10000_0104": 2,
     "BW23_10000_0302": 1,
     "BW23_10000_0305": 2,
     "BW23_10000_0403": 6,
     "BW23_10000_0405": 13,
     "BW23_10000_0505": 1,
     "BW24_10000_0301": 99,
     "BW24_10000_0302": 7,
     "BW24_10000_0303": 3,
     "BW24_10000_0401": 46,
     "BW24_10000_0402": 39,
     "BW24_10000_0403": 13,
     "BW24_10000_0501": 6,
     "BW24_10000_0502": 51,
     "BW24_10000_0503": 11
    },
    "tile_scale": 10000,
    "n_features": 311,
    "failed": [],
    "layer_url": "https://gisservices.waimakariri.govt.nz/arcgis/rest/services/3Waters/Assets_Stormwater/MapServer/20",
    "coverage": "tiles"
   },
   "geometry": {
    "type": "MultiPolygon",
    "coordinates": [
     [
      [
       [
        172.55512535886504,
        -43.442034656627214
       ],
       [
        172.49581086509897,
        -43.442034656627214
       ],
       [
        172.49581086509897,
        -43.37695903370318
       ],
       [
        172.49634833650558,
        -43.37695903370318
       ],
       [
        172.49634833650558,
        -43.312128807184756
       ],
       [
        172.49688402208378,
        -43.312128807184756
       ],
       [
        172.49688402208378,
        -43.247297837705
       ],
       [
        172.5565433784291,
        -43.247297837705
       ],
       [
        172.5565433784291,
        -43.247542320140575
       ],
       [
        172.615669522808,
        -43.247542320140575
       ],
       [
        172.615669522808,
        -43.24775624457715
       ],
       [
        172.67479626938686,
        -43.24775624457715
       ],
       [
        172.67479626938686,
        -43.24793961009259
       ],
       [
        172.73392352552966,
        -43.24793961009259
       ],
       [
        172.73392352552966,
        -43.312925176761745
       ],
       [
        172.73364085469967,
        -43.312925176761745
       ],
       [
        172.73364085469967,
        -43.37775719844069
       ],
       [
        172.73335724208067,
        -43.37775719844069
       ],
       [
        172.73335724208067,
        -43.442588480841394
       ],
       [
        172.67375636202462,
        -43.442588480841394
       ],
       [
        172.67375636202462,
        -43.44243463933823
       ],
       [
        172.61444055575203,
        -43.44243463933823
       ],
       [
        172.61444055575203,
        -43.44225003100031
       ],
       [
        172.55512535886504,
        -43.44225003100031
       ],
       [
        172.55512535886504,
        -43.442034656627214
       ]
      ]
     ],
     [
      [
       [
        172.43769655786645,
        -43.37668275287876
       ],
       [
        172.37784827245835,
        -43.37668275287876
       ],
       [
        172.37784827245835,
        -43.311546863646065
       ],
       [
        172.319324373052,
        -43.311546863646065
       ],
       [
        172.319324373052,
        -43.24638105360134
       ],
       [
        172.37916948475785,
        -43.24638105360134
       ],
       [
        172.37916948475785,
        -43.311546863646065
       ],
       [
        172.43769655786645,
        -43.311546863646065
       ],
       [
        172.43769655786645,
        -43.37668275287876
       ]
      ]
     ],
     [
      [
       [
        172.2018043451073,
        -43.24518929334594
       ],
       [
        172.2018043451073,
        -43.18078916585433
       ],
       [
        172.26170741907413,
        -43.18078916585433
       ],
       [
        172.26170741907413,
        -43.24601435102516
       ],
       [
        172.2018043451073,
        -43.24601435102516
       ],
       [
        172.2018043451073,
        -43.31044427742011
       ],
       [
        172.1417743493224,
        -43.31044427742011
       ],
       [
        172.1417743493224,
        -43.24518929334594
       ],
       [
        172.2018043451073,
        -43.24518929334594
       ]
      ]
     ],
     [
      [
       [
        172.49848043411697,
        -43.18246612537617
       ],
       [
        172.4388879955431,
        -43.18246612537617
       ],
       [
        172.4388879955431,
        -43.11735986717383
       ],
       [
        172.49848043411697,
        -43.11735986717383
       ],
       [
        172.49848043411697,
        -43.18246612537617
       ]
      ]
     ]
    ]
   }
  },
  {
   "type": "Feature",
   "properties": {
    "name": "es_drainage",
    "kind": "arcgis",
    "provides": [
     "channels"
    ],
    "enabled": true,
    "checked": "2026-10-08T00:20:33+00:00",
    "url": "https://maps.es.govt.nz/server/rest/services/Public/General/MapServer/27",
    "extent": [
     167.54432116316295,
     -46.60628258160631,
     169.23321496131481,
     -45.318132902963285
    ],
    "sheets": {
     "CD08": 26,
     "CD10": 1,
     "CD11": 2,
     "CE08": 7,
     "CE09": 4,
     "CE10": 6,
     "CE11": 5,
     "CE12": 1,
     "CF08": 6,
     "CF09": 9,
     "CF10": 15,
     "CF11": 15,
     "CF12": 12,
     "CF13": 1,
     "CG09": 6,
     "CG10": 37,
     "CG11": 17,
     "CG12": 8,
     "CG13": 2
    },
    "tiles": {
     "CD08_10000_0105": 1,
     "CD08_10000_0203": 1,
     "CD08_10000_0204": 4,
     "CD08_10000_0205": 3,
     "CD08_10000_0302": 3,
     "CD08_10000_0303": 2,
     "CD08_10000_0304": 5,
     "CD08_10000_0305": 3,
     "CD08_10000_0401": 1,
     "CD08_10000_0402": 1,
     "CD08_10000_0403": 2,
     "CD08_10000_0404": 4,
     "CD08_10000_0405": 2,
     "CD08_10000_0501": 2,
     "CD08_10000_0502": 6,
     "CD08_10000_0503": 2,
     "CD08_10000_0504": 1,
     "CD08_10000_0505": 1,
     "CD10_10000_0405": 1,
     "CD11_10000_0401": 2,
     "CE08_10000_0101": 2,
     "CE08_10000_0102": 3,
     "CE08_10000_0103": 1,
     "CE08_10000_0404": 1,
     "CE08_10000_0503": 1,
     "CE08_10000_0504": 2,
     "CE09_10000_0104": 1,
     "CE09_10000_0204": 1,
     "CE09_10000_0305": 1,
     "CE09_10000_0405": 1,
     "CE09_10000_0501": 1,
     "CE09_10000_0502": 1,
     "CE09_10000_0504": 1,
     "CE10_10000_0203": 2,
     "CE10_10000_0204": 1,
     "CE10_10000_0301": 1,
     "CE10_10000_0303": 2,
     "CE10_10000_0304": 2,
     "CE10_10000_0305": 1,
     "CE10_10000_0401": 1,
     "CE10_10000_0402": 1,
     "CE10_10000_0405": 1,
     "CE10_10000_0502": 1,
     "CE11_10000_0203": 1,
     "CE11_10000_0301": 2,
     "CE11_10000_0302": 1,
     "CE11_10000_0401": 1,
     "CE11_10000_0402": 1,
     "CE11_10000_0501": 2,
     "CE11_10000_0502": 2,
     "CE11_10000_0503": 1,
     "CE11_10000_0504": 1,
     "CE11_10000_0505": 1,
     "CE12_10000_0504": 1,
     "CF08_10000_0102": 1,
     "CF08_10000_0103": 1,
     "CF08_10000_0104": 1,
     "CF08_10000_0105": 2,
     "CF08_10000_0201": 1,
     "CF08_10000_0202": 1,
     "CF08_10000_0204": 1,
     "CF08_10000_0205": 1,
     "CF08_10000_0304": 2,
     "CF08_10000_0402": 1,
     "CF08_10000_0403": 1,
     "CF09_10000_0101": 1,
     "CF09_10000_0203": 1,
     "CF09_10000_0204": 1,
     "CF09_10000_0302": 4,
     "CF09_10000_0303": 2,
     "CF09_10000_0402": 1,
     "CF09_10000_0403": 3,
     "CF09_10000_0404": 2,
     "CF09_10000_0405": 2,
     "CF09_10000_0505": 2,
     "CF10_10000_0102": 1,
     "CF10_10000_0103": 1,
     "CF10_10000_0202": 1,
     "CF10_10000_0203": 4,
     "CF10_10000_0303": 5,
     "CF10_10000_0304": 1,
     "CF10_10000_0305": 1,
     "CF10_10000_0402": 1,
     "CF10_10000_0403": 5,
     "CF10_10000_0501": 1,
     "CF10_10000_0502": 2,
     "CF10_10000_0503": 4,
     "CF10_10000_0505": 3,
     "CF11_10000_0103": 1,
     "CF11_10000_0104": 1,
     "CF11_10000_0105": 1,
     "CF11_10000_0305": 1,
     "CF11_10000_0402": 1,
     "CF11_10000_0501": 6,
     "CF11_10000_0502": 5,
     "CF11_10000_0504": 2,
     "CF11_10000_0505": 2,
     "CF12_10000_0101": 1,
     "CF12_10000_0104": 1,
     "CF12_10000_0201": 1,
     "CF12_10000_0204": 2,
     "CF12_10000_0205": 3,
     "CF12_10000_0301": 1,
     "CF12_10000_0303": 1,
     "CF12_10000_0304": 2,
     "CF12_10000_0305": 2,
     "CF12_10000_0401": 3,
     "CF12_10000_0402": 4,
     "CF12_10000_0501": 1,
     "CF13_10000_0201": 1,
     "CF13_10000_0301": 1,
     "CG09_10000_0103": 2,
     "CG09_10000_0104": 2,
     "CG09_10000_0105": 3,
     "CG09_10000_0203": 1,
     "CG09_10000_0204": 1,
     "CG09_10000_0205": 3,
     "CG10_10000_0101": 2,
     "CG10_10000_0102": 4,
     "CG10_10000_0103": 4,
     "CG10_10000_0104": 7,
     "CG10_10000_0105": 7,
     "CG10_10000_0201": 2,
     "CG10_10000_0202": 7,
     "CG10_10000_0203": 8,
     "CG10_10000_0204": 4,
     "CG10_10000_0205": 3,
     "CG10_10000_0302": 1,
     "CG10_10000_0303": 2,
     "CG10_10000_0304": 5,
     "CG10_10000_0305": 2,
     "CG10_10000_0404": 2,
     "CG10_10000_0405": 2,
     "CG11_10000_0101": 1,
     "CG11_10000_0102": 1,
     "CG11_10000_0103": 2,
     "CG11_10000_0104": 1,
     "CG11_10000_0105": 1,
     "CG11_10000_0201": 2,
     "CG11_10000_0202": 3,
     "CG11_10000_0203": 3,
     "CG11_10000_0204": 3,
     "CG11_10000_0205": 3,
     "CG11_10000_0301": 3,
     "CG11_10000_0302": 2,
     "CG11_10000_0303": 1,
     "CG11_10000_0304": 2,
     "CG11_10000_0305": 5,
     "CG11_10000_0401": 2,
     "CG11_10000_0402": 2,
     "CG11_10000_0403": 2,
     "CG11_10000_0404": 1,
     "CG11_10000_0405": 5,
     "CG11_10000_0502": 1,
     "CG11_10000_0505": 2,
     "CG12_10000_0101": 2,
     "CG12_10000_0201": 3,
     "CG12_10000_0301": 1,
     "CG12_10000_0401": 3,
     "CG12_10000_0405": 1,
     "CG12_10000_0501": 2,
     "CG13_10000_0401": 2,
     "CG13_10000_0402": 1,
     "CG13_10000_0501": 1,
     "CG13_10000_0502": 1
    },
    "tile_scale": 10000,
    "n_features": 180,
    "failed": [],
    "layer_url": "https://maps.es.govt.nz/server/rest/services/Public/General/MapServer/27",
    "coverage": "tiles"
   },
   "geometry": {
    "type": "MultiPolygon",
    "coordinates": [
     [
      [
       [
        167.6894028033261,
        -46.10354939717634
       ],
       [
        167.6894028033261,
        -46.10644746941596
       ],
       [
        167.75124932686793,
        -46.10644746941596
       ],
       [
        167.75124932686793,
        -46.04478244171591
       ],
       [
        167.7573811093613,
        -46.04478244171591
       ],
       [
        167.7573811093613,
        -45.980251298678425
       ],
       [
        167.70178808230082,
        -45.980251298678425
       ],
       [
        167.70178808230082,
        -46.041924096481566
       ],
       [
        167.63384031530438,
        -46.041924096481566
       ],
       [
        167.63384031530438,
        -46.03903250472248
       ],
       [
        167.5720841200239,
        -46.03903250472248
       ],
       [
        167.5720841200239,
        -45.97159593340094
       ],
       [
        167.6400935316509,
        -45.97159593340094
       ],
       [
        167.6400935316509,
        -45.909994543512155
       ],
       [
        167.70794909705725,
        -45.909994543512155
       ],
       [
        167.70794909705725,
        -45.84834571998118
       ],
       [
        167.7756513971347,
        -45.84834571998118
       ],
       [
        167.7756513971347,
        -45.78664971667185
       ],
       [
        167.84320101135654,
        -45.78664971667185
       ],
       [
        167.84320101135654,
        -45.853991107827504
       ],
       [
        167.8372228207049,
        -45.853991107827504
       ],
       [
        167.8372228207049,
        -45.91853125868525
       ],
       [
        167.89287550544213,
        -45.91853125868525
       ],
       [
        167.89287550544213,
        -45.85676423050802
       ],
       [
        167.96039276421402,
        -45.85676423050802
       ],
       [
        167.96039276421402,
        -45.859504288744326
       ],
       [
        168.021991072401,
        -45.859504288744326
       ],
       [
        168.021991072401,
        -45.926769847732864
       ],
       [
        167.9545357818546,
        -45.926769847732864
       ],
       [
        167.9545357818546,
        -45.988607991586406
       ],
       [
        167.88692745068843,
        -45.988607991586406
       ],
       [
        167.88692745068843,
        -46.050399340257854
       ],
       [
        167.8191654943608,
        -46.050399340257854
       ],
       [
        167.8191654943608,
        -46.11214363960716
       ],
       [
        167.75124932686793,
        -46.11214363960716
       ],
       [
        167.75124932686793,
        -46.17384063457669
       ],
       [
        167.6831783607489,
        -46.17384063457669
       ],
       [
        167.6831783607489,
        -46.170969461281665
       ],
       [
        167.6212696437319,
        -46.170969461281665
       ],
       [
        167.6212696437319,
        -46.10354939717634
       ],
       [
        167.6894028033261,
        -46.10354939717634
       ]
      ]
     ],
     [
      [
       [
        167.671041999418,
        -45.65190199753202
       ],
       [
        167.6097088850506,
        -45.65190199753202
       ],
       [
        167.6097088850506,
        -45.58449605189466
       ],
       [
        167.61590536192924,
        -45.58449605189466
       ],
       [
        167.61590536192924,
        -45.5199745319396
       ],
       [
        167.62208084099746,
        -45.5199745319396
       ],
       [
        167.62208084099746,
        -45.45545162748471
       ],
       [
        167.68936015953042,
        -45.45545162748471
       ],
       [
        167.68936015953042,
        -45.3937874404005
       ],
       [
        167.75648978723774,
        -45.3937874404005
       ],
       [
        167.75648978723774,
        -45.3320766575209
       ],
       [
        167.82347028670344,
        -45.3320766575209
       ],
       [
        167.82347028670344,
        -45.334865486865276
       ],
       [
        167.88448420929623,
        -45.334865486865276
       ],
       [
        167.88448420929623,
        -45.27306973704558
       ],
       [
        167.95125623376532,
        -45.27306973704558
       ],
       [
        167.95125623376532,
        -45.34034576052587
       ],
       [
        167.94550690178377,
        -45.34034576052587
       ],
       [
        167.94550690178377,
        -45.40490266666541
       ],
       [
        167.93973806792386,
        -45.40490266666541
       ],
       [
        167.93973806792386,
        -45.46945826441625
       ],
       [
        167.93394965115772,
        -45.46945826441625
       ],
       [
        167.93394965115772,
        -45.534012551216414
       ],
       [
        167.92814156998224,
        -45.534012551216414
       ],
       [
        167.92814156998224,
        -45.59856552449287
       ],
       [
        167.86101402460255,
        -45.59856552449287
       ],
       [
        167.86101402460255,
        -45.59581712374335
       ],
       [
        167.79972322369025,
        -45.59581712374335
       ],
       [
        167.79972322369025,
        -45.657575228948964
       ],
       [
        167.73238438098,
        -45.657575228948964
       ],
       [
        167.73238438098,
        -45.654755016688284
       ],
       [
        167.671041999418,
        -45.654755016688284
       ],
       [
        167.671041999418,
        -45.65190199753202
       ]
      ]
     ],
     [
      [
       [
        168.21826605894995,
        -46.38933006258125
       ],
       [
        168.16171359231996,
        -46.38933006258125
       ],
       [
        168.16171359231996,
        -46.38670894417019
       ],
       [
        168.0995148085164,
        -46.38670894417019
       ],
       [
        168.0995148085164,
        -46.38405410549039
       ],
       [
        168.03732485597726,
        -46.38405410549039
       ],
       [
        168.03732485597726,
        -46.38136555886326
       ],
       [
        167.97514384450938,
        -46.38136555886326
       ],
       [
        167.97514384450938,
        -46.314093900671686
       ],
       [
        167.98107012316206,
        -46.314093900671686
       ],
       [
        167.98107012316206,
        -46.24954316808678
       ],
       [
        168.0490121863966,
        -46.24954316808678
       ],
       [
        168.0490121863966,
        -46.25225323864034
       ],
       [
        168.11105711416613,
        -46.25225323864034
       ],
       [
        168.11105711416613,
        -46.19036566196802
       ],
       [
        168.05482588849645,
        -46.19036566196802
       ],
       [
        168.05482588849645,
        -46.187695127532045
       ],
       [
        167.9928619329082,
        -46.187695127532045
       ],
       [
        167.9928619329082,
        -46.18499112159079
       ],
       [
        167.9309069134853,
        -46.18499112159079
       ],
       [
        167.9309069134853,
        -46.11770642364456
       ],
       [
        167.93684444129727,
        -46.11770642364456
       ],
       [
        167.93684444129727,
        -46.053157867762245
       ],
       [
        168.00457331641655,
        -46.053157867762245
       ],
       [
        168.00457331641655,
        -45.99132712428341
       ],
       [
        168.0721481540353,
        -45.99132712428341
       ],
       [
        168.0721481540353,
        -45.9940130202568
       ],
       [
        168.1339059642747,
        -45.9940130202568
       ],
       [
        168.1339059642747,
        -46.06123361153016
       ],
       [
        168.06639378863366,
        -46.06123361153016
       ],
       [
        168.06639378863366,
        -46.12313571910408
       ],
       [
        168.12252061097792,
        -46.12313571910408
       ],
       [
        168.12252061097792,
        -46.12580027726699
       ],
       [
        168.18443017655588,
        -46.12580027726699
       ],
       [
        168.18443017655588,
        -46.19300271257307
       ],
       [
        168.24077028834728,
        -46.19300271257307
       ],
       [
        168.24077028834728,
        -46.131029153076426
       ],
       [
        168.30827492286494,
        -46.131029153076426
       ],
       [
        168.30827492286494,
        -46.069009338824124
       ],
       [
        168.25190729566214,
        -46.069009338824124
       ],
       [
        168.25190729566214,
        -46.001871165296876
       ],
       [
        168.2574473060037,
        -46.001871165296876
       ],
       [
        168.2574473060037,
        -45.93729029619679
       ],
       [
        168.26296842753553,
        -45.93729029619679
       ],
       [
        168.26296842753553,
        -45.87270817999543
       ],
       [
        168.2068380701314,
        -45.87270817999543
       ],
       [
        168.2068380701314,
        -45.87013362892521
       ],
       [
        168.1452138315266,
        -45.87013362892521
       ],
       [
        168.1452138315266,
        -45.93209644662033
       ],
       [
        168.0778829070775,
        -45.93209644662033
       ],
       [
        168.0778829070775,
        -45.86488516192368
       ],
       [
        168.1452138315266,
        -45.86488516192368
       ],
       [
        168.1452138315266,
        -45.802954186475674
       ],
       [
        168.1508389112258,
        -45.802954186475674
       ],
       [
        168.1508389112258,
        -45.738381151656355
       ],
       [
        168.09497031413383,
        -45.738381151656355
       ],
       [
        168.09497031413383,
        -45.67118374332928
       ],
       [
        168.10062743740843,
        -45.67118374332928
       ],
       [
        168.10062743740843,
        -45.60661404523608
       ],
       [
        168.16759969918928,
        -45.60661404523608
       ],
       [
        168.16759969918928,
        -45.67380685016714
       ],
       [
        168.1620317652669,
        -45.67380685016714
       ],
       [
        168.1620317652669,
        -45.738381151656355
       ],
       [
        168.21792787674073,
        -45.738381151656355
       ],
       [
        168.21792787674073,
        -45.740977172800086
       ],
       [
        168.27941925152845,
        -45.740977172800086
       ],
       [
        168.27941925152845,
        -45.80812481895986
       ],
       [
        168.3355245141967,
        -45.80812481895986
       ],
       [
        168.3355245141967,
        -45.74607026760637
       ],
       [
        168.3409188813005,
        -45.74607026760637
       ],
       [
        168.3409188813005,
        -45.681478762368656
       ],
       [
        168.4077323321114,
        -45.681478762368656
       ],
       [
        168.4077323321114,
        -45.68397022484456
       ],
       [
        168.46917776198705,
        -45.68397022484456
       ],
       [
        168.46917776198705,
        -45.75103135522675
       ],
       [
        168.5254662439021,
        -45.75103135522675
       ],
       [
        168.5254662439021,
        -45.75346236794249
       ],
       [
        168.5869978365481,
        -45.75346236794249
       ],
       [
        168.5869978365481,
        -45.75586034507813
       ],
       [
        168.64853715520783,
        -45.75586034507813
       ],
       [
        168.64853715520783,
        -45.693606565060485
       ],
       [
        168.71503747338951,
        -45.693606565060485
       ],
       [
        168.71503747338951,
        -45.76055714894777
       ],
       [
        168.64853715520783,
        -45.76055714894777
       ],
       [
        168.64853715520783,
        -45.82284282105758
       ],
       [
        168.6434961076376,
        -45.82284282105758
       ],
       [
        168.6434961076376,
        -45.887459199285466
       ],
       [
        168.70012654509642,
        -45.887459199285466
       ],
       [
        168.70012654509642,
        -45.889801549516704
       ],
       [
        168.76182282448798,
        -45.889801549516704
       ],
       [
        168.76182282448798,
        -45.892110684041235
       ],
       [
        168.82352657403115,
        -45.892110684041235
       ],
       [
        168.82352657403115,
        -45.95901734864777
       ],
       [
        168.88044729222182,
        -45.95901734864777
       ],
       [
        168.88044729222182,
        -46.02589972109372
       ],
       [
        168.87564050356278,
        -46.02589972109372
       ],
       [
        168.87564050356278,
        -46.09053326268733
       ],
       [
        168.8708172511688,
        -46.09053326268733
       ],
       [
        168.8708172511688,
        -46.15516567728003
       ],
       [
        168.92798276387336,
        -46.15516567728003
       ],
       [
        168.92798276387336,
        -46.09275760102663
       ],
       [
        168.99469089103678,
        -46.09275760102663
       ],
       [
        168.99469089103678,
        -46.03030502637493
       ],
       [
        168.9993704050974,
        -46.03030502637493
       ],
       [
        168.9993704050974,
        -45.96566049138721
       ],
       [
        169.00403394272593,
        -45.96566049138721
       ],
       [
        169.00403394272593,
        -45.90101485551456
       ],
       [
        169.07041412874472,
        -45.90101485551456
       ],
       [
        169.07041412874472,
        -45.96780820278384
       ],
       [
        169.06583792793168,
        -45.96780820278384
       ],
       [
        169.06583792793168,
        -46.03245756012368
       ],
       [
        169.1231287090128,
        -46.03245756012368
       ],
       [
        169.1231287090128,
        -46.034576668004014
       ],
       [
        169.18501824079326,
        -46.034576668004014
       ],
       [
        169.18501824079326,
        -46.101320049126585
       ],
       [
        169.18055455897124,
        -46.101320049126585
       ],
       [
        169.18055455897124,
        -46.16597668697807
       ],
       [
        169.11404184436017,
        -46.16597668697807
       ],
       [
        169.11404184436017,
        -46.16388163572578
       ],
       [
        169.05201506271658,
        -46.16388163572578
       ],
       [
        169.05201506271658,
        -46.16175299920944
       ],
       [
        168.98999533278075,
        -46.16175299920944
       ],
       [
        168.98999533278075,
        -46.15959078727284
       ],
       [
        168.92798276387336,
        -46.15959078727284
       ],
       [
        168.92798276387336,
        -46.222031301665716
       ],
       [
        168.86112107553868,
        -46.222031301665716
       ],
       [
        168.86112107553868,
        -46.28442711856858
       ],
       [
        168.85624801144024,
        -46.28442711856858
       ],
       [
        168.85624801144024,
        -46.34905614180055
       ],
       [
        168.85135820187622,
        -46.34905614180055
       ],
       [
        168.85135820187622,
        -46.413684031103756
       ],
       [
        168.84645157535817,
        -46.413684031103756
       ],
       [
        168.84645157535817,
        -46.478310784729096
       ],
       [
        168.84152805996908,
        -46.478310784729096
       ],
       [
        168.84152805996908,
        -46.5429364009205
       ],
       [
        168.8365875833602,
        -46.5429364009205
       ],
       [
        168.8365875833602,
        -46.607560877914814
       ],
       [
        168.76912075280714,
        -46.607560877914814
       ],
       [
        168.76912075280714,
        -46.60526218474171
       ],
       [
        168.70661914839442,
        -46.60526218474171
       ],
       [
        168.70661914839442,
        -46.53831533327317
       ],
       [
        168.649304204048,
        -46.53831533327317
       ],
       [
        168.649304204048,
        -46.53595383085484
       ],
       [
        168.58689207395147,
        -46.53595383085484
       ],
       [
        168.58689207395147,
        -46.59816177573304
       ],
       [
        168.51916175039827,
        -46.59816177573304
       ],
       [
        168.51916175039827,
        -46.53112894394441
       ],
       [
        168.46209197799686,
        -46.53112894394441
       ],
       [
        168.46209197799686,
        -46.528665581966315
       ],
       [
        168.3997042350609,
        -46.528665581966315
       ],
       [
        168.3997042350609,
        -46.52616828957511
       ],
       [
        168.33732484394486,
        -46.52616828957511
       ],
       [
        168.33732484394486,
        -46.45905470353681
       ],
       [
        168.28055516976804,
        -46.45905470353681
       ],
       [
        168.28055516976804,
        -46.45649533042436
       ],
       [
        168.21826605894995,
        -46.45649533042436
       ],
       [
        168.21826605894995,
        -46.38933006258125
       ]
      ],
      [
       [
        168.3647759135383,
        -46.26530015631099
       ],
       [
        168.42141091856905,
        -46.26530015631099
       ],
       [
        168.42141091856905,
        -46.20321583547327
       ],
       [
        168.48881467727136,
        -46.20321583547327
       ],
       [
        168.48881467727136,
        -46.205685287343925
       ],
       [
        168.55084621374272,
        -46.205685287343925
       ],
       [
        168.55084621374272,
        -46.143516050965296
       ],
       [
        168.61803115528855,
        -46.143516050965296
       ],
       [
        168.61803115528855,
        -46.210523516025155
       ],
       [
        168.61288570784887,
        -46.210523516025155
       ],
       [
        168.61288570784887,
        -46.27513285095004
       ],
       [
        168.66984240551682,
        -46.27513285095004
       ],
       [
        168.66984240551682,
        -46.21289227046394
       ],
       [
        168.736988132124,
        -46.21289227046394
       ],
       [
        168.736988132124,
        -46.21522743697479
       ],
       [
        168.79905084365285,
        -46.21522743697479
       ],
       [
        168.79905084365285,
        -46.15290279967687
       ],
       [
        168.7419891153146,
        -46.15290279967687
       ],
       [
        168.7419891153146,
        -46.08598418573107
       ],
       [
        168.80889139921038,
        -46.08598418573107
       ],
       [
        168.80889139921038,
        -46.02364696985145
       ],
       [
        168.75193987072026,
        -46.02364696985145
       ],
       [
        168.75193987072026,
        -46.021360833320905
       ],
       [
        168.69010080042474,
        -46.021360833320905
       ],
       [
        168.69010080042474,
        -46.01904132202604
       ],
       [
        168.62826937157521,
        -46.01904132202604
       ],
       [
        168.62826937157521,
        -45.952074408453335
       ],
       [
        168.5716100607403,
        -45.952074408453335
       ],
       [
        168.5716100607403,
        -45.94969352266599
       ],
       [
        168.509865656977,
        -45.94969352266599
       ],
       [
        168.509865656977,
        -45.88267489481421
       ],
       [
        168.45341826988408,
        -45.88267489481421
       ],
       [
        168.45341826988408,
        -45.815632760924935
       ],
       [
        168.39710289047858,
        -45.815632760924935
       ],
       [
        168.39710289047858,
        -45.81316319657606
       ],
       [
        168.3355245141967,
        -45.81316319657606
       ],
       [
        168.3355245141967,
        -45.875249593681644
       ],
       [
        168.33011173388218,
        -45.875249593681644
       ],
       [
        168.33011173388218,
        -45.93983741013243
       ],
       [
        168.38640075085488,
        -45.93983741013243
       ],
       [
        168.38640075085488,
        -46.00694352300389
       ],
       [
        168.38102222764473,
        -46.00694352300389
       ],
       [
        168.38102222764473,
        -46.07153452158431
       ],
       [
        168.43749667686404,
        -46.07153452158431
       ],
       [
        168.43749667686404,
        -46.07402632167374
       ],
       [
        168.4993761614505,
        -46.07402632167374
       ],
       [
        168.4993761614505,
        -46.14108560839714
       ],
       [
        168.43215310102275,
        -46.14108560839714
       ],
       [
        168.43215310102275,
        -46.138621685879286
       ],
       [
        168.37020988713635,
        -46.138621685879286
       ],
       [
        168.37020988713635,
        -46.20071284041794
       ],
       [
        168.3647759135383,
        -46.20071284041794
       ],
       [
        168.3647759135383,
        -46.26530015631099
       ]
      ]
     ],
     [
      [
       [
        168.5460206570944,
        -45.49261373257292
       ],
       [
        168.5460206570944,
        -45.49502305483446
       ],
       [
        168.60727183508305,
        -45.49502305483446
       ],
       [
        168.60727183508305,
        -45.56201657132261
       ],
       [
        168.54090823009813,
        -45.56201657132261
       ],
       [
        168.54090823009813,
        -45.55963466052786
       ],
       [
        168.47959503697416,
        -45.55963466052786
       ],
       [
        168.47959503697416,
        -45.49261373257292
       ],
       [
        168.5460206570944,
        -45.49261373257292
       ]
      ]
     ],
     [
      [
       [
        169.0817422596795,
        -46.551770488654135
       ],
       [
        169.02393909795558,
        -46.551770488654135
       ],
       [
        169.02393909795558,
        -46.4849724161479
       ],
       [
        169.0910501577402,
        -46.4849724161479
       ],
       [
        169.0910501577402,
        -46.48712506898403
       ],
       [
        169.15344869108995,
        -46.48712506898403
       ],
       [
        169.15344869108995,
        -46.48924375946568
       ],
       [
        169.2158542045024,
        -46.48924375946568
       ],
       [
        169.2158542045024,
        -46.55598334363244
       ],
       [
        169.21135572284766,
        -46.55598334363244
       ],
       [
        169.21135572284766,
        -46.620637139214466
       ],
       [
        169.14428847042643,
        -46.620637139214466
       ],
       [
        169.14428847042643,
        -46.618543039664
       ],
       [
        169.0817422596795,
        -46.618543039664
       ],
       [
        169.0817422596795,
        -46.551770488654135
       ]
      ]
     ]
    ]
   }
  },
  {
   "type": "Feature",
   "properties": {
    "name": "es_stopbanks",
    "kind": "arcgis",
    "provides": [
     "stopbanks"
    ],
    "enabled": true,
    "checked": "2026-10-08T00:20:40+00:00",
    "url": "https://maps.es.govt.nz/server/rest/services/Public/General/MapServer/28",
    "extent": [
     167.61164415438338,
     -46.5656154494128,
     169.0074706165172,
     -45.34338833684899
    ],
    "sheets": {
     "CD08": 16,
     "CD09": 1,
     "CD10": 2,
     "CD11": 12,
     "CD12": 1,
     "CE09": 8,
     "CE10": 39,
     "CE11": 9,
     "CE12": 12,
     "CF08": 5,
     "CF09": 24,
     "CF10": 43,
     "CF11": 3,
     "CF12": 15,
     "CG09": 7,
     "CG10": 107,
     "CG11": 6,
     "CG12": 6
    },
    "tiles": {
     "CD08_10000_0204": 1,
     "CD08_10000_0205": 3,
     "CD08_10000_0303": 4,
     "CD08_10000_0304": 4,
     "CD08_10000_0305": 3,
     "CD08_10000_0403": 4,
     "CD08_10000_0503": 1,
     "CD09_10000_0201": 1,
     "CD10_10000_0305": 2,
     "CD10_10000_0405": 2,
     "CD11_10000_0401": 12,
     "CD11_10000_0402": 1,
     "CD12_10000_0502": 1,
     "CE09_10000_0105": 3,
     "CE09_10000_0404": 1,
     "CE09_10000_0405": 1,
     "CE09_10000_0504": 4,
     "CE10_10000_0101": 3,
     "CE10_10000_0102": 4,
     "CE10_10000_0103": 4,
     "CE10_10000_0104": 7,
     "CE10_10000_0203": 6,
     "CE10_10000_0204": 8,
     "CE10_10000_0303": 3,
     "CE10_10000_0304": 4,
     "CE10_10000_0403": 6,
     "CE10_10000_0503": 5,
     "CE11_10000_0102": 1,
     "CE11_10000_0103": 1,
     "CE11_10000_0203": 7,
     "CE11_10000_0205": 1,
     "CE11_10000_0302": 1,
     "CE11_10000_0303": 3,
     "CE12_10000_0101": 7,
     "CE12_10000_0102": 4,
     "CE12_10000_0201": 6,
     "CF08_10000_0402": 3,
     "CF08_10000_0502": 2,
     "CF09_10000_0104": 3,
     "CF09_10000_0204": 4,
     "CF09_10000_0303": 3,
     "CF09_10000_0304": 3,
     "CF09_10000_0402": 8,
     "CF09_10000_0403": 15,
     "CF09_10000_0503": 1,
     "CF09_10000_0504": 1,
     "CF10_10000_0102": 2,
     "CF10_10000_0103": 6,
     "CF10_10000_0202": 10,
     "CF10_10000_0203": 6,
     "CF10_10000_0205": 4,
     "CF10_10000_0302": 7,
     "CF10_10000_0303": 3,
     "CF10_10000_0304": 4,
     "CF10_10000_0402": 7,
     "CF10_10000_0502": 12,
     "CF10_10000_0503": 2,
     "CF11_10000_0401": 3,
     "CF12_10000_0203": 3,
     "CF12_10000_0303": 7,
     "CF12_10000_0401": 2,
     "CF12_10000_0402": 6,
     "CG09_10000_0103": 3,
     "CG09_10000_0104": 5,
     "CG09_10000_0203": 1,
     "CG10_10000_0102": 14,
     "CG10_10000_0201": 1,
     "CG10_10000_0202": 23,
     "CG10_10000_0203": 11,
     "CG10_10000_0204": 7,
     "CG10_10000_0205": 5,
     "CG10_10000_0302": 8,
     "CG10_10000_0303": 10,
     "CG10_10000_0304": 43,
     "CG10_10000_0404": 1,
     "CG11_10000_0305": 3,
     "CG11_10000_0405": 4,
     "CG11_10000_0505": 1,
     "CG12_10000_0101": 5,
     "CG12_10000_0102": 2
    },
    "tile_scale": 10000,
    "n_features": 316,
    "failed": [],
    "layer_url": "https://maps.es.govt.nz/server/rest/services/Public/General/MapServer/28",
    "coverage": "tiles"
   },
   "geometry": {
    "type": "MultiPolygon",
    "coordinates": [
     [
      [
       [
        168.16171359231996,
        -46.32214147405914
       ],
       [
        168.2295567604101,
        -46.32214147405914
       ],
       [
        168.2295567604101,
        -46.26018212500191
       ],
       [
        168.23517313008054,
        -46.26018212500191
       ],
       [
        168.23517313008054,
        -46.19560626717289
       ],
       [
        168.24077028834728,
        -46.19560626717289
       ],
       [
        168.24077028834728,
        -46.131029153076426
       ],
       [
        168.24634831657906,
        -46.131029153076426
       ],
       [
        168.24634831657906,
        -46.066450785018944
       ],
       [
        168.25190729566214,
        -46.066450785018944
       ],
       [
        168.25190729566214,
        -46.001871165296876
       ],
       [
        168.2574473060037,
        -46.001871165296876
       ],
       [
        168.2574473060037,
        -45.93729029619679
       ],
       [
        168.32468046282,
        -45.93729029619679
       ],
       [
        168.32468046282,
        -45.875249593681644
       ],
       [
        168.33011173388218,
        -45.875249593681644
       ],
       [
        168.33011173388218,
        -45.8106605454403
       ],
       [
        168.3355245141967,
        -45.8106605454403
       ],
       [
        168.3355245141967,
        -45.74607026760637
       ],
       [
        168.3409188813005,
        -45.74607026760637
       ],
       [
        168.3409188813005,
        -45.681478762368656
       ],
       [
        168.28486560774738,
        -45.681478762368656
       ],
       [
        168.28486560774738,
        -45.67895437140652
       ],
       [
        168.2234445237139,
        -45.67895437140652
       ],
       [
        168.2234445237139,
        -45.67639706345727
       ],
       [
        168.1620317652669,
        -45.67639706345727
       ],
       [
        168.1620317652669,
        -45.60923128436644
       ],
       [
        168.22894243806198,
        -45.60923128436644
       ],
       [
        168.22894243806198,
        -45.61181570299506
       ],
       [
        168.29029346780138,
        -45.61181570299506
       ],
       [
        168.29029346780138,
        -45.614367289375295
       ],
       [
        168.3516526837456,
        -45.614367289375295
       ],
       [
        168.3516526837456,
        -45.61688603190692
       ],
       [
        168.41301998114344,
        -45.61688603190692
       ],
       [
        168.41301998114344,
        -45.61937191913615
       ],
       [
        168.4743952551555,
        -45.61937191913615
       ],
       [
        168.4743952551555,
        -45.68642874748235
       ],
       [
        168.46917776198705,
        -45.68642874748235
       ],
       [
        168.46917776198705,
        -45.75103135522675
       ],
       [
        168.46394248323838,
        -45.75103135522675
       ],
       [
        168.46394248323838,
        -45.815632760924935
       ],
       [
        168.39710289047858,
        -45.815632760924935
       ],
       [
        168.39710289047858,
        -45.87775785834715
       ],
       [
        168.39176094613265,
        -45.87775785834715
       ],
       [
        168.39176094613265,
        -45.9423513012058
       ],
       [
        168.38640075085488,
        -45.9423513012058
       ],
       [
        168.38640075085488,
        -46.00694352300389
       ],
       [
        168.38102222764473,
        -46.00694352300389
       ],
       [
        168.38102222764473,
        -46.07153452158431
       ],
       [
        168.43749667686404,
        -46.07153452158431
       ],
       [
        168.43749667686404,
        -46.0094297449727
       ],
       [
        168.50462986978962,
        -46.0094297449727
       ],
       [
        168.50462986978962,
        -46.076484727617576
       ],
       [
        168.43749667686404,
        -46.076484727617576
       ],
       [
        168.43749667686404,
        -46.138621685879286
       ],
       [
        168.37020988713635,
        -46.138621685879286
       ],
       [
        168.37020988713635,
        -46.1361242947808
       ],
       [
        168.30827492286494,
        -46.1361242947808
       ],
       [
        168.30827492286494,
        -46.198176313744824
       ],
       [
        168.3647759135383,
        -46.198176313744824
       ],
       [
        168.3647759135383,
        -46.26530015631099
       ],
       [
        168.29724400014544,
        -46.26530015631099
       ],
       [
        168.29724400014544,
        -46.327338316971286
       ],
       [
        168.3538519654062,
        -46.327338316971286
       ],
       [
        168.3538519654062,
        -46.329886240265836
       ],
       [
        168.41601215583603,
        -46.329886240265836
       ],
       [
        168.41601215583603,
        -46.33240048231741
       ],
       [
        168.47818059180904,
        -46.33240048231741
       ],
       [
        168.47818059180904,
        -46.39947709248306
       ],
       [
        168.4105948405741,
        -46.39947709248306
       ],
       [
        168.4105948405741,
        -46.46158024509676
       ],
       [
        168.40515889355135,
        -46.46158024509676
       ],
       [
        168.40515889355135,
        -46.52616828957511
       ],
       [
        168.33732484394486,
        -46.52616828957511
       ],
       [
        168.33732484394486,
        -46.45905470353681
       ],
       [
        168.28055516976804,
        -46.45905470353681
       ],
       [
        168.28055516976804,
        -46.45649533042436
       ],
       [
        168.21826605894995,
        -46.45649533042436
       ],
       [
        168.21826605894995,
        -46.38933006258125
       ],
       [
        168.16171359231996,
        -46.38933006258125
       ],
       [
        168.16171359231996,
        -46.32214147405914
       ]
      ]
     ],
     [
      [
       [
        167.98697612397567,
        -46.24954316808678
       ],
       [
        167.98697612397567,
        -46.18499112159079
       ],
       [
        167.9309069134853,
        -46.18499112159079
       ],
       [
        167.9309069134853,
        -46.11770642364456
       ],
       [
        167.99872763540787,
        -46.11770642364456
       ],
       [
        167.99872763540787,
        -46.0558830971359
       ],
       [
        168.06639378863366,
        -46.0558830971359
       ],
       [
        168.06639378863366,
        -45.9940130202568
       ],
       [
        168.0721481540353,
        -45.9940130202568
       ],
       [
        168.0721481540353,
        -45.92944973479371
       ],
       [
        168.0778829070775,
        -45.92944973479371
       ],
       [
        168.0778829070775,
        -45.86488516192368
       ],
       [
        168.0835981302116,
        -45.86488516192368
       ],
       [
        168.0835981302116,
        -45.80031930409775
       ],
       [
        168.1508389112258,
        -45.80031930409775
       ],
       [
        168.1508389112258,
        -45.802954186475674
       ],
       [
        168.21239241856162,
        -45.802954186475674
       ],
       [
        168.21239241856162,
        -45.87013362892521
       ],
       [
        168.1452138315266,
        -45.87013362892521
       ],
       [
        168.1452138315266,
        -45.93209644662033
       ],
       [
        168.139569542868,
        -45.93209644662033
       ],
       [
        168.139569542868,
        -45.996665667177986
       ],
       [
        168.1339059642747,
        -45.996665667177986
       ],
       [
        168.1339059642747,
        -46.06123361153016
       ],
       [
        168.12822301429108,
        -46.06123361153016
       ],
       [
        168.12822301429108,
        -46.12580027726699
       ],
       [
        168.060619727932,
        -46.12580027726699
       ],
       [
        168.060619727932,
        -46.187695127532045
       ],
       [
        168.1167986719087,
        -46.187695127532045
       ],
       [
        168.1167986719087,
        -46.254929763202085
       ],
       [
        168.11105711416613,
        -46.254929763202085
       ],
       [
        168.11105711416613,
        -46.319492578527175
       ],
       [
        168.04317853720175,
        -46.319492578527175
       ],
       [
        168.04317853720175,
        -46.38136555886326
       ],
       [
        167.97514384450938,
        -46.38136555886326
       ],
       [
        167.97514384450938,
        -46.314093900671686
       ],
       [
        167.98107012316206,
        -46.314093900671686
       ],
       [
        167.98107012316206,
        -46.24954316808678
       ],
       [
        167.98697612397567,
        -46.24954316808678
       ]
      ]
     ],
     [
      [
       [
        167.61495200709044,
        -46.168064893605276
       ],
       [
        167.6212696437319,
        -46.168064893605276
       ],
       [
        167.6212696437319,
        -46.10354939717634
       ],
       [
        167.6894028033261,
        -46.10354939717634
       ],
       [
        167.6894028033261,
        -46.170969461281665
       ],
       [
        167.6831783607489,
        -46.170969461281665
       ],
       [
        167.6831783607489,
        -46.235490069187236
       ],
       [
        167.61495200709044,
        -46.235490069187236
       ],
       [
        167.61495200709044,
        -46.168064893605276
       ]
      ]
     ],
     [
      [
       [
        167.74447797549558,
        -45.525687737162556
       ],
       [
        167.74447797549558,
        -45.46115206256542
       ],
       [
        167.7504940617373,
        -45.46115206256542
       ],
       [
        167.7504940617373,
        -45.39661503510102
       ],
       [
        167.81756367264785,
        -45.39661503510102
       ],
       [
        167.81756367264785,
        -45.334865486865276
       ],
       [
        167.88448420929623,
        -45.334865486865276
       ],
       [
        167.88448420929623,
        -45.337621858675
       ],
       [
        167.94550690178377,
        -45.337621858675
       ],
       [
        167.94550690178377,
        -45.34034576052587
       ],
       [
        168.00653826174755,
        -45.34034576052587
       ],
       [
        168.00653826174755,
        -45.40760011809772
       ],
       [
        167.93973806792386,
        -45.40760011809772
       ],
       [
        167.93973806792386,
        -45.46945826441625
       ],
       [
        167.872788910663,
        -45.46945826441625
       ],
       [
        167.872788910663,
        -45.466722140742334
       ],
       [
        167.81163701313605,
        -45.466722140742334
       ],
       [
        167.81163701313605,
        -45.52849535373414
       ],
       [
        167.80569022477698,
        -45.52849535373414
       ],
       [
        167.80569022477698,
        -45.59303596341489
       ],
       [
        167.73844144368508,
        -45.59303596341489
       ],
       [
        167.73844144368508,
        -45.525687737162556
       ],
       [
        167.74447797549558,
        -45.525687737162556
       ]
      ]
     ],
     [
      [
       [
        168.7117242401226,
        -46.53831533327317
       ],
       [
        168.7117242401226,
        -46.47370007363961
       ],
       [
        168.71681179464656,
        -46.47370007363961
       ],
       [
        168.71681179464656,
        -46.40908365232876
       ],
       [
        168.78416292258171,
        -46.40908365232876
       ],
       [
        168.78416292258171,
        -46.476022384472216
       ],
       [
        168.77916610246248,
        -46.476022384472216
       ],
       [
        168.77916610246248,
        -46.54064286025072
       ],
       [
        168.77415207048608,
        -46.54064286025072
       ],
       [
        168.77415207048608,
        -46.60526218474171
       ],
       [
        168.70661914839442,
        -46.60526218474171
       ],
       [
        168.70661914839442,
        -46.53831533327317
       ],
       [
        168.7117242401226,
        -46.53831533327317
       ]
      ]
     ],
     [
      [
       [
        168.85624801144024,
        -46.28215406756528
       ],
       [
        168.85624801144024,
        -46.28442711856858
       ],
       [
        168.91839824485893,
        -46.28442711856858
       ],
       [
        168.91839824485893,
        -46.351300527063664
       ],
       [
        168.85135820187622,
        -46.351300527063664
       ],
       [
        168.85135820187622,
        -46.34905614180055
       ],
       [
        168.7891426042481,
        -46.34905614180055
       ],
       [
        168.7891426042481,
        -46.28215406756528
       ],
       [
        168.85624801144024,
        -46.28215406756528
       ]
      ]
     ],
     [
      [
       [
        168.79905084365285,
        -46.15290279967687
       ],
       [
        168.8659774652346,
        -46.15290279967687
       ],
       [
        168.8659774652346,
        -46.15516567728003
       ],
       [
        168.92798276387336,
        -46.15516567728003
       ],
       [
        168.92798276387336,
        -46.09275760102663
       ],
       [
        168.93275045134513,
        -46.09275760102663
       ],
       [
        168.93275045134513,
        -46.0281190766752
       ],
       [
        168.9993704050974,
        -46.0281190766752
       ],
       [
        168.9993704050974,
        -46.09494845887354
       ],
       [
        168.99469089103678,
        -46.09494845887354
       ],
       [
        168.99469089103678,
        -46.15959078727284
       ],
       [
        168.92798276387336,
        -46.15959078727284
       ],
       [
        168.92798276387336,
        -46.222031301665716
       ],
       [
        168.86112107553868,
        -46.222031301665716
       ],
       [
        168.86112107553868,
        -46.21979696314997
       ],
       [
        168.79905084365285,
        -46.21979696314997
       ],
       [
        168.79905084365285,
        -46.15290279967687
       ]
      ]
     ],
     [
      [
       [
        168.48881467727136,
        -46.14108560839714
       ],
       [
        168.55606384369776,
        -46.14108560839714
       ],
       [
        168.55606384369776,
        -46.208121184615266
       ],
       [
        168.48881467727136,
        -46.208121184615266
       ],
       [
        168.48881467727136,
        -46.14108560839714
       ]
      ]
     ],
     [
      [
       [
        168.64853715520783,
        -45.693606565060485
       ],
       [
        168.59209223032857,
        -45.693606565060485
       ],
       [
        168.59209223032857,
        -45.62663233667347
       ],
       [
        168.65856788718366,
        -45.62663233667347
       ],
       [
        168.65856788718366,
        -45.62898669109188
       ],
       [
        168.71997401753367,
        -45.62898669109188
       ],
       [
        168.71997401753367,
        -45.69593321777775
       ],
       [
        168.71503747338951,
        -45.69593321777775
       ],
       [
        168.71503747338951,
        -45.76055714894777
       ],
       [
        168.71008409382776,
        -45.76055714894777
       ],
       [
        168.71008409382776,
        -45.82517992681051
       ],
       [
        168.6434961076376,
        -45.82517992681051
       ],
       [
        168.6434961076376,
        -45.82284282105758
       ],
       [
        168.581886059185,
        -45.82284282105758
       ],
       [
        168.581886059185,
        -45.75586034507813
       ],
       [
        168.64853715520783,
        -45.75586034507813
       ],
       [
        168.64853715520783,
        -45.693606565060485
       ]
      ]
     ],
     [
      [
       [
        168.83801264591074,
        -45.6982268761119
       ],
       [
        168.83801264591074,
        -45.63585225000362
       ],
       [
        168.9042366939212,
        -45.63585225000362
       ],
       [
        168.9042366939212,
        -45.57343351718084
       ],
       [
        168.9703112755904,
        -45.57343351718084
       ],
       [
        168.9703112755904,
        -45.64026459845814
       ],
       [
        168.96567199641186,
        -45.64026459845814
       ],
       [
        168.96567199641186,
        -45.70490978090674
       ],
       [
        168.89951119121525,
        -45.70490978090674
       ],
       [
        168.89951119121525,
        -45.767354318917725
       ],
       [
        168.83320040631583,
        -45.767354318917725
       ],
       [
        168.83320040631583,
        -45.765121680998206
       ],
       [
        168.77163854627045,
        -45.765121680998206
       ],
       [
        168.77163854627045,
        -45.6982268761119
       ],
       [
        168.83801264591074,
        -45.6982268761119
       ]
      ]
     ],
     [
      [
       [
        168.47959503697416,
        -45.49261373257292
       ],
       [
        168.48477718123794,
        -45.49261373257292
       ],
       [
        168.48477718123794,
        -45.42800633720358
       ],
       [
        168.55111575424235,
        -45.42800633720358
       ],
       [
        168.55111575424235,
        -45.49502305483446
       ],
       [
        168.60727183508305,
        -45.49502305483446
       ],
       [
        168.60727183508305,
        -45.497399634457246
       ],
       [
        168.66853061096774,
        -45.497399634457246
       ],
       [
        168.66853061096774,
        -45.56436565566465
       ],
       [
        168.602229157531,
        -45.56436565566465
       ],
       [
        168.602229157531,
        -45.56201657132261
       ],
       [
        168.54090823009813,
        -45.56201657132261
       ],
       [
        168.54090823009813,
        -45.55963466052786
       ],
       [
        168.47959503697416,
        -45.55963466052786
       ],
       [
        168.47959503697416,
        -45.49261373257292
       ]
      ]
     ]
    ]
   }
  },
  {
   "type": "Feature",
   "properties": {
    "name": "auckland_channels",
    "kind": "arcgis",
    "provides": [
     "channels"
    ],
    "enabled": true,
    "checked": "2026-10-08T00:20:46+00:00",
    "url": "6c4196567eae4cd48f1c071911fe4105_0",
    "extent": [
     174.33127153458636,
     -37.26585693992928,
     175.28176889907309,
     -36.15463031590824
    ],
    "sheets": {
     "AY31": 62,
     "AY32": 22,
     "AZ30": 33,
     "AZ31": 454,
     "AZ32": 64,
     "BA30": 165,
     "BA31": 5668,
     "BA32": 2222,
     "BA33": 55,
     "BB30": 20,
     "BB31": 206,
     "BB32": 1666,
     "BB33": 65
    },
    "tiles": {
     "AY31_10000_0303": 2,
     "AY31_10000_0402": 12,
     "AY31_10000_0403": 26,
     "AY31_10000_0501": 2,
     "AY31_10000_0502": 14,
     "AY31_10000_0503": 4,
     "AY31_10000_0505": 5,
     "AY32_10000_0501": 7,
     "AY32_10000_0502": 15,
     "AZ30_10000_0104": 8,
     "AZ30_10000_0405": 7,
     "AZ30_10000_0503": 16,
     "AZ30_10000_0504": 2,
     "AZ31_10000_0101": 1,
     "AZ31_10000_0105": 41,
     "AZ31_10000_0203": 2,
     "AZ31_10000_0204": 63,
     "AZ31_10000_0205": 42,
     "AZ31_10000_0305": 5,
     "AZ31_10000_0402": 17,
     "AZ31_10000_0403": 12,
     "AZ31_10000_0404": 4,
     "AZ31_10000_0405": 9,
     "AZ31_10000_0501": 26,
     "AZ31_10000_0502": 1,
     "AZ31_10000_0503": 55,
     "AZ31_10000_0504": 80,
     "AZ31_10000_0505": 100,
     "AZ32_10000_0101": 28,
     "AZ32_10000_0102": 5,
     "AZ32_10000_0301": 4,
     "AZ32_10000_0501": 20,
     "AZ32_10000_0502": 7,
     "BA30_10000_0105": 111,
     "BA30_10000_0205": 42,
     "BA30_10000_0405": 12,
     "BA31_10000_0101": 3,
     "BA31_10000_0102": 1,
     "BA31_10000_0103": 37,
     "BA31_10000_0104": 77,
     "BA31_10000_0105": 106,
     "BA31_10000_0201": 1,
     "BA31_10000_0203": 6,
     "BA31_10000_0204": 83,
     "BA31_10000_0205": 697,
     "BA31_10000_0301": 18,
     "BA31_10000_0302": 39,
     "BA31_10000_0303": 335,
     "BA31_10000_0304": 485,
     "BA31_10000_0305": 1035,
     "BA31_10000_0401": 7,
     "BA31_10000_0402": 99,
     "BA31_10000_0403": 716,
     "BA31_10000_0404": 111,
     "BA31_10000_0405": 183,
     "BA31_10000_0502": 41,
     "BA31_10000_0503": 567,
     "BA31_10000_0504": 820,
     "BA31_10000_0505": 280,
     "BA32_10000_0101": 47,
     "BA32_10000_0201": 238,
     "BA32_10000_0301": 370,
     "BA32_10000_0401": 115,
     "BA32_10000_0402": 64,
     "BA32_10000_0403": 49,
     "BA32_10000_0501": 57,
     "BA32_10000_0502": 137,
     "BA32_10000_0503": 467,
     "BA32_10000_0504": 525,
     "BA32_10000_0505": 162,
     "BA33_10000_0301": 2,
     "BA33_10000_0501": 53,
     "BB30_10000_0105": 20,
     "BB31_10000_0101": 2,
     "BB31_10000_0102": 50,
     "BB31_10000_0103": 83,
     "BB31_10000_0104": 50,
     "BB31_10000_0203": 2,
     "BB31_10000_0505": 20,
     "BB32_10000_0101": 105,
     "BB32_10000_0102": 304,
     "BB32_10000_0103": 606,
     "BB32_10000_0104": 130,
     "BB32_10000_0202": 25,
     "BB32_10000_0203": 63,
     "BB32_10000_0204": 156,
     "BB32_10000_0205": 19,
     "BB32_10000_0303": 13,
     "BB32_10000_0304": 47,
     "BB32_10000_0305": 7,
     "BB32_10000_0402": 15,
     "BB32_10000_0403": 2,
     "BB32_10000_0502": 1,
     "BB32_10000_0503": 203,
     "BB33_10000_0101": 18,
     "BB33_10000_0103": 20,
     "BB33_10000_0104": 19,
     "BB33_10000_0105": 8,
     "BB33_10000_0203": 2,
     "BB33_10000_0204": 2,
     "BB33_10000_0205": 1
    },
    "tile_scale": 10000,
    "n_features": 10702,
    "failed": [],
    "layer_url": "https://services1.arcgis.com/n4yPwebTjJCmXB6W/arcgis/rest/services/Stormwater_Channel/FeatureServer/0",
    "coverage": "tiles"
   },
   "geometry": {
    "type": "MultiPolygon",
    "coordinates": [
     [
      [
       [
        174.53505644503483,
        -36.946139073430864
       ],
       [
        174.53505644503483,
        -36.881941089691004
       ],
       [
        174.48121146677067,
        -36.881941089691004
       ],
       [
        174.48121146677067,
        -36.88260018161722
       ],
       [
        174.42615871029867,
        -36.88260018161722
       ],
       [
        174.42615871029867,
        -36.8170572765084
       ],
       [
        174.47871256482102,
        -36.8170572765084
       ],
       [
        174.47871256482102,
        -36.75282872398201
       ],
       [
        174.4237582707086,
        -36.75282872398201
       ],
       [
        174.4237582707086,
        -36.68794188046486
       ],
       [
        174.4225638004076,
        -36.68794188046486
       ],
       [
        174.4225638004076,
        -36.62368306459284
       ],
       [
        174.3688962971855,
        -36.62368306459284
       ],
       [
        174.3688962971855,
        -36.62428767040175
       ],
       [
        174.31412628037654,
        -36.62428767040175
       ],
       [
        174.31412628037654,
        -36.55879326006742
       ],
       [
        174.36775052668406,
        -36.55879326006742
       ],
       [
        174.36775052668406,
        -36.55816596704325
       ],
       [
        174.42018629556893,
        -36.55816596704325
       ],
       [
        174.42018629556893,
        -36.4926270314116
       ],
       [
        174.4749940753026,
        -36.4926270314116
       ],
       [
        174.4749940753026,
        -36.556839068203004
       ],
       [
        174.52733693571827,
        -36.556839068203004
       ],
       [
        174.52733693571827,
        -36.49125516202785
       ],
       [
        174.58090956980647,
        -36.49125516202785
       ],
       [
        174.58090956980647,
        -36.49053316472031
       ],
       [
        174.63448032864895,
        -36.49053316472031
       ],
       [
        174.63448032864895,
        -36.48978712924213
       ],
       [
        174.68664318853104,
        -36.48978712924213
       ],
       [
        174.68664318853104,
        -36.425649809303174
       ],
       [
        174.63311893617026,
        -36.425649809303174
       ],
       [
        174.63311893617026,
        -36.42637010838041
       ],
       [
        174.57828013866086,
        -36.42637010838041
       ],
       [
        174.57828013866086,
        -36.36076570343963
       ],
       [
        174.63176189137994,
        -36.36076570343963
       ],
       [
        174.63176189137994,
        -36.36002317456902
       ],
       [
        174.6838447229057,
        -36.36002317456902
       ],
       [
        174.6838447229057,
        -36.29514006793084
       ],
       [
        174.6824521882064,
        -36.29514006793084
       ],
       [
        174.6824521882064,
        -36.22949336569349
       ],
       [
        174.7358416125172,
        -36.22949336569349
       ],
       [
        174.7358416125172,
        -36.22870671496861
       ],
       [
        174.78922899828189,
        -36.22870671496861
       ],
       [
        174.78922899828189,
        -36.22789626007934
       ],
       [
        174.84413920575375,
        -36.22789626007934
       ],
       [
        174.84413920575375,
        -36.292774542892296
       ],
       [
        174.84566901271413,
        -36.292774542892296
       ],
       [
        174.84566901271413,
        -36.35846635226784
       ],
       [
        174.7921953417717,
        -36.35846635226784
       ],
       [
        174.7921953417717,
        -36.359256723224526
       ],
       [
        174.74016544538824,
        -36.359256723224526
       ],
       [
        174.74016544538824,
        -36.423345033315364
       ],
       [
        174.79518071953734,
        -36.423345033315364
       ],
       [
        174.79518071953734,
        -36.48901705838541
       ],
       [
        174.74307113576884,
        -36.48901705838541
       ],
       [
        174.74307113576884,
        -36.55310011672385
       ],
       [
        174.7966805854475,
        -36.55310011672385
       ],
       [
        174.7966805854475,
        -36.552280056483646
       ],
       [
        174.85183740396343,
        -36.552280056483646
       ],
       [
        174.85183740396343,
        -36.61797651769989
       ],
       [
        174.79969475036748,
        -36.61797651769989
       ],
       [
        174.79969475036748,
        -36.68285215727169
       ],
       [
        174.8012090812366,
        -36.68285215727169
       ],
       [
        174.8012090812366,
        -36.74772703475344
       ],
       [
        174.80272826575316,
        -36.74772703475344
       ],
       [
        174.80272826575316,
        -36.81177334793198
       ],
       [
        174.8565157747845,
        -36.81177334793198
       ],
       [
        174.8565157747845,
        -36.81092123620867
       ],
       [
        174.91191592185493,
        -36.81092123620867
       ],
       [
        174.91191592185493,
        -36.87491216763805
       ],
       [
        174.9657443038718,
        -36.87491216763805
       ],
       [
        174.9657443038718,
        -36.8740093308437
       ],
       [
        175.01957032049643,
        -36.8740093308437
       ],
       [
        175.01957032049643,
        -36.87308213675748
       ],
       [
        175.0751505476164,
        -36.87308213675748
       ],
       [
        175.0751505476164,
        -36.9379444198516
       ],
       [
        175.07691281950872,
        -36.9379444198516
       ],
       [
        175.07691281950872,
        -37.003737468662194
       ],
       [
        175.02472014448873,
        -37.003737468662194
       ],
       [
        175.02472014448873,
        -37.06860036927885
       ],
       [
        175.02644777280767,
        -37.06860036927885
       ],
       [
        175.02644777280767,
        -37.134373819793325
       ],
       [
        174.97243875007118,
        -37.134373819793325
       ],
       [
        174.97243875007118,
        -37.135260559861514
       ],
       [
        174.92006825448487,
        -37.135260559861514
       ],
       [
        174.92006825448487,
        -37.20012610690057
       ],
       [
        174.92171444284003,
        -37.20012610690057
       ],
       [
        174.92171444284003,
        -37.26585706454651
       ],
       [
        174.86760827472958,
        -37.26585706454651
       ],
       [
        174.86760827472958,
        -37.266698537952294
       ],
       [
        174.8119462086917,
        -37.266698537952294
       ],
       [
        174.8119462086917,
        -37.20182978155928
       ],
       [
        174.81039756059764,
        -37.20182978155928
       ],
       [
        174.81039756059764,
        -37.13612270691355
       ],
       [
        174.86282388753273,
        -37.13612270691355
       ],
       [
        174.86282388753273,
        -37.072089966996266
       ],
       [
        174.8073151029309,
        -37.072089966996266
       ],
       [
        174.8073151029309,
        -37.00802806674909
       ],
       [
        174.75190060717597,
        -37.00802806674909
       ],
       [
        174.75190060717597,
        -36.94393718528333
       ],
       [
        174.69946025846684,
        -36.94393718528333
       ],
       [
        174.69946025846684,
        -37.009572913674944
       ],
       [
        174.6469308950309,
        -37.009572913674944
       ],
       [
        174.6469308950309,
        -37.07518689406465
       ],
       [
        174.59159719042106,
        -37.07518689406465
       ],
       [
        174.59159719042106,
        -37.011019786293794
       ],
       [
        174.537662735341,
        -37.011019786293794
       ],
       [
        174.537662735341,
        -37.01170647534735
       ],
       [
        174.48372641973853,
        -37.01170647534735
       ],
       [
        174.48372641973853,
        -37.01236866274
       ],
       [
        174.42857456692607,
        -37.01236866274
       ],
       [
        174.42857456692607,
        -36.946824156171914
       ],
       [
        174.48246693019072,
        -36.946824156171914
       ],
       [
        174.48246693019072,
        -36.946139073430864
       ],
       [
        174.53505644503483,
        -36.946139073430864
       ]
      ],
      [
       [
        174.53246678824942,
        -36.75078788704396
       ],
       [
        174.58488539635812,
        -36.75078788704396
       ],
       [
        174.58488539635812,
        -36.6866087282991
       ],
       [
        174.53246678824942,
        -36.6866087282991
       ],
       [
        174.53246678824942,
        -36.75078788704396
       ]
      ],
      [
       [
        174.4225638004076,
        -36.55816596704325
       ],
       [
        174.4225638004076,
        -36.622401362833116
       ],
       [
        174.4749940753026,
        -36.622401362833116
       ],
       [
        174.4749940753026,
        -36.55816596704325
       ],
       [
        174.4225638004076,
        -36.55816596704325
       ]
      ],
      [
       [
        174.96908081146066,
        -36.93977874365193
       ],
       [
        174.96908081146066,
        -37.003737468662194
       ],
       [
        175.02128143670558,
        -37.003737468662194
       ],
       [
        175.02128143670558,
        -36.93977874365193
       ],
       [
        174.96908081146066,
        -36.93977874365193
       ]
      ]
     ],
     [
      [
       [
        174.4178239548598,
        -36.2986052517085
       ],
       [
        174.4178239548598,
        -36.364119416765256
       ],
       [
        174.3632039269227,
        -36.364119416765256
       ],
       [
        174.3632039269227,
        -36.2986052517085
       ],
       [
        174.4178239548598,
        -36.2986052517085
       ]
      ]
     ],
     [
      [
       [
        174.52101624487932,
        -36.23240186967271
       ],
       [
        174.52101624487932,
        -36.1668224236046
       ],
       [
        174.5730714670662,
        -36.1668224236046
       ],
       [
        174.5730714670662,
        -36.10122178877253
       ],
       [
        174.62771670095574,
        -36.10122178877253
       ],
       [
        174.62771670095574,
        -36.16610888978897
       ],
       [
        174.62906078791926,
        -36.16610888978897
       ],
       [
        174.62906078791926,
        -36.23099524301782
       ],
       [
        174.63040918002372,
        -36.23099524301782
       ],
       [
        174.63040918002372,
        -36.29659775872708
       ],
       [
        174.5769717174781,
        -36.29659775872708
       ],
       [
        174.5769717174781,
        -36.29729079806777
       ],
       [
        174.52479652298385,
        -36.29729079806777
       ],
       [
        174.52479652298385,
        -36.36284972792821
       ],
       [
        174.47009128462193,
        -36.36284972792821
       ],
       [
        174.47009128462193,
        -36.297959963226994
       ],
       [
        174.46887535711147,
        -36.297959963226994
       ],
       [
        174.46887535711147,
        -36.23240186967271
       ],
       [
        174.52101624487932,
        -36.23240186967271
       ]
      ]
     ],
     [
      [
       [
        174.7593891599204,
        -37.202644635030246
       ],
       [
        174.7593891599204,
        -37.268307337928455
       ],
       [
        174.70381533035672,
        -37.268307337928455
       ],
       [
        174.70381533035672,
        -37.202644635030246
       ],
       [
        174.7593891599204,
        -37.202644635030246
       ]
      ]
     ],
     [
      [
       [
        175.18659431190306,
        -37.06670838396952
       ],
       [
        175.1308250892119,
        -37.06670838396952
       ],
       [
        175.1308250892119,
        -37.00184990517338
       ],
       [
        175.12901715567662,
        -37.00184990517338
       ],
       [
        175.12901715567662,
        -36.93601245264726
       ],
       [
        175.1828811961294,
        -36.93601245264726
       ],
       [
        175.1828811961294,
        -36.935009861817214
       ],
       [
        175.2367426042372,
        -36.935009861817214
       ],
       [
        175.2367426042372,
        -36.93398287117793
       ],
       [
        175.2925461814281,
        -36.93398287117793
       ],
       [
        175.2925461814281,
        -36.99883508616722
       ],
       [
        175.29449728229633,
        -36.99883508616722
       ],
       [
        175.29449728229633,
        -37.06471831200817
       ],
       [
        175.240547154661,
        -37.06471831200817
       ],
       [
        175.240547154661,
        -37.06572560697474
       ],
       [
        175.18659431190306,
        -37.06572560697474
       ],
       [
        175.18659431190306,
        -37.06670838396952
       ]
      ]
     ],
     [
      [
       [
        175.0716428793924,
        -36.74335522753368
       ],
       [
        175.0716428793924,
        -36.80914409510033
       ],
       [
        175.0161644722797,
        -36.80914409510033
       ],
       [
        175.0161644722797,
        -36.74335522753368
       ],
       [
        175.0716428793924,
        -36.74335522753368
       ]
      ]
     ]
    ]
   }
  },
  {
   "type": "Feature",
   "properties": {
    "name": "canterbury_threewaters",
    "kind": "arcgis",
    "provides": [
     "pipes"
    ],
    "enabled": false,
    "checked": "2026-10-08T00:20:55+00:00",
    "url": "268050a3ebee4fc3861b88122e5b6771_0",
    "extent": [
     83.00000899509902,
     -89.99999104336158,
     -97.00000899509902,
     89.99999104336158
    ],
    "sheets": {
     "BV20": 77,
     "BW20": 45,
     "BW21": 365,
     "BW22": 6,
     "BW24": 741,
     "BX20": 295,
     "BX21": 228,
     "BX22": 1326,
     "BX23": 23543,
     "BX24": 68409,
     "BX25": 2823,
     "BY17": 501,
     "BY19": 30,
     "BY20": 43,
     "BY21": 2418,
     "BY22": 130,
     "BY23": 528,
     "BY24": 1293,
     "BY25": 3279,
     "BZ15": 514,
     "BZ18": 74,
     "BZ19": 7298,
     "BZ20": 8,
     "CA15": 9,
     "CA16": 125,
     "CA19": 1109,
     "CB17": 2,
     "CB19": 98,
     "CC18": 969,
     "CD18": 32
    },
    "tiles": {
     "BV20_10000_0304": 77,
     "BW20_10000_0403": 44,
     "BW20_10000_0503": 1,
     "BW21_10000_0201": 344,
     "BW21_10000_0405": 21,
     "BW22_10000_0501": 4,
     "BW22_10000_0502": 2,
     "BW24_10000_0501": 33,
     "BW24_10000_0502": 218,
     "BW24_10000_0503": 490,
     "BX20_10000_0105": 2,
     "BX20_10000_0305": 111,
     "BX20_10000_0405": 165,
     "BX20_10000_0501": 17,
     "BX21_10000_0104": 39,
     "BX21_10000_0105": 124,
     "BX21_10000_0203": 1,
     "BX21_10000_0204": 3,
     "BX21_10000_0205": 61,
     "BX22_10000_0101": 8,
     "BX22_10000_0102": 3,
     "BX22_10000_0103": 879,
     "BX22_10000_0104": 1,
     "BX22_10000_0105": 207,
     "BX22_10000_0201": 2,
     "BX22_10000_0202": 1,
     "BX22_10000_0302": 1,
     "BX22_10000_0403": 1,
     "BX22_10000_0404": 75,
     "BX22_10000_0405": 7,
     "BX22_10000_0502": 134,
     "BX22_10000_0505": 7,
     "BX23_10000_0105": 549,
     "BX23_10000_0201": 6,
     "BX23_10000_0202": 512,
     "BX23_10000_0203": 418,
     "BX23_10000_0204": 618,
     "BX23_10000_0205": 6785,
     "BX23_10000_0301": 2,
     "BX23_10000_0302": 1966,
     "BX23_10000_0303": 5097,
     "BX23_10000_0304": 640,
     "BX23_10000_0305": 2795,
     "BX23_10000_0401": 6,
     "BX23_10000_0402": 19,
     "BX23_10000_0403": 162,
     "BX23_10000_0404": 2059,
     "BX23_10000_0405": 1139,
     "BX23_10000_0501": 546,
     "BX23_10000_0502": 171,
     "BX23_10000_0503": 23,
     "BX23_10000_0504": 17,
     "BX23_10000_0505": 13,
     "BX24_10000_0101": 6193,
     "BX24_10000_0102": 7610,
     "BX24_10000_0103": 4157,
     "BX24_10000_0201": 12685,
     "BX24_10000_0202": 17703,
     "BX24_10000_0203": 7593,
     "BX24_10000_0204": 1432,
     "BX24_10000_0301": 4044,
     "BX24_10000_0302": 1931,
     "BX24_10000_0303": 2360,
     "BX24_10000_0304": 1083,
     "BX24_10000_0305": 4,
     "BX24_10000_0401": 82,
     "BX24_10000_0402": 147,
     "BX24_10000_0403": 192,
     "BX24_10000_0404": 164,
     "BX24_10000_0405": 330,
     "BX24_10000_0501": 49,
     "BX24_10000_0502": 72,
     "BX24_10000_0503": 118,
     "BX24_10000_0504": 173,
     "BX24_10000_0505": 287,
     "BX25_10000_0301": 8,
     "BX25_10000_0401": 300,
     "BX25_10000_0402": 147,
     "BX25_10000_0403": 349,
     "BX25_10000_0404": 122,
     "BX25_10000_0501": 235,
     "BX25_10000_0502": 786,
     "BX25_10000_0503": 422,
     "BX25_10000_0504": 322,
     "BX25_10000_0505": 132,
     "BY17_10000_0501": 501,
     "BY19_10000_0304": 29,
     "BY19_10000_0503": 1,
     "BY20_10000_0102": 5,
     "BY20_10000_0202": 5,
     "BY20_10000_0404": 33,
     "BY21_10000_0105": 3,
     "BY21_10000_0202": 469,
     "BY21_10000_0203": 120,
     "BY21_10000_0301": 23,
     "BY21_10000_0302": 1721,
     "BY21_10000_0303": 8,
     "BY21_10000_0402": 74,
     "BY22_10000_0105": 114,
     "BY22_10000_0205": 16,
     "BY23_10000_0101": 431,
     "BY23_10000_0102": 60,
     "BY23_10000_0103": 1,
     "BY23_10000_0201": 18,
     "BY23_10000_0202": 18,
     "BY24_10000_0101": 1,
     "BY24_10000_0102": 12,
     "BY24_10000_0103": 123,
     "BY24_10000_0104": 272,
     "BY24_10000_0105": 559,
     "BY24_10000_0204": 178,
     "BY24_10000_0205": 148,
     "BY25_10000_0101": 656,
     "BY25_10000_0102": 699,
     "BY25_10000_0103": 677,
     "BY25_10000_0104": 317,
     "BY25_10000_0105": 16,
     "BY25_10000_0201": 340,
     "BY25_10000_0202": 89,
     "BY25_10000_0203": 411,
     "BY25_10000_0204": 74,
     "BZ15_10000_0304": 27,
     "BZ15_10000_0305": 82,
     "BZ15_10000_0401": 3,
     "BZ15_10000_0404": 10,
     "BZ15_10000_0405": 392,
     "BZ18_10000_0102": 72,
     "BZ18_10000_0405": 2,
     "BZ19_10000_0103": 18,
     "BZ19_10000_0104": 632,
     "BZ19_10000_0204": 67,
     "BZ19_10000_0205": 19,
     "BZ19_10000_0302": 271,
     "BZ19_10000_0304": 612,
     "BZ19_10000_0305": 350,
     "BZ19_10000_0402": 1,
     "BZ19_10000_0404": 4,
     "BZ19_10000_0503": 1694,
     "BZ19_10000_0504": 3630,
     "BZ20_10000_0201": 1,
     "BZ20_10000_0301": 7,
     "CA15_10000_0203": 9,
     "CA16_10000_0401": 7,
     "CA16_10000_0402": 118,
     "CA19_10000_0103": 2,
     "CA19_10000_0104": 1023,
     "CA19_10000_0203": 84,
     "CB17_10000_0101": 2,
     "CB19_10000_0101": 98,
     "CC18_10000_0104": 216,
     "CC18_10000_0105": 715,
     "CC18_10000_0204": 2,
     "CC18_10000_0205": 34,
     "CC18_10000_0503": 2,
     "CD18_10000_0201": 32
    },
    "tile_scale": 10000,
    "n_features": 116318,
    "failed": [],
    "layer_url": "https://services1.arcgis.com/RNxkQaMWQcgbiF98/arcgis/rest/services/Canterbury_Three_Waters_Data_2_view/FeatureServer/0",
    "coverage": "tiles"
   },
   "geometry": {
    "type": "MultiPolygon",
    "coordinates": [
     [
      [
       [
        170.76024329422754,
        -45.42914159456229
       ],
       [
        170.76024329422754,
        -45.4951199056843
       ],
       [
        170.69629208700255,
        -45.4951199056843
       ],
       [
        170.69629208700255,
        -45.42914159456229
       ],
       [
        170.76024329422754,
        -45.42914159456229
       ]
      ]
     ],
     [
      [
       [
        170.8877117032138,
        -45.30202164818863
       ],
       [
        170.8877117032138,
        -45.36793594234673
       ],
       [
        170.8240496349258,
        -45.36793594234673
       ],
       [
        170.8240496349258,
        -45.30202164818863
       ],
       [
        170.8877117032138,
        -45.30202164818863
       ]
      ]
     ],
     [
      [
       [
        170.89489362544248,
        -45.10886735552005
       ],
       [
        170.89489362544248,
        -45.044098116538464
       ],
       [
        170.9581807290667,
        -45.044098116538464
       ],
       [
        170.9581807290667,
        -45.04520378995511
       ],
       [
        171.01909351124561,
        -45.04520378995511
       ],
       [
        171.01909351124561,
        -45.111051135361706
       ],
       [
        171.0168532522749,
        -45.111051135361706
       ],
       [
        171.0168532522749,
        -45.17582444763974
       ],
       [
        170.95355482896855,
        -45.17582444763974
       ],
       [
        170.95355482896855,
        -45.174746408699235
       ],
       [
        170.89250776574156,
        -45.174746408699235
       ],
       [
        170.89250776574156,
        -45.10886735552005
       ],
       [
        170.89489362544248,
        -45.10886735552005
       ]
      ]
     ],
     [
      [
       [
        171.09075752033974,
        -44.72239393963696
       ],
       [
        171.09075752033974,
        -44.78820362814828
       ],
       [
        171.02797913515536,
        -44.78820362814828
       ],
       [
        171.02797913515536,
        -44.72239393963696
       ],
       [
        171.09075752033974,
        -44.72239393963696
       ]
      ]
     ],
     [
      [
       [
        170.48516122466492,
        -44.776441814638694
       ],
       [
        170.4217448107697,
        -44.776441814638694
       ],
       [
        170.4217448107697,
        -44.710337656159815
       ],
       [
        170.48516122466492,
        -44.710337656159815
       ],
       [
        170.48516122466492,
        -44.776441814638694
       ]
      ]
     ],
     [
      [
       [
        170.12520339126365,
        -44.57363455162819
       ],
       [
        170.18877870984014,
        -44.57363455162819
       ],
       [
        170.18877870984014,
        -44.575137965597946
       ],
       [
        170.2491649101247,
        -44.575137965597946
       ],
       [
        170.2491649101247,
        -44.641352921861724
       ],
       [
        170.18565185965096,
        -44.641352921861724
       ],
       [
        170.18565185965096,
        -44.63987808664285
       ],
       [
        170.12520339126365,
        -44.63987808664285
       ],
       [
        170.12520339126365,
        -44.57363455162819
       ]
      ]
     ],
     [
      [
       [
        171.10341797130454,
        -44.33570609856435
       ],
       [
        171.10341797130454,
        -44.269936152815774
       ],
       [
        171.10550331963952,
        -44.269936152815774
       ],
       [
        171.10550331963952,
        -44.20514904470428
       ],
       [
        171.1676274779124,
        -44.20514904470428
       ],
       [
        171.1676274779124,
        -44.2709175981818
       ],
       [
        171.16561497225018,
        -44.2709175981818
       ],
       [
        171.16561497225018,
        -44.33570609856435
       ],
       [
        171.2237764469109,
        -44.33570609856435
       ],
       [
        171.2237764469109,
        -44.27186742670091
       ],
       [
        171.2257296326135,
        -44.27186742670091
       ],
       [
        171.2257296326135,
        -44.207075983526465
       ],
       [
        171.2276762720585,
        -44.207075983526465
       ],
       [
        171.2276762720585,
        -44.142283734621614
       ],
       [
        171.16963324343126,
        -44.142283734621614
       ],
       [
        171.16963324343126,
        -44.07654723419755
       ],
       [
        171.1716322959696,
        -44.07654723419755
       ],
       [
        171.1716322959696,
        -44.01175549311416
       ],
       [
        171.23347717637452,
        -44.01175549311416
       ],
       [
        171.23347717637452,
        -44.07749068032277
       ],
       [
        171.29147061390879,
        -44.07749068032277
       ],
       [
        171.29147061390879,
        -44.14319782423568
       ],
       [
        171.34959124865276,
        -44.14319782423568
       ],
       [
        171.34959124865276,
        -44.14408043046019
       ],
       [
        171.4095827622536,
        -44.14408043046019
       ],
       [
        171.4095827622536,
        -44.20972975605552
       ],
       [
        171.40783964884287,
        -44.20972975605552
       ],
       [
        171.40783964884287,
        -44.274527169924035
       ],
       [
        171.34596758331602,
        -44.274527169924035
       ],
       [
        171.34596758331602,
        -44.273672216557976
       ],
       [
        171.28584720241653,
        -44.273672216557976
       ],
       [
        171.28584720241653,
        -44.33757833694607
       ],
       [
        171.28396011594978,
        -44.33757833694607
       ],
       [
        171.28396011594978,
        -44.40237023782834
       ],
       [
        171.28206667881386,
        -44.40237023782834
       ],
       [
        171.28206667881386,
        -44.467161336515225
       ],
       [
        171.21985033025564,
        -44.467161336515225
       ],
       [
        171.21985033025564,
        -44.53102513544033
       ],
       [
        171.1574969994105,
        -44.53102513544033
       ],
       [
        171.1574969994105,
        -44.46528066578969
       ],
       [
        171.15953674042134,
        -44.46528066578969
       ],
       [
        171.15953674042134,
        -44.400493787884
       ],
       [
        171.16156963106104,
        -44.400493787884
       ],
       [
        171.16156963106104,
        -44.33570609856435
       ],
       [
        171.10341797130454,
        -44.33570609856435
       ]
      ]
     ],
     [
      [
       [
        170.01427024312233,
        -44.439477886059386
       ],
       [
        170.01427024312233,
        -44.50580138957041
       ],
       [
        169.95066468129093,
        -44.50580138957041
       ],
       [
        169.95066468129093,
        -44.439477886059386
       ],
       [
        170.01427024312233,
        -44.439477886059386
       ]
      ]
     ],
     [
      [
       [
        171.0453947730635,
        -44.33370710872367
       ],
       [
        170.98307197024405,
        -44.33370710872367
       ],
       [
        170.98307197024405,
        -44.26787842901871
       ],
       [
        171.0453947730635,
        -44.26787842901871
       ],
       [
        171.0453947730635,
        -44.33370710872367
       ]
      ]
     ],
     [
      [
       [
        170.02411976824527,
        -44.24686926965863
       ],
       [
        170.02411976824527,
        -44.1821339171961
       ],
       [
        170.08735614894863,
        -44.1821339171961
       ],
       [
        170.08735614894863,
        -44.183680114281046
       ],
       [
        170.14733607464913,
        -44.183680114281046
       ],
       [
        170.14733607464913,
        -44.2499370977859
       ],
       [
        170.14420602319552,
        -44.2499370977859
       ],
       [
        170.14420602319552,
        -44.3146784181249
       ],
       [
        170.0809541364411,
        -44.3146784181249
       ],
       [
        170.0809541364411,
        -44.3131568501964
       ],
       [
        170.02084760693108,
        -44.3131568501964
       ],
       [
        170.02084760693108,
        -44.24686926965863
       ],
       [
        170.02411976824527,
        -44.24686926965863
       ]
      ]
     ],
     [
      [
       [
        169.9040529877744,
        -44.24203121450127
       ],
       [
        169.9040529877744,
        -44.30840264441157
       ],
       [
        169.84055774008445,
        -44.30840264441157
       ],
       [
        169.84055774008445,
        -44.24203121450127
       ],
       [
        169.9040529877744,
        -44.24203121450127
       ]
      ]
     ],
     [
      [
       [
        170.87209020171156,
        -44.07022721539946
       ],
       [
        170.87209020171156,
        -44.13613828079177
       ],
       [
        170.80980041939537,
        -44.13613828079177
       ],
       [
        170.80980041939537,
        -44.07022721539946
       ],
       [
        170.87209020171156,
        -44.07022721539946
       ]
      ]
     ],
     [
      [
       [
        170.51546360441228,
        -43.998016812146005
       ],
       [
        170.51546360441228,
        -44.06409763313603
       ],
       [
        170.4528791617206,
        -44.06409763313603
       ],
       [
        170.4528791617206,
        -43.998016812146005
       ],
       [
        170.51546360441228,
        -43.998016812146005
       ]
      ]
     ],
     [
      [
       [
        171.29703778522332,
        -43.94881010305179
       ],
       [
        171.23539789356255,
        -43.94881010305179
       ],
       [
        171.23539789356255,
        -43.88310668845841
       ],
       [
        171.29703778522332,
        -43.88310668845841
       ],
       [
        171.29703778522332,
        -43.94881010305179
       ]
      ]
     ],
     [
      [
       [
        171.41821127378319,
        -43.756125676964764
       ],
       [
        171.36031771106363,
        -43.756125676964764
       ],
       [
        171.36031771106363,
        -43.69048410070505
       ],
       [
        171.42162248520052,
        -43.69048410070505
       ],
       [
        171.42162248520052,
        -43.756125676964764
       ],
       [
        171.47952427544658,
        -43.756125676964764
       ],
       [
        171.47952427544658,
        -43.82173910020248
       ],
       [
        171.4778802070447,
        -43.82173910020248
       ],
       [
        171.4778802070447,
        -43.88654309104581
       ],
       [
        171.4164971012785,
        -43.88654309104581
       ],
       [
        171.4164971012785,
        -43.82092863434328
       ],
       [
        171.41821127378319,
        -43.82092863434328
       ],
       [
        171.41821127378319,
        -43.756125676964764
       ]
      ]
     ],
     [
      [
       [
        171.71239221770847,
        -43.954289905372626
       ],
       [
        171.65398499780315,
        -43.954289905372626
       ],
       [
        171.65398499780315,
        -43.888792671458454
       ],
       [
        171.71518836753037,
        -43.888792671458454
       ],
       [
        171.71518836753037,
        -43.824669502175915
       ],
       [
        171.77625964835616,
        -43.824669502175915
       ],
       [
        171.77625964835616,
        -43.82532422129934
       ],
       [
        171.83594182124352,
        -43.82532422129934
       ],
       [
        171.83594182124352,
        -43.890761248241674
       ],
       [
        171.83468004578012,
        -43.890761248241674
       ],
       [
        171.83468004578012,
        -43.955573947468196
       ],
       [
        171.77360234604754,
        -43.955573947468196
       ],
       [
        171.77360234604754,
        -44.01975809781253
       ],
       [
        171.71239221770847,
        -44.01975809781253
       ],
       [
        171.71239221770847,
        -43.954289905372626
       ]
      ]
     ],
     [
      [
       [
        171.59417953959522,
        -43.95212913021507
       ],
       [
        171.59417953959522,
        -44.0176865488446
       ],
       [
        171.53278075259198,
        -44.0176865488446
       ],
       [
        171.53278075259198,
        -43.95212913021507
       ],
       [
        171.59417953959522,
        -43.95212913021507
       ]
      ]
     ],
     [
      [
       [
        172.19407080082,
        -43.82903467481482
       ],
       [
        172.19407080082,
        -43.76421350582835
       ],
       [
        172.1949415935,
        -43.76421350582835
       ],
       [
        172.1949415935,
        -43.69939158496167
       ],
       [
        172.13624625868113,
        -43.69939158496167
       ],
       [
        172.13624625868113,
        -43.698956987374466
       ],
       [
        172.07668441626967,
        -43.698956987374466
       ],
       [
        172.07668441626967,
        -43.76331125023987
       ],
       [
        172.01606339166767,
        -43.76331125023987
       ],
       [
        172.01606339166767,
        -43.697994695600066
       ],
       [
        172.07668441626967,
        -43.697994695600066
       ],
       [
        172.07668441626967,
        -43.63367070750303
       ],
       [
        172.0181811729862,
        -43.63367070750303
       ],
       [
        172.0181811729862,
        -43.568354870866855
       ],
       [
        171.95980382768633,
        -43.568354870866855
       ],
       [
        171.95980382768633,
        -43.56782955016769
       ],
       [
        171.9003745331489,
        -43.56782955016769
       ],
       [
        171.9003745331489,
        -43.56727334234599
       ],
       [
        171.84094698596735,
        -43.56727334234599
       ],
       [
        171.84094698596735,
        -43.5666862498173
       ],
       [
        171.78152128047614,
        -43.5666862498173
       ],
       [
        171.78152128047614,
        -43.50125236538709
       ],
       [
        171.84218787618798,
        -43.50125236538709
       ],
       [
        171.84218787618798,
        -43.43705088625413
       ],
       [
        171.90272521461154,
        -43.43705088625413
       ],
       [
        171.90272521461154,
        -43.43763534220462
       ],
       [
        171.96202752373932,
        -43.43763534220462
       ],
       [
        171.96202752373932,
        -43.373367662520735
       ],
       [
        171.9038946968827,
        -43.373367662520735
       ],
       [
        171.9038946968827,
        -43.30799429030304
       ],
       [
        171.96423646027642,
        -43.30799429030304
       ],
       [
        171.96423646027642,
        -43.373367662520735
       ],
       [
        172.02237459586297,
        -43.373367662520735
       ],
       [
        172.02237459586297,
        -43.37388944807937
       ],
       [
        172.08161690227837,
        -43.37388944807937
       ],
       [
        172.08161690227837,
        -43.43920422428047
       ],
       [
        172.13994391621088,
        -43.43920422428047
       ],
       [
        172.13994391621088,
        -43.43966568216679
       ],
       [
        172.19925222327066,
        -43.43966568216679
       ],
       [
        172.19925222327066,
        -43.44009638520937
       ],
       [
        172.25856179568245,
        -43.44009638520937
       ],
       [
        172.25856179568245,
        -43.50532215990808
       ],
       [
        172.3171429897182,
        -43.50532215990808
       ],
       [
        172.3171429897182,
        -43.505692179744685
       ],
       [
        172.37651823657257,
        -43.505692179744685
       ],
       [
        172.37651823657257,
        -43.50603137023492
       ],
       [
        172.43589447162012,
        -43.50603137023492
       ],
       [
        172.43589447162012,
        -43.50633972990764
       ],
       [
        172.49527160077707,
        -43.50633972990764
       ],
       [
        172.49527160077707,
        -43.441788517151686
       ],
       [
        172.55512535886504,
        -43.441788517151686
       ],
       [
        172.55512535886504,
        -43.377204619667154
       ],
       [
        172.6148515753425,
        -43.377204619667154
       ],
       [
        172.6148515753425,
        -43.37741950970876
       ],
       [
        172.6741041519086,
        -43.37741950970876
       ],
       [
        172.6741041519086,
        -43.37760370289876
       ],
       [
        172.73335724208067,
        -43.37760370289876
       ],
       [
        172.73335724208067,
        -43.442588480841394
       ],
       [
        172.73307268394146,
        -43.442588480841394
       ],
       [
        172.73307268394146,
        -43.50741902387581
       ],
       [
        172.79216736469644,
        -43.50741902387581
       ],
       [
        172.79216736469644,
        -43.57237245676632
       ],
       [
        172.85138873542923,
        -43.57237245676632
       ],
       [
        172.85138873542923,
        -43.5724651792164
       ],
       [
        172.91083314675203,
        -43.5724651792164
       ],
       [
        172.91083314675203,
        -43.637356685173344
       ],
       [
        172.97024576394918,
        -43.637356685173344
       ],
       [
        172.97024576394918,
        -43.63738766247151
       ],
       [
        173.02975423605082,
        -43.63738766247151
       ],
       [
        173.02975423605082,
        -43.637356685173344
       ],
       [
        173.08935878840327,
        -43.637356685173344
       ],
       [
        173.08935878840327,
        -43.70212354363838
       ],
       [
        173.14909190326895,
        -43.70212354363838
       ],
       [
        173.14909190326895,
        -43.766951617927525
       ],
       [
        173.14925318929107,
        -43.766951617927525
       ],
       [
        173.14925318929107,
        -43.83184132757584
       ],
       [
        173.0896491056879,
        -43.83184132757584
       ],
       [
        173.0896491056879,
        -43.89669932219892
       ],
       [
        173.02988305129804,
        -43.89669932219892
       ],
       [
        173.02988305129804,
        -43.896703229368676
       ],
       [
        172.97011694870196,
        -43.896703229368676
       ],
       [
        172.97011694870196,
        -43.89669932219892
       ],
       [
        172.9103508943121,
        -43.89669932219892
       ],
       [
        172.9103508943121,
        -43.8966680648665
       ],
       [
        172.8505849845404,
        -43.8966680648665
       ],
       [
        172.8505849845404,
        -43.8966055503386
       ],
       [
        172.79081931579734,
        -43.8966055503386
       ],
       [
        172.79081931579734,
        -43.896511778888964
       ],
       [
        172.73105398449084,
        -43.896511778888964
       ],
       [
        172.73105398449084,
        -43.831560645732004
       ],
       [
        172.67164509611132,
        -43.831560645732004
       ],
       [
        172.67164509611132,
        -43.83140471296529
       ],
       [
        172.61194545279835,
        -43.83140471296529
       ],
       [
        172.61194545279835,
        -43.831217595145255
       ],
       [
        172.55224643361476,
        -43.831217595145255
       ],
       [
        172.55224643361476,
        -43.76617370951568
       ],
       [
        172.49309647118406,
        -43.76617370951568
       ],
       [
        172.49309647118406,
        -43.765924784800866
       ],
       [
        172.43346348752289,
        -43.765924784800866
       ],
       [
        172.43346348752289,
        -43.83046914022865
       ],
       [
        172.3731540808306,
        -43.83046914022865
       ],
       [
        172.3731540808306,
        -43.89498023667799
       ],
       [
        172.31271421087297,
        -43.89498023667799
       ],
       [
        172.31271421087297,
        -43.89463643613677
       ],
       [
        172.25295504912825,
        -43.89463643613677
       ],
       [
        172.25295504912825,
        -43.89426138729713
       ],
       [
        172.19319709221938,
        -43.89426138729713
       ],
       [
        172.19319709221938,
        -43.82903467481482
       ],
       [
        172.19407080082,
        -43.82903467481482
       ]
      ],
      [
       [
        172.19839583687363,
        -43.50532215990808
       ],
       [
        172.19839583687363,
        -43.504921312330005
       ],
       [
        172.13902411899767,
        -43.504921312330005
       ],
       [
        172.13902411899767,
        -43.50448963874891
       ],
       [
        172.07965376554156,
        -43.50448963874891
       ],
       [
        172.07965376554156,
        -43.56884930216195
       ],
       [
        172.07866728140402,
        -43.56884930216195
       ],
       [
        172.07866728140402,
        -43.63367070750303
       ],
       [
        172.13717530248994,
        -43.63367070750303
       ],
       [
        172.13717530248994,
        -43.634135291493784
       ],
       [
        172.196674477602,
        -43.634135291493784
       ],
       [
        172.196674477602,
        -43.634568912338025
       ],
       [
        172.25617493324,
        -43.634568912338025
       ],
       [
        172.25617493324,
        -43.57014723881846
       ],
       [
        172.25697320782945,
        -43.57014723881846
       ],
       [
        172.25697320782945,
        -43.50532215990808
       ],
       [
        172.19839583687363,
        -43.50532215990808
       ]
      ]
     ],
     [
      [
       [
        171.956440351803,
        -43.761724617240546
       ],
       [
        171.956440351803,
        -43.82710141706187
       ],
       [
        171.8956258654468,
        -43.82710141706187
       ],
       [
        171.8956258654468,
        -43.761724617240546
       ],
       [
        171.956440351803,
        -43.761724617240546
       ]
      ]
     ],
     [
      [
       [
        171.6017559853367,
        -43.56402908563273
       ],
       [
        171.66267577180912,
        -43.56402908563273
       ],
       [
        171.66267577180912,
        -43.62955183819551
       ],
       [
        171.6612393720689,
        -43.62955183819551
       ],
       [
        171.6612393720689,
        -43.69436321057869
       ],
       [
        171.60025080117586,
        -43.69436321057869
       ],
       [
        171.60025080117586,
        -43.628839633095566
       ],
       [
        171.6017559853367,
        -43.628839633095566
       ],
       [
        171.6017559853367,
        -43.56402908563273
       ]
      ]
     ],
     [
      [
       [
        171.66553424929162,
        -43.499926766692255
       ],
       [
        171.60475133668575,
        -43.499926766692255
       ],
       [
        171.60475133668575,
        -43.43440565451458
       ],
       [
        171.66553424929162,
        -43.43440565451458
       ],
       [
        171.66553424929162,
        -43.499926766692255
       ]
      ]
     ],
     [
      [
       [
        171.54849942281143,
        -43.36885628525756
       ],
       [
        171.54849942281143,
        -43.43366750890711
       ],
       [
        171.48766282947983,
        -43.43366750890711
       ],
       [
        171.48766282947983,
        -43.36808913930661
       ],
       [
        171.48927433382084,
        -43.36808913930661
       ],
       [
        171.48927433382084,
        -43.30327885901455
       ],
       [
        171.5500426636133,
        -43.30327885901455
       ],
       [
        171.5500426636133,
        -43.36885628525756
       ],
       [
        171.54849942281143,
        -43.36885628525756
       ]
      ]
     ],
     [
      [
       [
        171.73023792402867,
        -43.24133944733806
       ],
       [
        171.66978644315748,
        -43.24133944733806
       ],
       [
        171.66978644315748,
        -43.17585052654469
       ],
       [
        171.73023792402867,
        -43.17585052654469
       ],
       [
        171.73023792402867,
        -43.24133944733806
       ]
      ]
     ],
     [
      [
       [
        171.61798652304455,
        -42.91515585241029
       ],
       [
        171.61798652304455,
        -42.98069914289134
       ],
       [
        171.55768243027634,
        -42.98069914289134
       ],
       [
        171.55768243027634,
        -42.91515585241029
       ],
       [
        171.61798652304455,
        -42.91515585241029
       ]
      ]
     ]
    ]
   }
  },
  {
   "type": "Feature",
   "properties": {
    "name": "kiwirail_culverts",
    "kind": "arcgis",
    "provides": [
     "crossings"
    ],
    "enabled": true,
    "checked": "2026-10-08T00:21:32+00:00",
    "url": "https://services6.arcgis.com/eqX2HMCD3H8MUs6Q/arcgis/rest/services/Culverts_KiwiRail_/FeatureServer/0",
    "extent": [
     167.93884715087592,
     -46.597001019365585,
     178.0049233812318,
     -35.39686346697163
    ],
    "sheets": {
     "AW29": 152,
     "AW30": 88,
     "AX28": 55,
     "AX29": 150,
     "AX30": 262,
     "AY30": 241,
     "AY31": 84,
     "AZ31": 282,
     "BA30": 82,
     "BA31": 154,
     "BA32": 82,
     "BB31": 12,
     "BB32": 191,
     "BB33": 11,
     "BC33": 120,
     "BD33": 62,
     "BD34": 66,
     "BD35": 66,
     "BD36": 54,
     "BD37": 49,
     "BD38": 44,
     "BD39": 12,
     "BE33": 73,
     "BE35": 120,
     "BE36": 111,
     "BE37": 40,
     "BE39": 175,
     "BE40": 10,
     "BF33": 183,
     "BF35": 12,
     "BF36": 8,
     "BF38": 20,
     "BF39": 74,
     "BG32": 59,
     "BG33": 360,
     "BG43": 31,
     "BH29": 99,
     "BH31": 197,
     "BH32": 197,
     "BH33": 74,
     "BH34": 181,
     "BH39": 53,
     "BH40": 169,
     "BH41": 102,
     "BH42": 61,
     "BH43": 148,
     "BJ29": 44,
     "BJ30": 166,
     "BJ31": 38,
     "BJ33": 4,
     "BJ34": 145,
     "BJ35": 22,
     "BJ39": 209,
     "BK30": 172,
     "BK31": 71,
     "BK32": 86,
     "BK35": 226,
     "BK38": 75,
     "BK39": 27,
     "BL32": 107,
     "BL33": 160,
     "BL34": 222,
     "BL35": 19,
     "BL36": 58,
     "BL37": 114,
     "BL38": 91,
     "BM34": 175,
     "BM35": 235,
     "BM36": 58,
     "BN32": 19,
     "BN33": 86,
     "BN34": 56,
     "BN35": 196,
     "BP31": 24,
     "BP32": 192,
     "BP33": 44,
     "BP34": 75,
     "BQ28": 73,
     "BQ29": 7,
     "BQ31": 134,
     "BQ32": 32,
     "BR20": 22,
     "BR21": 39,
     "BR28": 10,
     "BR29": 156,
     "BS20": 31,
     "BS21": 314,
     "BS28": 70,
     "BS29": 80,
     "BT19": 195,
     "BT20": 100,
     "BT21": 57,
     "BT27": 86,
     "BT28": 98,
     "BU18": 65,
     "BU19": 160,
     "BU20": 246,
     "BU26": 109,
     "BU27": 58,
     "BV20": 76,
     "BV21": 59,
     "BV24": 25,
     "BV25": 145,
     "BV26": 61,
     "BW21": 103,
     "BW22": 6,
     "BW24": 93,
     "BX22": 38,
     "BX23": 40,
     "BX24": 31,
     "BY19": 3,
     "BY20": 62,
     "BY21": 57,
     "BY22": 28,
     "BZ19": 41,
     "BZ20": 1,
     "CA19": 58,
     "CB18": 6,
     "CB19": 84,
     "CC18": 132,
     "CC19": 4,
     "CD17": 116,
     "CD18": 154,
     "CE09": 18,
     "CE16": 60,
     "CE17": 259,
     "CF09": 146,
     "CF11": 2,
     "CF12": 55,
     "CF13": 94,
     "CF14": 120,
     "CF15": 150,
     "CF16": 41,
     "CG09": 22,
     "CG10": 100,
     "CG11": 42,
     "CH10": 18
    },
    "tiles": {
     "AW29_10000_0202": 47,
     "AW29_10000_0302": 11,
     "AW29_10000_0303": 30,
     "AW29_10000_0304": 48,
     "AW29_10000_0305": 16,
     "AW30_10000_0301": 2,
     "AW30_10000_0401": 14,
     "AW30_10000_0402": 33,
     "AW30_10000_0502": 31,
     "AW30_10000_0503": 17,
     "AX28_10000_0405": 36,
     "AX28_10000_0504": 19,
     "AX28_10000_0505": 1,
     "AX29_10000_0401": 30,
     "AX29_10000_0402": 36,
     "AX29_10000_0403": 20,
     "AX29_10000_0404": 3,
     "AX29_10000_0504": 19,
     "AX29_10000_0505": 42,
     "AX30_10000_0102": 30,
     "AX30_10000_0103": 33,
     "AX30_10000_0203": 18,
     "AX30_10000_0302": 17,
     "AX30_10000_0303": 43,
     "AX30_10000_0401": 48,
     "AX30_10000_0402": 17,
     "AX30_10000_0501": 50,
     "AX30_10000_0502": 3,
     "AY30_10000_0101": 2,
     "AY30_10000_0102": 51,
     "AY30_10000_0202": 45,
     "AY30_10000_0203": 2,
     "AY30_10000_0302": 10,
     "AY30_10000_0303": 26,
     "AY30_10000_0304": 43,
     "AY30_10000_0305": 12,
     "AY30_10000_0405": 56,
     "AY31_10000_0401": 16,
     "AY31_10000_0501": 50,
     "AY31_10000_0502": 18,
     "AZ31_10000_0102": 59,
     "AZ31_10000_0201": 8,
     "AZ31_10000_0202": 32,
     "AZ31_10000_0302": 45,
     "AZ31_10000_0401": 5,
     "AZ31_10000_0402": 86,
     "AZ31_10000_0501": 53,
     "BA30_10000_0105": 29,
     "BA30_10000_0205": 34,
     "BA30_10000_0305": 17,
     "BA31_10000_0101": 8,
     "BA31_10000_0301": 22,
     "BA31_10000_0302": 11,
     "BA31_10000_0402": 52,
     "BA31_10000_0403": 13,
     "BA31_10000_0405": 1,
     "BA31_10000_0503": 17,
     "BA31_10000_0504": 19,
     "BA31_10000_0505": 12,
     "BA32_10000_0401": 19,
     "BA32_10000_0402": 15,
     "BA32_10000_0501": 13,
     "BA32_10000_0502": 34,
     "BB31_10000_0405": 3,
     "BB31_10000_0505": 9,
     "BB32_10000_0102": 18,
     "BB32_10000_0103": 1,
     "BB32_10000_0203": 14,
     "BB32_10000_0204": 7,
     "BB32_10000_0303": 1,
     "BB32_10000_0304": 20,
     "BB32_10000_0401": 3,
     "BB32_10000_0402": 18,
     "BB32_10000_0403": 38,
     "BB32_10000_0404": 1,
     "BB32_10000_0501": 17,
     "BB32_10000_0502": 1,
     "BB32_10000_0503": 6,
     "BB32_10000_0504": 23,
     "BB32_10000_0505": 29,
     "BB33_10000_0501": 10,
     "BC33_10000_0101": 26,
     "BC33_10000_0102": 1,
     "BC33_10000_0202": 35,
     "BC33_10000_0302": 17,
     "BC33_10000_0303": 14,
     "BC33_10000_0403": 5,
     "BC33_10000_0501": 3,
     "BC33_10000_0502": 19,
     "BC33_10000_0503": 14,
     "BD33_10000_0103": 20,
     "BD33_10000_0202": 4,
     "BD33_10000_0203": 8,
     "BD33_10000_0304": 17,
     "BD33_10000_0305": 1,
     "BD33_10000_0404": 1,
     "BD33_10000_0405": 6,
     "BD33_10000_0505": 4,
     "BD34_10000_0105": 3,
     "BD34_10000_0203": 8,
     "BD34_10000_0204": 14,
     "BD34_10000_0205": 18,
     "BD34_10000_0301": 8,
     "BD34_10000_0302": 2,
     "BD34_10000_0401": 2,
     "BD34_10000_0402": 5,
     "BD34_10000_0403": 3,
     "BD34_10000_0503": 2,
     "BD35_10000_0101": 1,
     "BD35_10000_0201": 6,
     "BD35_10000_0301": 12,
     "BD35_10000_0302": 18,
     "BD35_10000_0303": 8,
     "BD35_10000_0304": 9,
     "BD35_10000_0305": 8,
     "BD35_10000_0404": 2,
     "BD35_10000_0504": 2,
     "BD36_10000_0202": 10,
     "BD36_10000_0203": 17,
     "BD36_10000_0204": 10,
     "BD36_10000_0205": 15,
     "BD37_10000_0201": 11,
     "BD37_10000_0202": 9,
     "BD37_10000_0302": 6,
     "BD37_10000_0303": 7,
     "BD37_10000_0304": 2,
     "BD37_10000_0404": 9,
     "BD37_10000_0405": 4,
     "BD38_10000_0401": 4,
     "BD38_10000_0501": 8,
     "BD38_10000_0502": 8,
     "BD38_10000_0503": 10,
     "BD38_10000_0504": 7,
     "BD38_10000_0505": 8,
     "BD39_10000_0501": 9,
     "BE33_10000_0105": 14,
     "BE33_10000_0205": 13,
     "BE33_10000_0305": 14,
     "BE33_10000_0404": 14,
     "BE33_10000_0503": 17,
     "BE33_10000_0504": 5,
     "BE35_10000_0103": 3,
     "BE35_10000_0104": 7,
     "BE35_10000_0203": 19,
     "BE35_10000_0204": 13,
     "BE35_10000_0304": 30,
     "BE35_10000_0305": 12,
     "BE35_10000_0404": 2,
     "BE35_10000_0405": 18,
     "BE35_10000_0505": 24,
     "BE36_10000_0305": 4,
     "BE36_10000_0401": 26,
     "BE36_10000_0402": 19,
     "BE36_10000_0403": 19,
     "BE36_10000_0404": 13,
     "BE36_10000_0405": 32,
     "BE37_10000_0301": 19,
     "BE37_10000_0302": 3,
     "BE37_10000_0402": 9,
     "BE39_10000_0101": 12,
     "BE39_10000_0102": 20,
     "BE39_10000_0202": 32,
     "BE39_10000_0203": 3,
     "BE39_10000_0204": 1,
     "BE39_10000_0301": 2,
     "BE39_10000_0302": 20,
     "BE39_10000_0304": 6,
     "BE39_10000_0305": 22,
     "BE39_10000_0402": 31,
     "BE39_10000_0502": 27,
     "BE39_10000_0503": 3,
     "BE40_10000_0301": 5,
     "BE40_10000_0401": 2,
     "BF33_10000_0102": 13,
     "BF33_10000_0103": 13,
     "BF33_10000_0202": 12,
     "BF33_10000_0203": 14,
     "BF33_10000_0303": 27,
     "BF33_10000_0304": 11,
     "BF33_10000_0403": 1,
     "BF33_10000_0404": 60,
     "BF33_10000_0405": 2,
     "BF33_10000_0505": 35,
     "BF35_10000_0105": 6,
     "BF36_10000_0101": 7,
     "BF36_10000_0201": 1,
     "BF38_10000_0405": 18,
     "BF39_10000_0102": 23,
     "BF39_10000_0201": 25,
     "BF39_10000_0202": 5,
     "BF39_10000_0301": 10,
     "BF39_10000_0401": 3,
     "BG32_10000_0404": 2,
     "BG32_10000_0405": 21,
     "BG32_10000_0504": 33,
     "BG33_10000_0105": 68,
     "BG33_10000_0205": 66,
     "BG33_10000_0304": 40,
     "BG33_10000_0305": 15,
     "BG33_10000_0401": 21,
     "BG33_10000_0402": 29,
     "BG33_10000_0403": 52,
     "BG33_10000_0404": 14,
     "BG33_10000_0503": 33,
     "BG33_10000_0504": 16,
     "BG43_10000_0304": 2,
     "BG43_10000_0402": 8,
     "BG43_10000_0403": 5,
     "BG43_10000_0502": 17,
     "BH29_10000_0302": 9,
     "BH29_10000_0303": 12,
     "BH29_10000_0304": 13,
     "BH29_10000_0305": 14,
     "BH29_10000_0405": 18,
     "BH29_10000_0505": 34,
     "BH31_10000_0305": 33,
     "BH31_10000_0403": 14,
     "BH31_10000_0404": 67,
     "BH31_10000_0405": 13,
     "BH31_10000_0502": 33,
     "BH31_10000_0503": 23,
     "BH32_10000_0104": 57,
     "BH32_10000_0201": 2,
     "BH32_10000_0202": 16,
     "BH32_10000_0203": 35,
     "BH32_10000_0204": 29,
     "BH32_10000_0301": 55,
     "BH32_10000_0302": 4,
     "BH33_10000_0104": 14,
     "BH33_10000_0105": 52,
     "BH34_10000_0101": 25,
     "BH34_10000_0201": 35,
     "BH34_10000_0301": 17,
     "BH34_10000_0401": 63,
     "BH34_10000_0501": 44,
     "BH39_10000_0405": 12,
     "BH39_10000_0504": 8,
     "BH39_10000_0505": 31,
     "BH40_10000_0401": 25,
     "BH40_10000_0402": 20,
     "BH40_10000_0403": 28,
     "BH40_10000_0404": 47,
     "BH40_10000_0405": 12,
     "BH40_10000_0504": 15,
     "BH40_10000_0505": 22,
     "BH41_10000_0301": 10,
     "BH41_10000_0302": 19,
     "BH41_10000_0401": 46,
     "BH41_10000_0402": 1,
     "BH41_10000_0403": 7,
     "BH41_10000_0404": 4,
     "BH41_10000_0405": 10,
     "BH42_10000_0401": 4,
     "BH42_10000_0402": 5,
     "BH42_10000_0403": 4,
     "BH42_10000_0404": 20,
     "BH42_10000_0405": 8,
     "BH42_10000_0504": 8,
     "BH42_10000_0505": 17,
     "BH43_10000_0101": 8,
     "BH43_10000_0102": 35,
     "BH43_10000_0201": 18,
     "BH43_10000_0202": 36,
     "BH43_10000_0301": 52,
     "BH43_10000_0401": 18,
     "BJ29_10000_0105": 17,
     "BJ29_10000_0404": 12,
     "BJ29_10000_0405": 11,
     "BJ30_10000_0101": 13,
     "BJ30_10000_0104": 12,
     "BJ30_10000_0105": 12,
     "BJ30_10000_0201": 35,
     "BJ30_10000_0202": 11,
     "BJ30_10000_0203": 21,
     "BJ30_10000_0204": 14,
     "BJ30_10000_0301": 25,
     "BJ30_10000_0401": 22,
     "BJ30_10000_0501": 4,
     "BJ31_10000_0101": 28,
     "BJ31_10000_0102": 8,
     "BJ33_10000_0305": 2,
     "BJ34_10000_0101": 29,
     "BJ34_10000_0201": 19,
     "BJ34_10000_0301": 28,
     "BJ34_10000_0401": 7,
     "BJ34_10000_0402": 21,
     "BJ39_10000_0102": 17,
     "BJ39_10000_0103": 28,
     "BJ39_10000_0104": 21,
     "BJ39_10000_0201": 46,
     "BJ39_10000_0202": 23,
     "BJ39_10000_0301": 68,
     "BJ39_10000_0302": 33,
     "BJ39_10000_0401": 11,
     "BJ39_10000_0402": 5,
     "BJ39_10000_0403": 2,
     "BK30_10000_0101": 16,
     "BK30_10000_0201": 10,
     "BK30_10000_0202": 45,
     "BK30_10000_0203": 45,
     "BK30_10000_0303": 1,
     "BK30_10000_0304": 20,
     "BK30_10000_0404": 11,
     "BK30_10000_0405": 29,
     "BK31_10000_0401": 6,
     "BK31_10000_0402": 10,
     "BK31_10000_0403": 11,
     "BK31_10000_0503": 9,
     "BK31_10000_0504": 27,
     "BK31_10000_0505": 12,
     "BK32_10000_0501": 19,
     "BK32_10000_0502": 26,
     "BK32_10000_0503": 34,
     "BK35_10000_0403": 1,
     "BK35_10000_0404": 23,
     "BK35_10000_0502": 7,
     "BK35_10000_0503": 21,
     "BK38_10000_0405": 19,
     "BK38_10000_0503": 7,
     "BK38_10000_0504": 40,
     "BK38_10000_0505": 11,
     "BK39_10000_0103": 1,
     "BK39_10000_0203": 2,
     "BK39_10000_0301": 5,
     "BK39_10000_0302": 1,
     "BK39_10000_0401": 18,
     "BL32_10000_0101": 1,
     "BL32_10000_0102": 17,
     "BL32_10000_0103": 14,
     "BL32_10000_0104": 40,
     "BL32_10000_0105": 28,
     "BL32_10000_0204": 2,
     "BL32_10000_0205": 1,
     "BL33_10000_0101": 2,
     "BL33_10000_0201": 11,
     "BL33_10000_0202": 38,
     "BL33_10000_0203": 9,
     "BL33_10000_0302": 16,
     "BL33_10000_0303": 16,
     "BL33_10000_0403": 15,
     "BL33_10000_0404": 31,
     "BL33_10000_0405": 33,
     "BL34_10000_0104": 6,
     "BL34_10000_0105": 12,
     "BL34_10000_0203": 21,
     "BL34_10000_0204": 37,
     "BL34_10000_0301": 3,
     "BL34_10000_0302": 30,
     "BL34_10000_0303": 10,
     "BL34_10000_0401": 37,
     "BL34_10000_0501": 20,
     "BL34_10000_0502": 25,
     "BL34_10000_0503": 17,
     "BL35_10000_0101": 7,
     "BL35_10000_0102": 8,
     "BL37_10000_0305": 2,
     "BL37_10000_0401": 3,
     "BL37_10000_0402": 26,
     "BL37_10000_0403": 7,
     "BL37_10000_0404": 7,
     "BL37_10000_0405": 36,
     "BL37_10000_0501": 29,
     "BL38_10000_0103": 22,
     "BL38_10000_0202": 21,
     "BL38_10000_0203": 2,
     "BL38_10000_0301": 22,
     "BL38_10000_0302": 15,
     "BL38_10000_0401": 1,
     "BM34_10000_0103": 34,
     "BM34_10000_0104": 16,
     "BM34_10000_0204": 13,
     "BM34_10000_0205": 9,
     "BM34_10000_0303": 8,
     "BM34_10000_0304": 17,
     "BM34_10000_0305": 33,
     "BM34_10000_0403": 19,
     "BM34_10000_0502": 21,
     "BM34_10000_0503": 14,
     "BM35_10000_0202": 1,
     "BM35_10000_0205": 10,
     "BM35_10000_0301": 29,
     "BM35_10000_0302": 43,
     "BM35_10000_0303": 80,
     "BM35_10000_0304": 17,
     "BM35_10000_0305": 25,
     "BM35_10000_0403": 2,
     "BM35_10000_0404": 7,
     "BM35_10000_0502": 14,
     "BM35_10000_0503": 14,
     "BM36_10000_0103": 16,
     "BM36_10000_0104": 13,
     "BM36_10000_0201": 17,
     "BM36_10000_0202": 7,
     "BM36_10000_0203": 1,
     "BN32_10000_0505": 17,
     "BN33_10000_0104": 1,
     "BN33_10000_0105": 7,
     "BN33_10000_0203": 6,
     "BN33_10000_0204": 25,
     "BN33_10000_0302": 5,
     "BN33_10000_0303": 10,
     "BN33_10000_0401": 17,
     "BN33_10000_0402": 12,
     "BN34_10000_0101": 13,
     "BN34_10000_0505": 21,
     "BN35_10000_0101": 5,
     "BN35_10000_0102": 9,
     "BN35_10000_0201": 24,
     "BN35_10000_0301": 56,
     "BN35_10000_0401": 81,
     "BN35_10000_0501": 21,
     "BP31_10000_0505": 24,
     "BP32_10000_0104": 20,
     "BP32_10000_0105": 19,
     "BP32_10000_0203": 23,
     "BP32_10000_0204": 1,
     "BP32_10000_0301": 6,
     "BP32_10000_0302": 16,
     "BP32_10000_0303": 6,
     "BP32_10000_0401": 61,
     "BP32_10000_0501": 6,
     "BP32_10000_0503": 10,
     "BP32_10000_0504": 6,
     "BP32_10000_0505": 19,
     "BP33_10000_0405": 4,
     "BP33_10000_0502": 9,
     "BP33_10000_0503": 18,
     "BP33_10000_0504": 12,
     "BP34_10000_0105": 21,
     "BP34_10000_0204": 6,
     "BP34_10000_0205": 11,
     "BP34_10000_0302": 3,
     "BP34_10000_0303": 10,
     "BP34_10000_0304": 8,
     "BP34_10000_0401": 13,
     "BP34_10000_0402": 8,
     "BQ28_10000_0304": 2,
     "BQ28_10000_0305": 25,
     "BQ28_10000_0404": 19,
     "BQ28_10000_0405": 22,
     "BQ28_10000_0505": 3,
     "BQ29_10000_0201": 7,
     "BQ31_10000_0104": 2,
     "BQ31_10000_0105": 14,
     "BQ31_10000_0204": 83,
     "BQ31_10000_0205": 40,
     "BQ32_10000_0101": 7,
     "BQ32_10000_0102": 17,
     "BQ32_10000_0103": 2,
     "BQ32_10000_0201": 4,
     "BR20_10000_0405": 4,
     "BR20_10000_0504": 10,
     "BR20_10000_0505": 7,
     "BR21_10000_0203": 6,
     "BR21_10000_0302": 2,
     "BR21_10000_0303": 13,
     "BR21_10000_0401": 9,
     "BR21_10000_0402": 10,
     "BR28_10000_0105": 8,
     "BR29_10000_0101": 22,
     "BR29_10000_0201": 66,
     "BR29_10000_0301": 5,
     "BR29_10000_0302": 25,
     "BR29_10000_0303": 1,
     "BR29_10000_0403": 19,
     "BR29_10000_0503": 22,
     "BS20_10000_0104": 1,
     "BS20_10000_0105": 30,
     "BS21_10000_0101": 56,
     "BS21_10000_0102": 80,
     "BS21_10000_0103": 54,
     "BS21_10000_0104": 40,
     "BS21_10000_0105": 21,
     "BS21_10000_0204": 14,
     "BS21_10000_0304": 16,
     "BS21_10000_0403": 11,
     "BS21_10000_0404": 7,
     "BS21_10000_0503": 19,
     "BS28_10000_0305": 12,
     "BS28_10000_0404": 12,
     "BS28_10000_0405": 18,
     "BS28_10000_0504": 26,
     "BS29_10000_0102": 20,
     "BS29_10000_0103": 13,
     "BS29_10000_0202": 20,
     "BS29_10000_0301": 25,
     "BS29_10000_0302": 1,
     "BT19_10000_0403": 5,
     "BT19_10000_0502": 8,
     "BT19_10000_0503": 75,
     "BT19_10000_0504": 49,
     "BT19_10000_0505": 40,
     "BT20_10000_0205": 8,
     "BT20_10000_0303": 3,
     "BT20_10000_0304": 9,
     "BT20_10000_0305": 20,
     "BT20_10000_0401": 8,
     "BT20_10000_0402": 7,
     "BT20_10000_0403": 15,
     "BT20_10000_0501": 31,
     "BT21_10000_0101": 16,
     "BT21_10000_0102": 20,
     "BT21_10000_0201": 16,
     "BT27_10000_0305": 4,
     "BT27_10000_0404": 12,
     "BT27_10000_0405": 14,
     "BT27_10000_0502": 12,
     "BT27_10000_0503": 33,
     "BT27_10000_0504": 12,
     "BT28_10000_0103": 5,
     "BT28_10000_0104": 8,
     "BT28_10000_0202": 22,
     "BT28_10000_0203": 19,
     "BT28_10000_0301": 42,
     "BT28_10000_0302": 2,
     "BU18_10000_0305": 27,
     "BU18_10000_0403": 5,
     "BU18_10000_0404": 15,
     "BU18_10000_0405": 16,
     "BU18_10000_0503": 1,
     "BU19_10000_0102": 45,
     "BU19_10000_0103": 33,
     "BU19_10000_0105": 12,
     "BU19_10000_0201": 28,
     "BU19_10000_0202": 10,
     "BU19_10000_0301": 21,
     "BU20_10000_0101": 10,
     "BU20_10000_0201": 52,
     "BU20_10000_0202": 68,
     "BU20_10000_0302": 12,
     "BU20_10000_0303": 34,
     "BU20_10000_0402": 6,
     "BU20_10000_0403": 8,
     "BU20_10000_0502": 7,
     "BU20_10000_0503": 14,
     "BU20_10000_0504": 31,
     "BU20_10000_0505": 4,
     "BU26_10000_0205": 5,
     "BU26_10000_0303": 11,
     "BU26_10000_0304": 30,
     "BU26_10000_0305": 11,
     "BU26_10000_0403": 17,
     "BU26_10000_0502": 28,
     "BU26_10000_0503": 7,
     "BU27_10000_0102": 16,
     "BU27_10000_0201": 12,
     "BU27_10000_0202": 23,
     "BU27_10000_0301": 6,
     "BV20_10000_0103": 1,
     "BV20_10000_0104": 27,
     "BV20_10000_0203": 1,
     "BV20_10000_0304": 23,
     "BV20_10000_0404": 6,
     "BV20_10000_0405": 20,
     "BV21_10000_0401": 16,
     "BV21_10000_0402": 24,
     "BV21_10000_0502": 10,
     "BV21_10000_0503": 3,
     "BV21_10000_0504": 7,
     "BV24_10000_0404": 6,
     "BV24_10000_0405": 10,
     "BV24_10000_0503": 4,
     "BV24_10000_0504": 5,
     "BV25_10000_0202": 4,
     "BV25_10000_0203": 24,
     "BV25_10000_0204": 27,
     "BV25_10000_0205": 32,
     "BV25_10000_0301": 5,
     "BV25_10000_0302": 43,
     "BV25_10000_0401": 12,
     "BV26_10000_0102": 45,
     "BV26_10000_0201": 10,
     "BV26_10000_0202": 8,
     "BW21_10000_0104": 17,
     "BW21_10000_0204": 23,
     "BW21_10000_0205": 29,
     "BW21_10000_0305": 24,
     "BW21_10000_0405": 10,
     "BW22_10000_0501": 4,
     "BW22_10000_0502": 2,
     "BW24_10000_0103": 21,
     "BW24_10000_0202": 3,
     "BW24_10000_0203": 15,
     "BW24_10000_0301": 16,
     "BW24_10000_0302": 18,
     "BW24_10000_0401": 3,
     "BW24_10000_0402": 7,
     "BW24_10000_0502": 12,
     "BX22_10000_0102": 1,
     "BX22_10000_0103": 2,
     "BX22_10000_0104": 1,
     "BX22_10000_0105": 1,
     "BX22_10000_0205": 1,
     "BX22_10000_0403": 4,
     "BX22_10000_0404": 8,
     "BX22_10000_0405": 4,
     "BX22_10000_0501": 2,
     "BX22_10000_0502": 11,
     "BX22_10000_0503": 1,
     "BX23_10000_0201": 1,
     "BX23_10000_0202": 1,
     "BX23_10000_0204": 16,
     "BX23_10000_0205": 4,
     "BX23_10000_0301": 2,
     "BX23_10000_0302": 8,
     "BX23_10000_0303": 8,
     "BX23_10000_0401": 1,
     "BX24_10000_0101": 2,
     "BX24_10000_0102": 3,
     "BX24_10000_0201": 11,
     "BX24_10000_0202": 3,
     "BX24_10000_0203": 8,
     "BX24_10000_0303": 4,
     "BY19_10000_0505": 1,
     "BY20_10000_0404": 17,
     "BY20_10000_0405": 13,
     "BY20_10000_0501": 12,
     "BY20_10000_0502": 8,
     "BY20_10000_0503": 11,
     "BY21_10000_0104": 1,
     "BY21_10000_0105": 13,
     "BY21_10000_0202": 2,
     "BY21_10000_0203": 6,
     "BY21_10000_0204": 9,
     "BY21_10000_0301": 15,
     "BY21_10000_0302": 11,
     "BY21_10000_0401": 1,
     "BY22_10000_0101": 26,
     "BZ19_10000_0105": 12,
     "BZ19_10000_0204": 1,
     "BZ19_10000_0205": 2,
     "BZ19_10000_0304": 3,
     "BZ19_10000_0404": 14,
     "BZ19_10000_0504": 9,
     "CA19_10000_0104": 11,
     "CA19_10000_0203": 5,
     "CA19_10000_0204": 7,
     "CA19_10000_0302": 1,
     "CA19_10000_0303": 8,
     "CA19_10000_0402": 9,
     "CA19_10000_0502": 17,
     "CB18_10000_0505": 3,
     "CB19_10000_0102": 17,
     "CB19_10000_0202": 13,
     "CB19_10000_0302": 13,
     "CB19_10000_0401": 12,
     "CB19_10000_0402": 10,
     "CB19_10000_0501": 23,
     "CC18_10000_0104": 12,
     "CC18_10000_0105": 18,
     "CC18_10000_0202": 1,
     "CC18_10000_0203": 7,
     "CC18_10000_0204": 5,
     "CC18_10000_0302": 34,
     "CC18_10000_0402": 29,
     "CC18_10000_0502": 20,
     "CC18_10000_0503": 9,
     "CC19_10000_0101": 2,
     "CD17_10000_0405": 37,
     "CD17_10000_0504": 15,
     "CD17_10000_0505": 40,
     "CD18_10000_0102": 12,
     "CD18_10000_0103": 29,
     "CD18_10000_0201": 25,
     "CD18_10000_0202": 34,
     "CD18_10000_0301": 40,
     "CD18_10000_0401": 14,
     "CE16_10000_0305": 7,
     "CE16_10000_0403": 5,
     "CE16_10000_0404": 19,
     "CE16_10000_0405": 15,
     "CE16_10000_0502": 6,
     "CE16_10000_0503": 5,
     "CE17_10000_0104": 117,
     "CE17_10000_0204": 46,
     "CE17_10000_0205": 16,
     "CE17_10000_0301": 2,
     "CE17_10000_0303": 18,
     "CE17_10000_0304": 37,
     "CE17_10000_0305": 2,
     "CE17_10000_0401": 18,
     "CE17_10000_0402": 9,
     "CF09_10000_0101": 3,
     "CF09_10000_0102": 45,
     "CF09_10000_0103": 26,
     "CF09_10000_0202": 6,
     "CF09_10000_0203": 20,
     "CF09_10000_0302": 15,
     "CF09_10000_0402": 7,
     "CF09_10000_0403": 15,
     "CF09_10000_0503": 10,
     "CF09_10000_0504": 16,
     "CF12_10000_0203": 14,
     "CF12_10000_0204": 7,
     "CF12_10000_0205": 4,
     "CF12_10000_0302": 8,
     "CF12_10000_0303": 5,
     "CF12_10000_0304": 4,
     "CF12_10000_0305": 2,
     "CF12_10000_0401": 1,
     "CF12_10000_0402": 6,
     "CF12_10000_0501": 8,
     "CF13_10000_0301": 3,
     "CF14_10000_0405": 1,
     "CF14_10000_0504": 27,
     "CF14_10000_0505": 21,
     "CF15_10000_0105": 14,
     "CF15_10000_0204": 36,
     "CF15_10000_0205": 21,
     "CF15_10000_0302": 22,
     "CF15_10000_0303": 23,
     "CF15_10000_0304": 2,
     "CF15_10000_0401": 18,
     "CF15_10000_0402": 21,
     "CF15_10000_0501": 18,
     "CF16_10000_0101": 35,
     "CF16_10000_0102": 3,
     "CG09_10000_0104": 14,
     "CG09_10000_0105": 8,
     "CG10_10000_0101": 7,
     "CG10_10000_0102": 3,
     "CG10_10000_0103": 10,
     "CG10_10000_0203": 16,
     "CG10_10000_0205": 12,
     "CG10_10000_0303": 2,
     "CG10_10000_0304": 14,
     "CG10_10000_0305": 7,
     "CG10_10000_0403": 4,
     "CG10_10000_0404": 7,
     "CG10_10000_0503": 20,
     "CG11_10000_0103": 2,
     "CG11_10000_0104": 9,
     "CG11_10000_0105": 4,
     "CG11_10000_0201": 14,
     "CG11_10000_0202": 14,
     "CG11_10000_0203": 3,
     "CH10_10000_0103": 15,
     "CH10_10000_0104": 4
    },
    "tile_scale": 10000,
    "n_features": 12784,
    "failed": [],
    "layer_url": "https://services6.arcgis.com/eqX2HMCD3H8MUs6Q/arcgis/rest/services/Culverts_KiwiRail_/FeatureServer/0",
    "coverage": "tiles"
   },
   "geometry": {
    "type": "MultiPolygon",
    "coordinates": [
     [
      [
       [
        168.27495391587433,
        -46.52107196029271
       ],
       [
        168.27495391587433,
        -46.45649533042436
       ],
       [
        168.28055516976804,
        -46.45649533042436
       ],
       [
        168.28055516976804,
        -46.39191744855562
       ],
       [
        168.28613721399532,
        -46.39191744855562
       ],
       [
        168.28613721399532,
        -46.327338316971286
       ],
       [
        168.2295567604101,
        -46.327338316971286
       ],
       [
        168.2295567604101,
        -46.32475672424694
       ],
       [
        168.1674219652239,
        -46.32475672424694
       ],
       [
        168.1674219652239,
        -46.32214147405914
       ],
       [
        168.10529585433855,
        -46.32214147405914
       ],
       [
        168.10529585433855,
        -46.319492578527175
       ],
       [
        168.04317853720175,
        -46.319492578527175
       ],
       [
        168.04317853720175,
        -46.25225323864034
       ],
       [
        167.98697612397567,
        -46.25225323864034
       ],
       [
        167.98697612397567,
        -46.18499112159079
       ],
       [
        167.9309069134853,
        -46.18499112159079
       ],
       [
        167.9309069134853,
        -46.11770642364456
       ],
       [
        167.93684444129727,
        -46.11770642364456
       ],
       [
        167.93684444129727,
        -46.053157867762245
       ],
       [
        167.94276170508454,
        -46.053157867762245
       ],
       [
        167.94276170508454,
        -45.988607991586406
       ],
       [
        167.88692745068843,
        -45.988607991586406
       ],
       [
        167.88692745068843,
        -45.92131059717595
       ],
       [
        167.9545357818546,
        -45.92131059717595
       ],
       [
        167.9545357818546,
        -45.92405679771748
       ],
       [
        168.01620495122017,
        -45.92405679771748
       ],
       [
        168.01620495122017,
        -45.926769847732864
       ],
       [
        168.0778829070775,
        -45.926769847732864
       ],
       [
        168.0778829070775,
        -45.9940130202568
       ],
       [
        168.0721481540353,
        -45.9940130202568
       ],
       [
        168.0721481540353,
        -46.05857501585113
       ],
       [
        168.00457331641655,
        -46.05857501585113
       ],
       [
        168.00457331641655,
        -46.1204377637542
       ],
       [
        168.060619727932,
        -46.1204377637542
       ],
       [
        168.060619727932,
        -46.187695127532045
       ],
       [
        168.1167986719087,
        -46.187695127532045
       ],
       [
        168.1167986719087,
        -46.254929763202085
       ],
       [
        168.17311079839124,
        -46.254929763202085
       ],
       [
        168.17311079839124,
        -46.257572729396955
       ],
       [
        168.23517313008054,
        -46.257572729396955
       ],
       [
        168.23517313008054,
        -46.26018212500191
       ],
       [
        168.29724400014544,
        -46.26018212500191
       ],
       [
        168.29724400014544,
        -46.26275793794609
       ],
       [
        168.3593232994014,
        -46.26275793794609
       ],
       [
        168.3593232994014,
        -46.329886240265836
       ],
       [
        168.3538519654062,
        -46.329886240265836
       ],
       [
        168.3538519654062,
        -46.394471090078845
       ],
       [
        168.4105948405741,
        -46.394471090078845
       ],
       [
        168.4105948405741,
        -46.33240048231741
       ],
       [
        168.47818059180904,
        -46.33240048231741
       ],
       [
        168.47818059180904,
        -46.33488103146607
       ],
       [
        168.54035716340002,
        -46.33488103146607
       ],
       [
        168.54035716340002,
        -46.337327876205414
       ],
       [
        168.60254176059183,
        -46.337327876205414
       ],
       [
        168.60254176059183,
        -46.27513285095004
       ],
       [
        168.66984240551682,
        -46.27513285095004
       ],
       [
        168.66984240551682,
        -46.27750692298554
       ],
       [
        168.73196998181686,
        -46.27750692298554
       ],
       [
        168.73196998181686,
        -46.279847332139724
       ],
       [
        168.7941052204279,
        -46.279847332139724
       ],
       [
        168.7941052204279,
        -46.21752900475377
       ],
       [
        168.79905084365285,
        -46.21752900475377
       ],
       [
        168.79905084365285,
        -46.15290279967687
       ],
       [
        168.8659774652346,
        -46.15290279967687
       ],
       [
        168.8659774652346,
        -46.09053326268733
       ],
       [
        168.93275045134513,
        -46.09053326268733
       ],
       [
        168.93275045134513,
        -46.0281190766752
       ],
       [
        168.9993704050974,
        -46.0281190766752
       ],
       [
        168.9993704050974,
        -46.03030502637493
       ],
       [
        169.06124606095193,
        -46.03030502637493
       ],
       [
        169.06124606095193,
        -46.03245756012368
       ],
       [
        169.1231287090128,
        -46.03245756012368
       ],
       [
        169.1231287090128,
        -46.099229692804315
       ],
       [
        169.18055455897124,
        -46.099229692804315
       ],
       [
        169.18055455897124,
        -46.16597668697807
       ],
       [
        169.11404184436017,
        -46.16597668697807
       ],
       [
        169.11404184436017,
        -46.16388163572578
       ],
       [
        169.05201506271658,
        -46.16388163572578
       ],
       [
        169.05201506271658,
        -46.16175299920944
       ],
       [
        168.98999533278075,
        -46.16175299920944
       ],
       [
        168.98999533278075,
        -46.15959078727284
       ],
       [
        168.92798276387336,
        -46.15959078727284
       ],
       [
        168.92798276387336,
        -46.222031301665716
       ],
       [
        168.86112107553868,
        -46.222031301665716
       ],
       [
        168.86112107553868,
        -46.28442711856858
       ],
       [
        168.7941052204279,
        -46.28442711856858
       ],
       [
        168.7941052204279,
        -46.34677798632147
       ],
       [
        168.72693459125736,
        -46.34677798632147
       ],
       [
        168.72693459125736,
        -46.34446607120865
       ],
       [
        168.66473427327674,
        -46.34446607120865
       ],
       [
        168.66473427327674,
        -46.40673272119419
       ],
       [
        168.59734310991885,
        -46.40673272119419
       ],
       [
        168.59734310991885,
        -46.4043479767563
       ],
       [
        168.53508559008787,
        -46.4043479767563
       ],
       [
        168.53508559008787,
        -46.40192943010456
       ],
       [
        168.47283613014622,
        -46.40192943010456
       ],
       [
        168.47283613014622,
        -46.464071943350305
       ],
       [
        168.40515889355135,
        -46.464071943350305
       ],
       [
        168.40515889355135,
        -46.52616828957511
       ],
       [
        168.33732484394486,
        -46.52616828957511
       ],
       [
        168.33732484394486,
        -46.588218212486176
       ],
       [
        168.39423078491765,
        -46.588218212486176
       ],
       [
        168.39423078491765,
        -46.65534069385286
       ],
       [
        168.32621168799798,
        -46.65534069385286
       ],
       [
        168.32621168799798,
        -46.6527981035023
       ],
       [
        168.263693449449,
        -46.6527981035023
       ],
       [
        168.263693449449,
        -46.585647335865765
       ],
       [
        168.2693333700281,
        -46.585647335865765
       ],
       [
        168.2693333700281,
        -46.52107196029271
       ],
       [
        168.27495391587433,
        -46.52107196029271
       ]
      ]
     ],
     [
      [
       [
        169.6686684943216,
        -46.18152689689481
       ],
       [
        169.7346733990858,
        -46.18152689689481
       ],
       [
        169.7346733990858,
        -46.18331926314357
       ],
       [
        169.79677051255527,
        -46.18331926314357
       ],
       [
        169.79677051255527,
        -46.12037849473473
       ],
       [
        169.86255613698836,
        -46.12037849473473
       ],
       [
        169.86255613698836,
        -46.12209963373632
       ],
       [
        169.92459207285646,
        -46.12209963373632
       ],
       [
        169.92459207285646,
        -46.05907908121715
       ],
       [
        169.9901590761815,
        -46.05907908121715
       ],
       [
        169.9901590761815,
        -45.99601654155032
       ],
       [
        170.05557498345996,
        -45.99601654155032
       ],
       [
        170.05557498345996,
        -45.99762954930076
       ],
       [
        170.11748259314982,
        -45.99762954930076
       ],
       [
        170.11748259314982,
        -45.934488235393374
       ],
       [
        170.18268124641412,
        -45.934488235393374
       ],
       [
        170.18268124641412,
        -45.87130557206632
       ],
       [
        170.24773011821068,
        -45.87130557206632
       ],
       [
        170.24773011821068,
        -45.872811314705515
       ],
       [
        170.309509139029,
        -45.872811314705515
       ],
       [
        170.309509139029,
        -45.80955088124834
       ],
       [
        170.374342127217,
        -45.80955088124834
       ],
       [
        170.374342127217,
        -45.81098666884766
       ],
       [
        170.43605905799566,
        -45.81098666884766
       ],
       [
        170.43605905799566,
        -45.87712835377677
       ],
       [
        170.4948742591399,
        -45.87712835377677
       ],
       [
        170.4948742591399,
        -45.8137583405624
       ],
       [
        170.55950634929252,
        -45.8137583405624
       ],
       [
        170.55950634929252,
        -45.750348060922306
       ],
       [
        170.56233140811787,
        -45.750348060922306
       ],
       [
        170.56233140811787,
        -45.68560103745731
       ],
       [
        170.56514684059323,
        -45.68560103745731
       ],
       [
        170.56514684059323,
        -45.62085314211368
       ],
       [
        170.62946968377994,
        -45.62085314211368
       ],
       [
        170.62946968377994,
        -45.557395281075166
       ],
       [
        170.69364596518628,
        -45.557395281075166
       ],
       [
        170.69364596518628,
        -45.493897806049354
       ],
       [
        170.69629208700255,
        -45.493897806049354
       ],
       [
        170.69629208700255,
        -45.42914159456229
       ],
       [
        170.76024329422754,
        -45.42914159456229
       ],
       [
        170.76024329422754,
        -45.3656011497118
       ],
       [
        170.76280158882662,
        -45.3656011497118
       ],
       [
        170.76280158882662,
        -45.300840496428364
       ],
       [
        170.7653512052221,
        -45.300840496428364
       ],
       [
        170.7653512052221,
        -45.23607899358119
       ],
       [
        170.76789217945904,
        -45.23607899358119
       ],
       [
        170.76789217945904,
        -45.171316641647174
       ],
       [
        170.77042454737145,
        -45.171316641647174
       ],
       [
        170.77042454737145,
        -45.10655344110414
       ],
       [
        170.8339191400154,
        -45.10655344110414
       ],
       [
        170.8339191400154,
        -45.10772666257956
       ],
       [
        170.89489362544248,
        -45.10772666257956
       ],
       [
        170.89489362544248,
        -45.044098116538464
       ],
       [
        170.9581807290667,
        -45.044098116538464
       ],
       [
        170.9581807290667,
        -44.98043123462502
       ],
       [
        171.02132619791428,
        -44.98043123462502
       ],
       [
        171.02132619791428,
        -44.91672624709166
       ],
       [
        171.08433061327733,
        -44.91672624709166
       ],
       [
        171.08433061327733,
        -44.85298338334629
       ],
       [
        171.08648015567778,
        -44.85298338334629
       ],
       [
        171.08648015567778,
        -44.78820362814828
       ],
       [
        171.08862244812616,
        -44.78820362814828
       ],
       [
        171.08862244812616,
        -44.723423054495356
       ],
       [
        171.09075752033974,
        -44.723423054495356
       ],
       [
        171.09075752033974,
        -44.658641662749446
       ],
       [
        171.09288540186358,
        -44.658641662749446
       ],
       [
        171.09288540186358,
        -44.593859453274284
       ],
       [
        171.09500612207154,
        -44.593859453274284
       ],
       [
        171.09500612207154,
        -44.52907642643539
       ],
       [
        171.1574969994105,
        -44.52907642643539
       ],
       [
        171.1574969994105,
        -44.46528066578969
       ],
       [
        171.21985033025564,
        -44.46528066578969
       ],
       [
        171.21985033025564,
        -44.401447894523535
       ],
       [
        171.2218166883698,
        -44.401447894523535
       ],
       [
        171.2218166883698,
        -44.33665806381067
       ],
       [
        171.2237764469109,
        -44.33665806381067
       ],
       [
        171.2237764469109,
        -44.27186742670091
       ],
       [
        171.2257296326135,
        -44.27186742670091
       ],
       [
        171.2257296326135,
        -44.207075983526465
       ],
       [
        171.2276762720585,
        -44.207075983526465
       ],
       [
        171.2276762720585,
        -44.142283734621614
       ],
       [
        171.28960242593237,
        -44.142283734621614
       ],
       [
        171.28960242593237,
        -44.07840271769172
       ],
       [
        171.29147061390879,
        -44.07840271769172
       ],
       [
        171.29147061390879,
        -44.01360681052345
       ],
       [
        171.35319069585756,
        -44.01360681052345
       ],
       [
        171.35319069585756,
        -44.01448545778575
       ],
       [
        171.41305150792843,
        -44.01448545778575
       ],
       [
        171.41305150792843,
        -44.01533275889922
       ],
       [
        171.47291489245788,
        -44.01533275889922
       ],
       [
        171.47291489245788,
        -44.01614871014501
       ],
       [
        171.53278075259198,
        -44.01614871014501
       ],
       [
        171.53278075259198,
        -43.95212913021507
       ],
       [
        171.59417953959522,
        -43.95212913021507
       ],
       [
        171.59417953959522,
        -43.95288067946361
       ],
       [
        171.65398499780315,
        -43.95288067946361
       ],
       [
        171.65398499780315,
        -43.888792671458454
       ],
       [
        171.71518836753037,
        -43.888792671458454
       ],
       [
        171.71518836753037,
        -43.824669502175915
       ],
       [
        171.77625964835616,
        -43.824669502175915
       ],
       [
        171.77625964835616,
        -43.82532422129934
       ],
       [
        171.83594182124352,
        -43.82532422129934
       ],
       [
        171.83594182124352,
        -43.76113354877251
       ],
       [
        171.89681898482982,
        -43.76113354877251
       ],
       [
        171.89681898482982,
        -43.761724617240546
       ],
       [
        171.956440351803,
        -43.761724617240546
       ],
       [
        171.956440351803,
        -43.6974670056058
       ],
       [
        172.01712404982118,
        -43.6974670056058
       ],
       [
        172.01712404982118,
        -43.697994695600066
       ],
       [
        172.07668441626967,
        -43.697994695600066
       ],
       [
        172.07668441626967,
        -43.63367070750303
       ],
       [
        172.13717530248994,
        -43.63367070750303
       ],
       [
        172.13717530248994,
        -43.634135291493784
       ],
       [
        172.196674477602,
        -43.634135291493784
       ],
       [
        172.196674477602,
        -43.634568912338025
       ],
       [
        172.25617493324,
        -43.634568912338025
       ],
       [
        172.25617493324,
        -43.57014723881846
       ],
       [
        172.19753659211085,
        -43.57014723881846
       ],
       [
        172.19753659211085,
        -43.504921312330005
       ],
       [
        172.13902411899767,
        -43.504921312330005
       ],
       [
        172.13902411899767,
        -43.50448963874891
       ],
       [
        172.07965376554156,
        -43.50448963874891
       ],
       [
        172.07965376554156,
        -43.50402714103691
       ],
       [
        172.02028487053013,
        -43.50402714103691
       ],
       [
        172.02028487053013,
        -43.438712013548425
       ],
       [
        171.96202752373932,
        -43.438712013548425
       ],
       [
        171.96202752373932,
        -43.373367662520735
       ],
       [
        171.9038946968827,
        -43.373367662520735
       ],
       [
        171.9038946968827,
        -43.30799429030304
       ],
       [
        171.90506029409252,
        -43.30799429030304
       ],
       [
        171.90506029409252,
        -43.2431726204248
       ],
       [
        171.847110326111,
        -43.2431726204248
       ],
       [
        171.847110326111,
        -43.1777709721278
       ],
       [
        171.84833074184147,
        -43.1777709721278
       ],
       [
        171.84833074184147,
        -43.11294908085375
       ],
       [
        171.79056208515883,
        -43.11294908085375
       ],
       [
        171.79056208515883,
        -43.112340768418974
       ],
       [
        171.7315789425507,
        -43.112340768418974
       ],
       [
        171.7315789425507,
        -43.04688220907812
       ],
       [
        171.67399645669443,
        -43.04688220907812
       ],
       [
        171.67399645669443,
        -43.046214611140975
       ],
       [
        171.6150794543907,
        -43.046214611140975
       ],
       [
        171.6150794543907,
        -43.04551669029727
       ],
       [
        171.55616460193482,
        -43.04551669029727
       ],
       [
        171.55616460193482,
        -42.979972540888525
       ],
       [
        171.55768243027634,
        -42.979972540888525
       ],
       [
        171.55768243027634,
        -42.91515585241029
       ],
       [
        171.50040617207915,
        -42.91515585241029
       ],
       [
        171.50040617207915,
        -42.849584937038316
       ],
       [
        171.501975441978,
        -42.849584937038316
       ],
       [
        171.501975441978,
        -42.78476838614072
       ],
       [
        171.44487549019192,
        -42.78476838614072
       ],
       [
        171.44487549019192,
        -42.7191710205421
       ],
       [
        171.44649546029615,
        -42.7191710205421
       ],
       [
        171.44649546029615,
        -42.65435466193201
       ],
       [
        171.44811008247015,
        -42.65435466193201
       ],
       [
        171.44811008247015,
        -42.58953751792279
       ],
       [
        171.39124025851558,
        -42.58953751792279
       ],
       [
        171.39124025851558,
        -42.52391504745425
       ],
       [
        171.33448845119412,
        -42.52391504745425
       ],
       [
        171.33448845119412,
        -42.458265720085926
       ],
       [
        171.27785414387935,
        -42.458265720085926
       ],
       [
        171.27785414387935,
        -42.52221667190994
       ],
       [
        171.21766364145162,
        -42.52221667190994
       ],
       [
        171.21766364145162,
        -42.58613310380351
       ],
       [
        171.15734914294356,
        -42.58613310380351
       ],
       [
        171.15734914294356,
        -42.6500148053628
       ],
       [
        171.09691014736927,
        -42.6500148053628
       ],
       [
        171.09691014736927,
        -42.71386156547327
       ],
       [
        171.03634615222998,
        -42.71386156547327
       ],
       [
        171.03634615222998,
        -42.71287181450993
       ],
       [
        170.97776468974914,
        -42.71287181450993
       ],
       [
        170.97776468974914,
        -42.776651176524624
       ],
       [
        170.91701732528546,
        -42.776651176524624
       ],
       [
        170.91701732528546,
        -42.710802484924635
       ],
       [
        170.91918631922758,
        -42.710802484924635
       ],
       [
        170.91918631922758,
        -42.64600497167616
       ],
       [
        170.97986576905888,
        -42.64600497167616
       ],
       [
        170.97986576905888,
        -42.64705224287141
       ],
       [
        171.03838646269787,
        -42.64705224287141
       ],
       [
        171.03838646269787,
        -42.58326665446781
       ],
       [
        171.09888314771933,
        -42.58326665446781
       ],
       [
        171.09888314771933,
        -42.51944593160572
       ],
       [
        171.1592552468949,
        -42.51944593160572
       ],
       [
        171.1592552468949,
        -42.4555902854657
       ],
       [
        171.16115507029937,
        -42.4555902854657
       ],
       [
        171.16115507029937,
        -42.39078050316764
       ],
       [
        171.22133682183076,
        -42.39078050316764
       ],
       [
        171.22133682183076,
        -42.326887267760476
       ],
       [
        171.2813953954454,
        -42.326887267760476
       ],
       [
        171.2813953954454,
        -42.39258972926431
       ],
       [
        171.3379211497007,
        -42.39258972926431
       ],
       [
        171.3379211497007,
        -42.39344990764381
       ],
       [
        171.39621711769752,
        -42.39344990764381
       ],
       [
        171.39621711769752,
        -42.329461981577445
       ],
       [
        171.45610369594087,
        -42.329461981577445
       ],
       [
        171.45610369594087,
        -42.330261094729174
       ],
       [
        171.51434455733562,
        -42.330261094729174
       ],
       [
        171.51434455733562,
        -42.26620783848173
       ],
       [
        171.57405129058463,
        -42.26620783848173
       ],
       [
        171.57405129058463,
        -42.2669461433824
       ],
       [
        171.63223685726481,
        -42.2669461433824
       ],
       [
        171.63223685726481,
        -42.2028280950856
       ],
       [
        171.6917643301247,
        -42.2028280950856
       ],
       [
        171.6917643301247,
        -42.13867670152148
       ],
       [
        171.7511705667275,
        -42.13867670152148
       ],
       [
        171.7511705667275,
        -42.139323545513065
       ],
       [
        171.80924321640154,
        -42.139323545513065
       ],
       [
        171.80924321640154,
        -42.07510823561953
       ],
       [
        171.81045606008303,
        -42.07510823561953
       ],
       [
        171.81045606008303,
        -42.01027470171487
       ],
       [
        171.86962130167672,
        -42.01027470171487
       ],
       [
        171.86962130167672,
        -41.94602450532143
       ],
       [
        171.87076746296788,
        -41.94602450532143
       ],
       [
        171.87076746296788,
        -41.881188126070036
       ],
       [
        171.81407075728683,
        -41.881188126070036
       ],
       [
        171.81407075728683,
        -41.88060534473294
       ],
       [
        171.7562333997213,
        -41.88060534473294
       ],
       [
        171.7562333997213,
        -41.87999344178663
       ],
       [
        171.69839787721932,
        -41.87999344178663
       ],
       [
        171.69839787721932,
        -41.87935241978485
       ],
       [
        171.64056427500145,
        -41.87935241978485
       ],
       [
        171.64056427500145,
        -41.878682281402796
       ],
       [
        171.58273267827036,
        -41.878682281402796
       ],
       [
        171.58273267827036,
        -41.813153131301206
       ],
       [
        171.5841630069333,
        -41.813153131301206
       ],
       [
        171.5841630069333,
        -41.74832245907688
       ],
       [
        171.64330379731362,
        -41.74832245907688
       ],
       [
        171.64330379731362,
        -41.68418553536685
       ],
       [
        171.70232602458822,
        -41.68418553536685
       ],
       [
        171.70232602458822,
        -41.68485114086773
       ],
       [
        171.759987115111,
        -41.68485114086773
       ],
       [
        171.759987115111,
        -41.62065109260697
       ],
       [
        171.81883530263164,
        -41.62065109260697
       ],
       [
        171.81883530263164,
        -41.55641861231867
       ],
       [
        171.87756597674064,
        -41.55641861231867
       ],
       [
        171.87756597674064,
        -41.621835012449544
       ],
       [
        171.87644216022807,
        -41.621835012449544
       ],
       [
        171.87644216022807,
        -41.68667442977949
       ],
       [
        171.81765001993222,
        -41.68667442977949
       ],
       [
        171.81765001993222,
        -41.75093293744049
       ],
       [
        171.75873997950904,
        -41.75093293744049
       ],
       [
        171.75873997950904,
        -41.7503237966632
       ],
       [
        171.70102093553197,
        -41.7503237966632
       ],
       [
        171.70102093553197,
        -41.81451942796539
       ],
       [
        171.75748874623704,
        -41.81451942796539
       ],
       [
        171.75748874623704,
        -41.81515900174534
       ],
       [
        171.81526776207014,
        -41.81515900174534
       ],
       [
        171.81526776207014,
        -41.81576952222999
       ],
       [
        171.87304852109224,
        -41.81576952222999
       ],
       [
        171.87304852109224,
        -41.816350986875044
       ],
       [
        171.9308309383725,
        -41.816350986875044
       ],
       [
        171.9308309383725,
        -41.816903393257185
       ],
       [
        171.98861492896464,
        -41.816903393257185
       ],
       [
        171.98861492896464,
        -41.882266314308474
       ],
       [
        171.92975063664153,
        -41.882266314308474
       ],
       [
        171.92975063664153,
        -41.94657941603363
       ],
       [
        171.928666781471,
        -41.94657941603363
       ],
       [
        171.928666781471,
        -42.01141629099506
       ],
       [
        171.92757935930752,
        -42.01141629099506
       ],
       [
        171.92757935930752,
        -42.07625240798666
       ],
       [
        171.8684713664411,
        -42.07625240798666
       ],
       [
        171.8684713664411,
        -42.140529080657195
       ],
       [
        171.80924321640154,
        -42.140529080657195
       ],
       [
        171.80924321640154,
        -42.20477301284411
       ],
       [
        171.74989441735988,
        -42.20477301284411
       ],
       [
        171.74989441735988,
        -42.26898399937835
       ],
       [
        171.69042447595606,
        -42.26898399937835
       ],
       [
        171.69042447595606,
        -42.333161834401906
       ],
       [
        171.6308328972972,
        -42.333161834401906
       ],
       [
        171.6308328972972,
        -42.33248101266323
       ],
       [
        171.5725876536118,
        -42.33248101266323
       ],
       [
        171.5725876536118,
        -42.39659430677309
       ],
       [
        171.51281622310202,
        -42.39659430677309
       ],
       [
        171.51281622310202,
        -42.39585266091148
       ],
       [
        171.45451550475326,
        -42.39585266091148
       ],
       [
        171.45451550475326,
        -42.45990087506861
       ],
       [
        171.4529220681426,
        -42.45990087506861
       ],
       [
        171.4529220681426,
        -42.524719588854204
       ],
       [
        171.50974439142493,
        -42.524719588854204
       ],
       [
        171.50974439142493,
        -42.59031404012825
       ],
       [
        171.56668460192031,
        -42.59031404012825
       ],
       [
        171.56668460192031,
        -42.65588130616371
       ],
       [
        171.56519661904008,
        -42.65588130616371
       ],
       [
        171.56519661904008,
        -42.72070111097449
       ],
       [
        171.62231117666389,
        -42.72070111097449
       ],
       [
        171.62231117666389,
        -42.7214211918435
       ],
       [
        171.68092075140584,
        -42.7214211918435
       ],
       [
        171.68092075140584,
        -42.78693350136309
       ],
       [
        171.62087439380275,
        -42.78693350136309
       ],
       [
        171.62087439380275,
        -42.85106171908803
       ],
       [
        171.56070303788042,
        -42.85106171908803
       ],
       [
        171.56070303788042,
        -42.91515585241029
       ],
       [
        171.61798652304455,
        -42.91515585241029
       ],
       [
        171.61798652304455,
        -42.98069914289134
       ],
       [
        171.67539050685644,
        -42.98069914289134
       ],
       [
        171.67539050685644,
        -42.98139549317262
       ],
       [
        171.73424766633735,
        -42.98139549317262
       ],
       [
        171.73424766633735,
        -42.982061588751286
       ],
       [
        171.79310678529697,
        -42.982061588751286
       ],
       [
        171.79310678529697,
        -43.04751948124608
       ],
       [
        171.8507594493125,
        -43.04751948124608
       ],
       [
        171.8507594493125,
        -43.048126424912105
       ],
       [
        171.9096841375301,
        -43.048126424912105
       ],
       [
        171.9096841375301,
        -43.11352699380653
       ],
       [
        171.9085339281747,
        -43.11352699380653
       ],
       [
        171.9085339281747,
        -43.17835018819203
       ],
       [
        171.96643075361456,
        -43.17835018819203
       ],
       [
        171.96643075361456,
        -43.24372260316559
       ],
       [
        171.96533543012686,
        -43.24372260316559
       ],
       [
        171.96533543012686,
        -43.30854551281404
       ],
       [
        171.96423646027642,
        -43.30854551281404
       ],
       [
        171.96423646027642,
        -43.373367662520735
       ],
       [
        172.02237459586297,
        -43.373367662520735
       ],
       [
        172.02237459586297,
        -43.37388944807937
       ],
       [
        172.08161690227837,
        -43.37388944807937
       ],
       [
        172.08161690227837,
        -43.43920422428047
       ],
       [
        172.13994391621088,
        -43.43920422428047
       ],
       [
        172.13994391621088,
        -43.43966568216679
       ],
       [
        172.19925222327066,
        -43.43966568216679
       ],
       [
        172.19925222327066,
        -43.44009638520937
       ],
       [
        172.25856179568245,
        -43.44009638520937
       ],
       [
        172.25856179568245,
        -43.50532215990808
       ],
       [
        172.3171429897182,
        -43.50532215990808
       ],
       [
        172.3171429897182,
        -43.505692179744685
       ],
       [
        172.37651823657257,
        -43.505692179744685
       ],
       [
        172.37651823657257,
        -43.57085804710802
       ],
       [
        172.43528976330668,
        -43.57085804710802
       ],
       [
        172.43528976330668,
        -43.50633972990764
       ],
       [
        172.49527160077707,
        -43.50633972990764
       ],
       [
        172.49527160077707,
        -43.50661725742534
       ],
       [
        172.55464952995067,
        -43.50661725742534
       ],
       [
        172.55464952995067,
        -43.442034656627214
       ],
       [
        172.61444055575203,
        -43.442034656627214
       ],
       [
        172.61444055575203,
        -43.37741950970876
       ],
       [
        172.55559960575323,
        -43.37741950970876
       ],
       [
        172.55559960575323,
        -43.3123738408038
       ],
       [
        172.55607227686858,
        -43.3123738408038
       ],
       [
        172.55607227686858,
        -43.247542320140575
       ],
       [
        172.615669522808,
        -43.247542320140575
       ],
       [
        172.615669522808,
        -43.18292350093869
       ],
       [
        172.6751406060759,
        -43.18292350093869
       ],
       [
        172.6751406060759,
        -43.11827255803591
       ],
       [
        172.67548380075203,
        -43.11827255803591
       ],
       [
        172.67548380075203,
        -43.05343792254729
       ],
       [
        172.73476592428278,
        -43.05343792254729
       ],
       [
        172.73476592428278,
        -42.98875398253983
       ],
       [
        172.7939233581446,
        -42.98875398253983
       ],
       [
        172.7939233581446,
        -42.988875131299125
       ],
       [
        172.85280217065835,
        -42.988875131299125
       ],
       [
        172.85280217065835,
        -42.9241290607345
       ],
       [
        172.91177388516502,
        -42.9241290607345
       ],
       [
        172.91177388516502,
        -42.85935169301525
       ],
       [
        172.9706220690906,
        -42.85935169301525
       ],
       [
        172.9706220690906,
        -42.859381844297474
       ],
       [
        173.0293779309094,
        -42.859381844297474
       ],
       [
        173.0293779309094,
        -42.85935169301525
       ],
       [
        173.08813374747984,
        -42.85935169301525
       ],
       [
        173.08813374747984,
        -42.85929139057959
       ],
       [
        173.14688942830568,
        -42.85929139057959
       ],
       [
        173.14688942830568,
        -42.85920093724805
       ],
       [
        173.20543007377955,
        -42.85920093724805
       ],
       [
        173.20543007377955,
        -42.79436273335176
       ],
       [
        173.2052159745425,
        -42.79436273335176
       ],
       [
        173.2052159745425,
        -42.72940373052397
       ],
       [
        173.26357421216187,
        -42.72940373052397
       ],
       [
        173.26357421216187,
        -42.66456432173315
       ],
       [
        173.26330075856558,
        -42.66456432173315
       ],
       [
        173.26330075856558,
        -42.5995747749031
       ],
       [
        173.32181122152215,
        -42.5995747749031
       ],
       [
        173.32181122152215,
        -42.599395496325336
       ],
       [
        173.37992751717715,
        -42.599395496325336
       ],
       [
        173.37992751717715,
        -42.53434666732806
       ],
       [
        173.43837635129782,
        -42.53434666732806
       ],
       [
        173.43837635129782,
        -42.534108172699085
       ],
       [
        173.49631142295186,
        -42.534108172699085
       ],
       [
        173.49631142295186,
        -42.4692682974854
       ],
       [
        173.49580001678032,
        -42.4692682974854
       ],
       [
        173.49580001678032,
        -42.40416058624595
       ],
       [
        173.55412692067225,
        -42.40416058624595
       ],
       [
        173.55412692067225,
        -42.40386381820704
       ],
       [
        173.61182335395216,
        -42.40386381820704
       ],
       [
        173.61182335395216,
        -42.33869802854739
       ],
       [
        173.66940123052828,
        -42.33869802854739
       ],
       [
        173.66940123052828,
        -42.27350342788431
       ],
       [
        173.72760566398438,
        -42.27350342788431
       ],
       [
        173.72760566398438,
        -42.27311938640775
       ],
       [
        173.78500484864884,
        -42.27311938640775
       ],
       [
        173.78500484864884,
        -42.2078675711255
       ],
       [
        173.8422866042497,
        -42.2078675711255
       ],
       [
        173.8422866042497,
        -42.14258747132045
       ],
       [
        173.8994514334628,
        -42.14258747132045
       ],
       [
        173.8994514334628,
        -42.077748727515605
       ],
       [
        173.898537263259,
        -42.077748727515605
       ],
       [
        173.898537263259,
        -42.01244084710866
       ],
       [
        173.95552991115338,
        -42.01244084710866
       ],
       [
        173.95552991115338,
        -41.94710513447447
       ],
       [
        174.01343231469968,
        -41.94710513447447
       ],
       [
        174.01343231469968,
        -41.94657941603363
       ],
       [
        174.07024936335847,
        -41.94657941603363
       ],
       [
        174.07024936335847,
        -41.881741783365534
       ],
       [
        174.0691690616275,
        -41.881741783365534
       ],
       [
        174.0691690616275,
        -41.816350986875044
       ],
       [
        174.12581655358395,
        -41.816350986875044
       ],
       [
        174.12581655358395,
        -41.751513088016964
       ],
       [
        174.1246853452222,
        -41.751513088016964
       ],
       [
        174.1246853452222,
        -41.687224341801794
       ],
       [
        174.06701906464232,
        -41.687224341801794
       ],
       [
        174.06701906464232,
        -41.68774532444113
       ],
       [
        174.00833928999506,
        -41.68774532444113
       ],
       [
        174.00833928999506,
        -41.62290348557145
       ],
       [
        174.00733066831808,
        -41.62290348557145
       ],
       [
        174.00733066831808,
        -41.55855072064888
       ],
       [
        173.94882884439792,
        -41.55855072064888
       ],
       [
        173.94882884439792,
        -41.49370626575724
       ],
       [
        173.94788403724252,
        -41.49370626575724
       ],
       [
        173.94788403724252,
        -41.4293200004608
       ],
       [
        173.88955872240587,
        -41.4293200004608
       ],
       [
        173.88955872240587,
        -41.364473004262415
       ],
       [
        173.8886769392878,
        -41.364473004262415
       ],
       [
        173.8886769392878,
        -41.299168394492575
       ],
       [
        173.94600367185353,
        -41.299168394492575
       ],
       [
        173.94600367185353,
        -41.29868298656769
       ],
       [
        174.0023367901253,
        -41.29868298656769
       ],
       [
        174.0023367901253,
        -41.23332384304912
       ],
       [
        174.06065296954193,
        -41.23332384304912
       ],
       [
        174.06065296954193,
        -41.29868298656769
       ],
       [
        174.00432454465147,
        -41.29868298656769
       ],
       [
        174.00432454465147,
        -41.36352859273003
       ],
       [
        174.0053233080187,
        -41.36352859273003
       ],
       [
        174.0053233080187,
        -41.42837344599265
       ],
       [
        174.006325345128,
        -41.42837344599265
       ],
       [
        174.006325345128,
        -41.49270009066534
       ],
       [
        174.06488312062672,
        -41.49270009066534
       ],
       [
        174.06488312062672,
        -41.55754226386419
       ],
       [
        174.0659493426517,
        -41.55754226386419
       ],
       [
        174.0659493426517,
        -41.621835012449544
       ],
       [
        174.12355783977193,
        -41.621835012449544
       ],
       [
        174.12355783977193,
        -41.62125748218508
       ],
       [
        174.18234998006778,
        -41.62125748218508
       ],
       [
        174.18234998006778,
        -41.68609559065946
       ],
       [
        174.18353915533174,
        -41.68609559065946
       ],
       [
        174.18353915533174,
        -41.75093293744049
       ],
       [
        174.1847322379299,
        -41.75093293744049
       ],
       [
        174.1847322379299,
        -41.81576952222999
       ],
       [
        174.18592924271317,
        -41.81576952222999
       ],
       [
        174.18592924271317,
        -41.881188126070036
       ],
       [
        174.12923253703212,
        -41.881188126070036
       ],
       [
        174.12923253703212,
        -41.94602450532143
       ],
       [
        174.1303786983233,
        -41.94602450532143
       ],
       [
        174.1303786983233,
        -42.01141629099506
       ],
       [
        174.0724206406925,
        -42.01141629099506
       ],
       [
        174.0724206406925,
        -42.01194319931592
       ],
       [
        174.01549305592195,
        -42.01194319931592
       ],
       [
        174.01549305592195,
        -42.077279282453425
       ],
       [
        173.95844928319883,
        -42.077279282453425
       ],
       [
        173.95844928319883,
        -42.14211696424093
       ],
       [
        173.95942882763373,
        -42.14211696424093
       ],
       [
        173.95942882763373,
        -42.207425463477286
       ],
       [
        173.90221206198996,
        -42.207425463477286
       ],
       [
        173.90221206198996,
        -42.272705811119806
       ],
       [
        173.84487771849072,
        -42.272705811119806
       ],
       [
        173.84487771849072,
        -42.3379578113269
       ],
       [
        173.78661581576665,
        -42.3379578113269
       ],
       [
        173.78661581576665,
        -42.33834272103346
       ],
       [
        173.72910226087976,
        -42.33834272103346
       ],
       [
        173.72910226087976,
        -42.403537378192304
       ],
       [
        173.67146999404267,
        -42.403537378192304
       ],
       [
        173.67146999404267,
        -42.46870316039381
       ],
       [
        173.61308470238782,
        -42.46870316039381
       ],
       [
        173.61308470238782,
        -42.46900059908011
       ],
       [
        173.5552719340076,
        -42.46900059908011
       ],
       [
        173.5552719340076,
        -42.533839869463634
       ],
       [
        173.5558472823133,
        -42.533839869463634
       ],
       [
        173.5558472823133,
        -42.59894730654001
       ],
       [
        173.49785581186825,
        -42.59894730654001
       ],
       [
        173.49785581186825,
        -42.66402527206999
       ],
       [
        173.4392863286894,
        -42.66402527206999
       ],
       [
        173.4392863286894,
        -42.664234900860606
       ],
       [
        173.3807161747281,
        -42.664234900860606
       ],
       [
        173.3807161747281,
        -42.66441458433629
       ],
       [
        173.32248076413583,
        -42.66441458433629
       ],
       [
        173.32248076413583,
        -42.729253655013046
       ],
       [
        173.32281720001384,
        -42.729253655013046
       ],
       [
        173.32281720001384,
        -42.79424240112377
       ],
       [
        173.26440002074585,
        -42.79424240112377
       ],
       [
        173.26440002074585,
        -42.85908033340695
       ],
       [
        173.26467711802854,
        -42.85908033340695
       ],
       [
        173.26467711802854,
        -42.92403840326903
       ],
       [
        173.20586040465395,
        -42.92403840326903
       ],
       [
        173.20586040465395,
        -42.9241290607345
       ],
       [
        173.14704337330707,
        -42.9241290607345
       ],
       [
        173.14704337330707,
        -42.92418949926026
       ],
       [
        173.08822611483498,
        -42.92418949926026
       ],
       [
        173.08822611483498,
        -42.924219718587764
       ],
       [
        173.02940872008682,
        -42.924219718587764
       ],
       [
        173.02940872008682,
        -42.92422349600673
       ],
       [
        172.97059127991318,
        -42.92422349600673
       ],
       [
        172.97059127991318,
        -42.98905685573567
       ],
       [
        172.91168121118804,
        -42.98905685573567
       ],
       [
        172.91168121118804,
        -43.05386289979008
       ],
       [
        172.85264720158662,
        -43.05386289979008
       ],
       [
        172.85264720158662,
        -43.0538021882344
       ],
       [
        172.79370640269815,
        -43.0538021882344
       ],
       [
        172.79370640269815,
        -43.118546372943
       ],
       [
        172.7344860566423,
        -43.118546372943
       ],
       [
        172.7344860566423,
        -43.183258915940385
       ],
       [
        172.73420525828078,
        -43.183258915940385
       ],
       [
        172.73420525828078,
        -43.24809241589645
       ],
       [
        172.67479626938686,
        -43.24809241589645
       ],
       [
        172.67479626938686,
        -43.31277202645185
       ],
       [
        172.67445078617592,
        -43.31277202645185
       ],
       [
        172.67445078617592,
        -43.37760370289876
       ],
       [
        172.6741041519086,
        -43.37760370289876
       ],
       [
        172.6741041519086,
        -43.44243463933823
       ],
       [
        172.67375636202462,
        -43.44243463933823
       ],
       [
        172.67375636202462,
        -43.50726483567894
       ],
       [
        172.7327871765296,
        -43.50726483567894
       ],
       [
        172.7327871765296,
        -43.57224882745957
       ],
       [
        172.73250071607137,
        -43.57224882745957
       ],
       [
        172.73250071607137,
        -43.63707789151202
       ],
       [
        172.67270601268075,
        -43.63707789151202
       ],
       [
        172.67270601268075,
        -43.572094291833274
       ],
       [
        172.6136143977564,
        -43.572094291833274
       ],
       [
        172.6136143977564,
        -43.571908850558906
       ],
       [
        172.55417211272115,
        -43.571908850558906
       ],
       [
        172.55417211272115,
        -43.57169250444212
       ],
       [
        172.49473053641276,
        -43.57169250444212
       ],
       [
        172.49473053641276,
        -43.571445254422876
       ],
       [
        172.43528976330668,
        -43.571445254422876
       ],
       [
        172.43528976330668,
        -43.63599372853941
       ],
       [
        172.37517930687403,
        -43.63599372853941
       ],
       [
        172.37517930687403,
        -43.63568397779977
       ],
       [
        172.315676574602,
        -43.63568397779977
       ],
       [
        172.315676574602,
        -43.70016767406731
       ],
       [
        172.25537399076438,
        -43.70016767406731
       ],
       [
        172.25537399076438,
        -43.69979514777882
       ],
       [
        172.19580948190188,
        -43.69979514777882
       ],
       [
        172.19580948190188,
        -43.69939158496167
       ],
       [
        172.13624625868113,
        -43.69939158496167
       ],
       [
        172.13624625868113,
        -43.763777929411575
       ],
       [
        172.07568800892068,
        -43.763777929411575
       ],
       [
        172.07568800892068,
        -43.76331125023987
       ],
       [
        172.01606339166767,
        -43.76331125023987
       ],
       [
        172.01606339166767,
        -43.827631486483455
       ],
       [
        171.9553116851154,
        -43.827631486483455
       ],
       [
        171.9553116851154,
        -43.82710141706187
       ],
       [
        171.8956258654468,
        -43.82710141706187
       ],
       [
        171.8956258654468,
        -43.89135498153043
       ],
       [
        171.83468004578012,
        -43.89135498153043
       ],
       [
        171.83468004578012,
        -43.890761248241674
       ],
       [
        171.774933219133,
        -43.890761248241674
       ],
       [
        171.774933219133,
        -43.95494757585579
       ],
       [
        171.7137926321409,
        -43.95494757585579
       ],
       [
        171.7137926321409,
        -44.019098946880696
       ],
       [
        171.6525195121326,
        -44.019098946880696
       ],
       [
        171.6525195121326,
        -44.01840842954744
       ],
       [
        171.59264899145143,
        -44.01840842954744
       ],
       [
        171.59264899145143,
        -44.0176865488446
       ],
       [
        171.53278075259198,
        -44.0176865488446
       ],
       [
        171.53278075259198,
        -44.081736701495295
       ],
       [
        171.47124867708928,
        -44.081736701495295
       ],
       [
        171.47124867708928,
        -44.080950337861736
       ],
       [
        171.41132004078838,
        -44.080950337861736
       ],
       [
        171.41132004078838,
        -44.080132550263365
       ],
       [
        171.35139398732244,
        -44.080132550263365
       ],
       [
        171.35139398732244,
        -44.14408043046019
       ],
       [
        171.34959124865276,
        -44.14408043046019
       ],
       [
        171.34959124865276,
        -44.20887672198003
       ],
       [
        171.28772796389842,
        -44.20887672198003
       ],
       [
        171.28772796389842,
        -44.27278563417816
       ],
       [
        171.28584720241653,
        -44.27278563417816
       ],
       [
        171.28584720241653,
        -44.33757833694607
       ],
       [
        171.28396011594978,
        -44.33757833694607
       ],
       [
        171.28396011594978,
        -44.40237023782834
       ],
       [
        171.28206667881386,
        -44.40237023782834
       ],
       [
        171.28206667881386,
        -44.467161336515225
       ],
       [
        171.280166865176,
        -44.467161336515225
       ],
       [
        171.280166865176,
        -44.5319516326991
       ],
       [
        171.2178773456792,
        -44.5319516326991
       ],
       [
        171.2178773456792,
        -44.595812544990316
       ],
       [
        171.15545038007187,
        -44.595812544990316
       ],
       [
        171.15545038007187,
        -44.65963642754115
       ],
       [
        171.15339685428634,
        -44.65963642754115
       ],
       [
        171.15339685428634,
        -44.72442005631898
       ],
       [
        171.15133639377166,
        -44.72442005631898
       ],
       [
        171.15133639377166,
        -44.789202871956526
       ],
       [
        171.14926897008098,
        -44.789202871956526
       ],
       [
        171.14926897008098,
        -44.85398487411428
       ],
       [
        171.1471945546018,
        -44.85398487411428
       ],
       [
        171.1471945546018,
        -44.918766062454615
       ],
       [
        171.1451131185548,
        -44.918766062454615
       ],
       [
        171.1451131185548,
        -44.983546436641774
       ],
       [
        171.08217379103402,
        -44.983546436641774
       ],
       [
        171.08217379103402,
        -45.04731773461755
       ],
       [
        171.08000965888235,
        -45.04731773461755
       ],
       [
        171.08000965888235,
        -45.11209421241127
       ],
       [
        171.0168532522749,
        -45.11209421241127
       ],
       [
        171.0168532522749,
        -45.111051135361706
       ],
       [
        170.95587169737266,
        -45.111051135361706
       ],
       [
        170.95587169737266,
        -45.174746408699235
       ],
       [
        170.89250776574156,
        -45.174746408699235
       ],
       [
        170.89250776574156,
        -45.17363575801674
       ],
       [
        170.83146430390235,
        -45.17363575801674
       ],
       [
        170.83146430390235,
        -45.237257495964165
       ],
       [
        170.82900113082124,
        -45.237257495964165
       ],
       [
        170.82900113082124,
        -45.30202164818863
       ],
       [
        170.8877117032138,
        -45.30202164818863
       ],
       [
        170.8877117032138,
        -45.36793594234673
       ],
       [
        170.8853014328139,
        -45.36793594234673
       ],
       [
        170.8853014328139,
        -45.43270099465927
       ],
       [
        170.82156124218594,
        -45.43270099465927
       ],
       [
        170.82156124218594,
        -45.49630904159746
       ],
       [
        170.7576762851672,
        -45.49630904159746
       ],
       [
        170.7576762851672,
        -45.559878007423976
       ],
       [
        170.75510052517404,
        -45.559878007423976
       ],
       [
        170.75510052517404,
        -45.62463525770109
       ],
       [
        170.69099081621908,
        -45.62463525770109
       ],
       [
        170.69099081621908,
        -45.68816129515858
       ],
       [
        170.62673464481568,
        -45.68816129515858
       ],
       [
        170.62673464481568,
        -45.75164769245154
       ],
       [
        170.68565328498067,
        -45.75164769245154
       ],
       [
        170.68565328498067,
        -45.81766599509244
       ],
       [
        170.68297082622053,
        -45.81766599509244
       ],
       [
        170.68297082622053,
        -45.88241705571725
       ],
       [
        170.61847330242938,
        -45.88241705571725
       ],
       [
        170.61847330242938,
        -45.881144972175626
       ],
       [
        170.55667162349368,
        -45.881144972175626
       ],
       [
        170.55667162349368,
        -45.879839489973996
       ],
       [
        170.4948742591399,
        -45.879839489973996
       ],
       [
        170.4948742591399,
        -45.94324200919527
       ],
       [
        170.4300933815845,
        -45.94324200919527
       ],
       [
        170.4300933815845,
        -45.94186666254227
       ],
       [
        170.36823324924842,
        -45.94186666254227
       ],
       [
        170.36823324924842,
        -45.94045786082032
       ],
       [
        170.30637777669963,
        -45.94045786082032
       ],
       [
        170.30637777669963,
        -45.939015610522056
       ],
       [
        170.24452707281404,
        -45.939015610522056
       ],
       [
        170.24452707281404,
        -46.002267611263434
       ],
       [
        170.17939531940044,
        -46.002267611263434
       ],
       [
        170.17939531940044,
        -46.065478472604894
       ],
       [
        170.11411326773478,
        -46.065478472604894
       ],
       [
        170.11411326773478,
        -46.0639289740576
       ],
       [
        170.0521335480292,
        -46.0639289740576
       ],
       [
        170.0521335480292,
        -46.127061323258694
       ],
       [
        169.9866334987934,
        -46.127061323258694
       ],
       [
        169.9866334987934,
        -46.190151894947284
       ],
       [
        169.92098183131384,
        -46.190151894947284
       ],
       [
        169.92098183131384,
        -46.188494277965205
       ],
       [
        169.85887336005004,
        -46.188494277965205
       ],
       [
        169.85887336005004,
        -46.251505325852236
       ],
       [
        169.79300232246985,
        -46.251505325852236
       ],
       [
        169.79300232246985,
        -46.314473953202544
       ],
       [
        169.72697834296685,
        -46.314473953202544
       ],
       [
        169.72697834296685,
        -46.31270734682807
       ],
       [
        169.664741404377,
        -46.31270734682807
       ],
       [
        169.664741404377,
        -46.31090691416567
       ],
       [
        169.60251047105584,
        -46.31090691416567
       ],
       [
        169.60251047105584,
        -46.24438726470184
       ],
       [
        169.6686684943216,
        -46.24438726470184
       ],
       [
        169.6686684943216,
        -46.18152689689481
       ]
      ]
     ],
     [
      [
       [
        174.1430808244398,
        -39.415749715617665
       ],
       [
        174.19882969342356,
        -39.415749715617665
       ],
       [
        174.19882969342356,
        -39.415161798170246
       ],
       [
        174.2534161037396,
        -39.415161798170246
       ],
       [
        174.2534161037396,
        -39.35029987549855
       ],
       [
        174.25225898367452,
        -39.35029987549855
       ],
       [
        174.25225898367452,
        -39.286022425466065
       ],
       [
        174.19551247906955,
        -39.286022425466065
       ],
       [
        174.19551247906955,
        -39.22115765405448
       ],
       [
        174.19441386119604,
        -39.22115765405448
       ],
       [
        174.19441386119604,
        -39.15629213232461
       ],
       [
        174.19331878245953,
        -39.15629213232461
       ],
       [
        174.19331878245953,
        -39.09198066562231
       ],
       [
        174.13782604757478,
        -39.09198066562231
       ],
       [
        174.13782604757478,
        -39.09250906545873
       ],
       [
        174.08233181811136,
        -39.09250906545873
       ],
       [
        174.08233181811136,
        -39.09301105814062
       ],
       [
        174.02589682930397,
        -39.09301105814062
       ],
       [
        174.02589682930397,
        -39.0276395569391
       ],
       [
        174.08134173725642,
        -39.0276395569391
       ],
       [
        174.08134173725642,
        -39.0271123705219
       ],
       [
        174.13678522846826,
        -39.0271123705219
       ],
       [
        174.13678522846826,
        -39.02655883964585
       ],
       [
        174.19222723036793,
        -39.02655883964585
       ],
       [
        174.19222723036793,
        -39.02597896648509
       ],
       [
        174.24880994995004,
        -39.02597896648509
       ],
       [
        174.24880994995004,
        -39.0908446529026
       ],
       [
        174.24995591995508,
        -39.0908446529026
       ],
       [
        174.24995591995508,
        -39.155709587457594
       ],
       [
        174.25110559348306,
        -39.155709587457594
       ],
       [
        174.25110559348306,
        -39.219963363212564
       ],
       [
        174.30790166099325,
        -39.219963363212564
       ],
       [
        174.30790166099325,
        -39.2841869998614
       ],
       [
        174.36354260702836,
        -39.2841869998614
       ],
       [
        174.36354260702836,
        -39.283522031729674
       ],
       [
        174.41787473243548,
        -39.283522031729674
       ],
       [
        174.41787473243548,
        -39.21797303548696
       ],
       [
        174.4734607996869,
        -39.21797303548696
       ],
       [
        174.4734607996869,
        -39.21725656554574
       ],
       [
        174.52904492195802,
        -39.21725656554574
       ],
       [
        174.52904492195802,
        -39.21651358654145
       ],
       [
        174.5831711502524,
        -39.21651358654145
       ],
       [
        174.5831711502524,
        -39.15089099801353
       ],
       [
        174.63719812170487,
        -39.15089099801353
       ],
       [
        174.63719812170487,
        -39.08524478230415
       ],
       [
        174.69267413035956,
        -39.08524478230415
       ],
       [
        174.69267413035956,
        -39.08442606374212
       ],
       [
        174.7465493810016,
        -39.08442606374212
       ],
       [
        174.7465493810016,
        -39.01873196139048
       ],
       [
        174.80032632845368,
        -39.01873196139048
       ],
       [
        174.80032632845368,
        -38.95301470340603
       ],
       [
        174.8556943160959,
        -38.95301470340603
       ],
       [
        174.8556943160959,
        -38.95212098750984
       ],
       [
        174.91105988087602,
        -38.95212098750984
       ],
       [
        174.91105988087602,
        -38.95120102735258
       ],
       [
        174.9646334052008,
        -38.95120102735258
       ],
       [
        174.9646334052008,
        -38.886356618069634
       ],
       [
        174.96284961525524,
        -38.886356618069634
       ],
       [
        174.96284961525524,
        -38.82151141747412
       ],
       [
        174.96107156070696,
        -38.82151141747412
       ],
       [
        174.96107156070696,
        -38.755725736667166
       ],
       [
        175.01628165213972,
        -38.755725736667166
       ],
       [
        175.01628165213972,
        -38.75475999056403
       ],
       [
        175.07148913212708,
        -38.75475999056403
       ],
       [
        175.07148913212708,
        -38.7537681916549
       ],
       [
        175.12669392939225,
        -38.7537681916549
       ],
       [
        175.12669392939225,
        -38.75275034381067
       ],
       [
        175.18189597268014,
        -38.75275034381067
       ],
       [
        175.18189597268014,
        -38.75170645100344
       ],
       [
        175.23507386751996,
        -38.75170645100344
       ],
       [
        175.23507386751996,
        -38.68580361047159
       ],
       [
        175.2881559848113,
        -38.68580361047159
       ],
       [
        175.2881559848113,
        -38.62096988955923
       ],
       [
        175.28609817858577,
        -38.62096988955923
       ],
       [
        175.28609817858577,
        -38.5561353553076
       ],
       [
        175.2840469799682,
        -38.5561353553076
       ],
       [
        175.2840469799682,
        -38.49236011992845
       ],
       [
        175.22904877277284,
        -38.49236011992845
       ],
       [
        175.22904877277284,
        -38.4933944292952
       ],
       [
        175.17210136990752,
        -38.4933944292952
       ],
       [
        175.17210136990752,
        -38.428553440599835
       ],
       [
        175.17016127753237,
        -38.428553440599835
       ],
       [
        175.17016127753237,
        -38.36471550497465
       ],
       [
        175.11337054462024,
        -38.36471550497465
       ],
       [
        175.11337054462024,
        -38.299870594106835
       ],
       [
        175.11149156246947,
        -38.299870594106835
       ],
       [
        175.11149156246947,
        -38.234025661680114
       ],
       [
        175.16437826676585,
        -38.234025661680114
       ],
       [
        175.16437826676585,
        -38.16815904200908
       ],
       [
        175.21717150856713,
        -38.16815904200908
       ],
       [
        175.21717150856713,
        -38.102270904437226
       ],
       [
        175.26987169124135,
        -38.102270904437226
       ],
       [
        175.26987169124135,
        -38.03742989026748
       ],
       [
        175.26787253782544,
        -38.03742989026748
       ],
       [
        175.26787253782544,
        -37.97258806948624
       ],
       [
        175.2658797898505,
        -37.97258806948624
       ],
       [
        175.2658797898505,
        -37.90774544285073
       ],
       [
        175.2638934254298,
        -37.90774544285073
       ],
       [
        175.2638934254298,
        -37.84393786698869
       ],
       [
        175.2074471022187,
        -37.84393786698869
       ],
       [
        175.2074471022187,
        -37.779091228449495
       ],
       [
        175.20552086987175,
        -37.779091228449495
       ],
       [
        175.20552086987175,
        -37.71524974983572
       ],
       [
        175.1510992386061,
        -37.71524974983572
       ],
       [
        175.1510992386061,
        -37.716230609675435
       ],
       [
        175.09484945332272,
        -37.716230609675435
       ],
       [
        175.09484945332272,
        -37.65039917713774
       ],
       [
        175.1473596785222,
        -37.65039917713774
       ],
       [
        175.1473596785222,
        -37.58652411863397
       ],
       [
        175.09302981650956,
        -37.58652411863397
       ],
       [
        175.09302981650956,
        -37.58747543987473
       ],
       [
        175.03693055706708,
        -37.58747543987473
       ],
       [
        175.03693055706708,
        -37.5216696887557
       ],
       [
        175.0912160036295,
        -37.5216696887557
       ],
       [
        175.0912160036295,
        -37.52069565063336
       ],
       [
        175.14364401694775,
        -37.52069565063336
       ],
       [
        175.14364401694775,
        -37.456814470268036
       ],
       [
        175.0876057709796,
        -37.456814470268036
       ],
       [
        175.0876057709796,
        -37.39195846389551
       ],
       [
        175.08580931211654,
        -37.39195846389551
       ],
       [
        175.08580931211654,
        -37.32804416622428
       ],
       [
        175.02991967086862,
        -37.32804416622428
       ],
       [
        175.02991967086862,
        -37.26409998686579
       ],
       [
        174.97581826352067,
        -37.26409998686579
       ],
       [
        174.97581826352067,
        -37.264990879755416
       ],
       [
        174.92171444284003,
        -37.264990879755416
       ],
       [
        174.92171444284003,
        -37.26585706454651
       ],
       [
        174.86760827472958,
        -37.26585706454651
       ],
       [
        174.86760827472958,
        -37.266698537952294
       ],
       [
        174.81349982511026,
        -37.266698537952294
       ],
       [
        174.81349982511026,
        -37.26751529677951
       ],
       [
        174.7593891599204,
        -37.26751529677951
       ],
       [
        174.7593891599204,
        -37.268307337928455
       ],
       [
        174.70381533035672,
        -37.268307337928455
       ],
       [
        174.70381533035672,
        -37.20343482844614
       ],
       [
        174.70235898807968,
        -37.20343482844614
       ],
       [
        174.70235898807968,
        -37.137773209007335
       ],
       [
        174.75637934195453,
        -37.137773209007335
       ],
       [
        174.75637934195453,
        -37.136960257685764
       ],
       [
        174.81039756059764,
        -37.136960257685764
       ],
       [
        174.81039756059764,
        -37.13612270691355
       ],
       [
        174.86282388753273,
        -37.13612270691355
       ],
       [
        174.86282388753273,
        -37.071254372599036
       ],
       [
        174.86123927859208,
        -37.071254372599036
       ],
       [
        174.86123927859208,
        -37.007218910157995
       ],
       [
        174.8057812603435,
        -37.007218910157995
       ],
       [
        174.8057812603435,
        -36.943154351824745
       ],
       [
        174.75190060717597,
        -36.943154351824745
       ],
       [
        174.75190060717597,
        -36.94393718528333
       ],
       [
        174.69801784007828,
        -36.94393718528333
       ],
       [
        174.69801784007828,
        -36.94469558526298
       ],
       [
        174.64413302392921,
        -36.94469558526298
       ],
       [
        174.64413302392921,
        -36.94542954890203
       ],
       [
        174.5888995751416,
        -36.94542954890203
       ],
       [
        174.5888995751416,
        -36.881257610583745
       ],
       [
        174.53375954436325,
        -36.881257610583745
       ],
       [
        174.53375954436325,
        -36.8170572765084
       ],
       [
        174.47996001608814,
        -36.8170572765084
       ],
       [
        174.47996001608814,
        -36.8177148245659
       ],
       [
        174.42495656976914,
        -36.8177148245659
       ],
       [
        174.42495656976914,
        -36.75282872398201
       ],
       [
        174.4237582707086,
        -36.75282872398201
       ],
       [
        174.4237582707086,
        -36.68794188046486
       ],
       [
        174.4225638004076,
        -36.68794188046486
       ],
       [
        174.4225638004076,
        -36.622401362833116
       ],
       [
        174.4749940753026,
        -36.622401362833116
       ],
       [
        174.4749940753026,
        -36.557514568941336
       ],
       [
        174.47376248982206,
        -36.557514568941336
       ],
       [
        174.47376248982206,
        -36.491953118462455
       ],
       [
        174.52606469775827,
        -36.491953118462455
       ],
       [
        174.52606469775827,
        -36.42773875086564
       ],
       [
        174.47131110737152,
        -36.42773875086564
       ],
       [
        174.47131110737152,
        -36.36217898275805
       ],
       [
        174.52353239807195,
        -36.36217898275805
       ],
       [
        174.52353239807195,
        -36.297959963226994
       ],
       [
        174.46887535711147,
        -36.297959963226994
       ],
       [
        174.46887535711147,
        -36.23371322469494
       ],
       [
        174.4143086594165,
        -36.23371322469494
       ],
       [
        174.4143086594165,
        -36.16943894160558
       ],
       [
        174.36095234922536,
        -36.16943894160558
       ],
       [
        174.36095234922536,
        -36.17003365461704
       ],
       [
        174.30759444398467,
        -36.17003365461704
       ],
       [
        174.30759444398467,
        -36.17060459647275
       ],
       [
        174.25320240273288,
        -36.17060459647275
       ],
       [
        174.25320240273288,
        -36.1057068818299
       ],
       [
        174.2521730963265,
        -36.1057068818299
       ],
       [
        174.2521730963265,
        -36.04135302417062
       ],
       [
        174.19791746457872,
        -36.04135302417062
       ],
       [
        174.19791746457872,
        -35.97697225453313
       ],
       [
        174.14468645898245,
        -35.97697225453313
       ],
       [
        174.14468645898245,
        -35.977468337384366
       ],
       [
        174.09056184939854,
        -35.977468337384366
       ],
       [
        174.09056184939854,
        -35.91303609913766
       ],
       [
        174.0373717408937,
        -35.91303609913766
       ],
       [
        174.0373717408937,
        -35.913483896022356
       ],
       [
        173.98418042802004,
        -35.913483896022356
       ],
       [
        173.98418042802004,
        -35.91390813434996
       ],
       [
        173.93174973479245,
        -35.91390813434996
       ],
       [
        173.93174973479245,
        -35.97921654160331
       ],
       [
        173.8785126878232,
        -35.97921654160331
       ],
       [
        173.8785126878232,
        -35.97959455275185
       ],
       [
        173.82459988032727,
        -35.97959455275185
       ],
       [
        173.82459988032727,
        -35.91430881254782
       ],
       [
        173.8770784774428,
        -35.91430881254782
       ],
       [
        173.8770784774428,
        -35.84900063863649
       ],
       [
        173.93022864230358,
        -35.84900063863649
       ],
       [
        173.93022864230358,
        -35.84857740501779
       ],
       [
        173.98337772971988,
        -35.84857740501779
       ],
       [
        173.98337772971988,
        -35.84813066862344
       ],
       [
        174.03652567817278,
        -35.84813066862344
       ],
       [
        174.03652567817278,
        -35.847660431107556
       ],
       [
        174.0896724261518,
        -35.847660431107556
       ],
       [
        174.0896724261518,
        -35.84716669421122
       ],
       [
        174.14375069183328,
        -35.84716669421122
       ],
       [
        174.14375069183328,
        -35.911551374176454
       ],
       [
        174.19596207468953,
        -35.911551374176454
       ],
       [
        174.19596207468953,
        -35.84610872967598
       ],
       [
        174.2480886272738,
        -35.84610872967598
       ],
       [
        174.2480886272738,
        -35.780644484730786
       ],
       [
        174.3001307059142,
        -35.780644484730786
       ],
       [
        174.3001307059142,
        -35.716305286001216
       ],
       [
        174.24606589870044,
        -35.716305286001216
       ],
       [
        174.24606589870044,
        -35.65140247442458
       ],
       [
        174.24505937427435,
        -35.65140247442458
       ],
       [
        174.24505937427435,
        -35.58703455351479
       ],
       [
        174.1911279574117,
        -35.58703455351479
       ],
       [
        174.1911279574117,
        -35.52264014265559
       ],
       [
        174.1381984893928,
        -35.52264014265559
       ],
       [
        174.1381984893928,
        -35.5231280473666
       ],
       [
        174.08526771905295,
        -35.5231280473666
       ],
       [
        174.08526771905295,
        -35.52359273021431
       ],
       [
        174.03233570690324,
        -35.52359273021431
       ],
       [
        174.03233570690324,
        -35.524034189487786
       ],
       [
        173.9786150679262,
        -35.524034189487786
       ],
       [
        173.9786150679262,
        -35.459123398387874
       ],
       [
        173.97783013603933,
        -35.459123398387874
       ],
       [
        173.97783013603933,
        -35.39377253255541
       ],
       [
        174.0315057206872,
        -35.39377253255541
       ],
       [
        174.0315057206872,
        -35.458219412323686
       ],
       [
        174.0843951959376,
        -35.458219412323686
       ],
       [
        174.0843951959376,
        -35.457732668503894
       ],
       [
        174.137283433351,
        -35.457732668503894
       ],
       [
        174.137283433351,
        -35.45722275985077
       ],
       [
        174.19017037260988,
        -35.45722275985077
       ],
       [
        174.19017037260988,
        -35.4566896882395
       ],
       [
        174.24405606260805,
        -35.4566896882395
       ],
       [
        174.24405606260805,
        -35.52103711573347
       ],
       [
        174.2980287120878,
        -35.52103711573347
       ],
       [
        174.2980287120878,
        -35.585357892013086
       ],
       [
        174.3520886658731,
        -35.585357892013086
       ],
       [
        174.3520886658731,
        -35.6502587122994
       ],
       [
        174.35318426741588,
        -35.6502587122994
       ],
       [
        174.35318426741588,
        -35.71515880260078
       ],
       [
        174.35428337724514,
        -35.71515880260078
       ],
       [
        174.35428337724514,
        -35.78005816227539
       ],
       [
        174.3553860066997,
        -35.78005816227539
       ],
       [
        174.3553860066997,
        -35.84554450595378
       ],
       [
        174.303309005844,
        -35.84554450595378
       ],
       [
        174.303309005844,
        -35.910443797508194
       ],
       [
        174.30437523201775,
        -35.910443797508194
       ],
       [
        174.30437523201775,
        -35.97534235877053
       ],
       [
        174.305444873012,
        -35.97534235877053
       ],
       [
        174.305444873012,
        -36.03964828197672
       ],
       [
        174.3598319495524,
        -36.03964828197672
       ],
       [
        174.3598319495524,
        -36.10392695720706
       ],
       [
        174.41314436930577,
        -36.10392695720706
       ],
       [
        174.41314436930577,
        -36.103286224863076
       ],
       [
        174.46766331211234,
        -36.103286224863076
       ],
       [
        174.46766331211234,
        -36.16751219821704
       ],
       [
        174.52227230976678,
        -36.16751219821704
       ],
       [
        174.52227230976678,
        -36.231710464022356
       ],
       [
        174.5769717174781,
        -36.231710464022356
       ],
       [
        174.5769717174781,
        -36.29659775872708
       ],
       [
        174.57828013866086,
        -36.29659775872708
       ],
       [
        174.57828013866086,
        -36.361484307063776
       ],
       [
        174.5795927515074,
        -36.361484307063776
       ],
       [
        174.5795927515074,
        -36.42637010838041
       ],
       [
        174.58090956980647,
        -36.42637010838041
       ],
       [
        174.58090956980647,
        -36.49125516202785
       ],
       [
        174.58223060741673,
        -36.49125516202785
       ],
       [
        174.58223060741673,
        -36.556839068203004
       ],
       [
        174.52989365482554,
        -36.556839068203004
       ],
       [
        174.52989365482554,
        -36.62172427169169
       ],
       [
        174.53117816295858,
        -36.62172427169169
       ],
       [
        174.53117816295858,
        -36.687287412468216
       ],
       [
        174.47871256482102,
        -36.687287412468216
       ],
       [
        174.47871256482102,
        -36.75149243739876
       ],
       [
        174.53246678824942,
        -36.75149243739876
       ],
       [
        174.53246678824942,
        -36.75078788704396
       ],
       [
        174.58755723061643,
        -36.75078788704396
       ],
       [
        174.58755723061643,
        -36.814938662194365
       ],
       [
        174.64274079238282,
        -36.814938662194365
       ],
       [
        174.64274079238282,
        -36.87906087639864
       ],
       [
        174.6951468190965,
        -36.87906087639864
       ],
       [
        174.6951468190965,
        -36.81340463768338
       ],
       [
        174.74893859237932,
        -36.81340463768338
       ],
       [
        174.74893859237932,
        -36.81260114946205
       ],
       [
        174.80272826575316,
        -36.81260114946205
       ],
       [
        174.80272826575316,
        -36.81177334793198
       ],
       [
        174.85808523904296,
        -36.81177334793198
       ],
       [
        174.85808523904296,
        -36.876644755838534
       ],
       [
        174.85965973471812,
        -36.876644755838534
       ],
       [
        174.85965973471812,
        -36.94065928057096
       ],
       [
        174.91516120311718,
        -36.94065928057096
       ],
       [
        174.91516120311718,
        -37.00464454482439
       ],
       [
        174.97075709293404,
        -37.00464454482439
       ],
       [
        174.97075709293404,
        -37.0695095704419
       ],
       [
        174.97243875007118,
        -37.0695095704419
       ],
       [
        174.97243875007118,
        -37.134373819793325
       ],
       [
        174.974125800895,
        -37.134373819793325
       ],
       [
        174.974125800895,
        -37.19832383029878
       ],
       [
        175.02818094206484,
        -37.19832383029878
       ],
       [
        175.02818094206484,
        -37.19738572474829
       ],
       [
        175.08401859899928,
        -37.19738572474829
       ],
       [
        175.08401859899928,
        -37.26127909387544
       ],
       [
        175.1399520926509,
        -37.26127909387544
       ],
       [
        175.1399520926509,
        -37.326134419178516
       ],
       [
        175.14179509765208,
        -37.326134419178516
       ],
       [
        175.14179509765208,
        -37.3899946351877
       ],
       [
        175.19787740145205,
        -37.3899946351877
       ],
       [
        175.19787740145205,
        -37.45484605911541
       ],
       [
        175.1997790910521,
        -37.45484605911541
       ],
       [
        175.1997790910521,
        -37.51969668736284
       ],
       [
        175.2016868851621,
        -37.51969668736284
       ],
       [
        175.2016868851621,
        -37.5845465191734
       ],
       [
        175.20360080449532,
        -37.5845465191734
       ],
       [
        175.20360080449532,
        -37.64939555379261
       ],
       [
        175.20552086987175,
        -37.64939555379261
       ],
       [
        175.20552086987175,
        -37.713212735420306
       ],
       [
        175.25993976026737,
        -37.713212735420306
       ],
       [
        175.25993976026737,
        -37.712156588635935
       ],
       [
        175.31435584241663,
        -37.712156588635935
       ],
       [
        175.31435584241663,
        -37.71107535415396
       ],
       [
        175.368769048965,
        -37.71107535415396
       ],
       [
        175.368769048965,
        -37.70996903610896
       ],
       [
        175.42107019097585,
        -37.70996903610896
       ],
       [
        175.42107019097585,
        -37.64400195506459
       ],
       [
        175.4754302052521,
        -37.64400195506459
       ],
       [
        175.4754302052521,
        -37.642848167757954
       ],
       [
        175.52759061487342,
        -37.642848167757954
       ],
       [
        175.52759061487342,
        -37.57683828391777
       ],
       [
        175.58189736071836,
        -37.57683828391777
       ],
       [
        175.58189736071836,
        -37.575637272707596
       ],
       [
        175.63849157743124,
        -37.575637272707596
       ],
       [
        175.63849157743124,
        -37.640465560255194
       ],
       [
        175.6407895918816,
        -37.640465560255194
       ],
       [
        175.6407895918816,
        -37.704061343829935
       ],
       [
        175.69518413166966,
        -37.704061343829935
       ],
       [
        175.69518413166966,
        -37.70280461657668
       ],
       [
        175.749575325031,
        -37.70280461657668
       ],
       [
        175.749575325031,
        -37.701522837373346
       ],
       [
        175.80396310480464,
        -37.701522837373346
       ],
       [
        175.80396310480464,
        -37.70021601111706
       ],
       [
        175.8608421158709,
        -37.70021601111706
       ],
       [
        175.8608421158709,
        -37.76634068965942
       ],
       [
        175.80886576265715,
        -37.76634068965942
       ],
       [
        175.80886576265715,
        -37.831157691606805
       ],
       [
        175.8113289058974,
        -37.831157691606805
       ],
       [
        175.8113289058974,
        -37.895973842259544
       ],
       [
        175.81379996125034,
        -37.895973842259544
       ],
       [
        175.81379996125034,
        -37.96078914066278
       ],
       [
        175.81627895581735,
        -37.96078914066278
       ],
       [
        175.81627895581735,
        -38.02428151327998
       ],
       [
        175.87343637228037,
        -38.02428151327998
       ],
       [
        175.87343637228037,
        -38.0877415092389
       ],
       [
        175.9281032064215,
        -38.0877415092389
       ],
       [
        175.9281032064215,
        -38.086365592176016
       ],
       [
        175.982766350803,
        -38.086365592176016
       ],
       [
        175.982766350803,
        -38.08496429331953
       ],
       [
        176.0374257369933,
        -38.08496429331953
       ],
       [
        176.0374257369933,
        -38.083537618060014
       ],
       [
        176.08935408724068,
        -38.083537618060014
       ],
       [
        176.08935408724068,
        -38.01729125043884
       ],
       [
        176.1439577412811,
        -38.01729125043884
       ],
       [
        176.1439577412811,
        -38.01581725548501
       ],
       [
        176.19855744558274,
        -38.01581725548501
       ],
       [
        176.19855744558274,
        -38.01431795938644
       ],
       [
        176.25602433226007,
        -38.01431795938644
       ],
       [
        176.25602433226007,
        -38.079105389222015
       ],
       [
        176.2589047572327,
        -38.079105389222015
       ],
       [
        176.2589047572327,
        -38.14539817071647
       ],
       [
        176.2013806625493,
        -38.14539817071647
       ],
       [
        176.2013806625493,
        -38.08208557188493
       ],
       [
        176.14951709862197,
        -38.08208557188493
       ],
       [
        176.14951709862197,
        -38.14833441475294
       ],
       [
        176.09481726963003,
        -38.14833441475294
       ],
       [
        176.09481726963003,
        -38.14976439523056
       ],
       [
        176.04011353226937,
        -38.14976439523056
       ],
       [
        176.04011353226937,
        -38.151168940639415
       ],
       [
        175.9854059551455,
        -38.151168940639415
       ],
       [
        175.9854059551455,
        -38.15254804556973
       ],
       [
        175.93069460689432,
        -38.15254804556973
       ],
       [
        175.93069460689432,
        -38.15390170470908
       ],
       [
        175.87853091607508,
        -38.15390170470908
       ],
       [
        175.87853091607508,
        -38.21735371503181
       ],
       [
        175.93590242823745,
        -38.21735371503181
       ],
       [
        175.93590242823745,
        -38.282158516630645
       ],
       [
        175.93851890671286,
        -38.282158516630645
       ],
       [
        175.93851890671286,
        -38.34832552882852
       ],
       [
        175.88109048015912,
        -38.34832552882852
       ],
       [
        175.88109048015912,
        -38.28485281558855
       ],
       [
        175.82376384792744,
        -38.28485281558855
       ],
       [
        175.82376384792744,
        -38.22004179271965
       ],
       [
        175.82126087170204,
        -38.22004179271965
       ],
       [
        175.82126087170204,
        -38.15653266485187
       ],
       [
        175.76409190859064,
        -38.15653266485187
       ],
       [
        175.76409190859064,
        -38.09171691721498
       ],
       [
        175.76165303467604,
        -38.09171691721498
       ],
       [
        175.76165303467604,
        -38.02817170981081
       ],
       [
        175.7046405254258,
        -38.02817170981081
       ],
       [
        175.7046405254258,
        -37.963351320645735
       ],
       [
        175.70226504259261,
        -37.963351320645735
       ],
       [
        175.70226504259261,
        -37.89726457876494
       ],
       [
        175.75438318309426,
        -37.89726457876494
       ],
       [
        175.75438318309426,
        -37.83244543720639
       ],
       [
        175.75197540068152,
        -37.83244543720639
       ],
       [
        175.75197540068152,
        -37.76888509923149
       ],
       [
        175.69753687157515,
        -37.76888509923149
       ],
       [
        175.69753687157515,
        -37.770119634038835
       ],
       [
        175.643094984637,
        -37.770119634038835
       ],
       [
        175.643094984637,
        -37.77132904919726
       ],
       [
        175.58639177285374,
        -37.77132904919726
       ],
       [
        175.58639177285374,
        -37.707681166345544
       ],
       [
        175.53199074179858,
        -37.707681166345544
       ],
       [
        175.53199074179858,
        -37.70883763873099
       ],
       [
        175.4775865659535,
        -37.70883763873099
       ],
       [
        175.4775865659535,
        -37.70996903610896
       ],
       [
        175.42529520724415,
        -37.70996903610896
       ],
       [
        175.42529520724415,
        -37.773672502151406
       ],
       [
        175.48192008432298,
        -37.773672502151406
       ],
       [
        175.48192008432298,
        -37.838506544488816
       ],
       [
        175.4840972893304,
        -37.838506544488816
       ],
       [
        175.4840972893304,
        -37.90447907023421
       ],
       [
        175.42741789806192,
        -37.90447907023421
       ],
       [
        175.42741789806192,
        -37.84075467815606
       ],
       [
        175.3729126809771,
        -37.84075467815606
       ],
       [
        175.3729126809771,
        -37.84184094682
       ],
       [
        175.32043859049736,
        -37.84184094682
       ],
       [
        175.32043859049736,
        -37.90668191343268
       ],
       [
        175.32247921681375,
        -37.90668191343268
       ],
       [
        175.32247921681375,
        -37.971522070686895
       ],
       [
        175.32452640219492,
        -37.971522070686895
       ],
       [
        175.32452640219492,
        -38.03636141780587
       ],
       [
        175.32658016916668,
        -38.03636141780587
       ],
       [
        175.32658016916668,
        -38.102270904437226
       ],
       [
        175.27388930251047,
        -38.102270904437226
       ],
       [
        175.27388930251047,
        -38.167111111240246
       ],
       [
        175.27590780470672,
        -38.167111111240246
       ],
       [
        175.27590780470672,
        -38.23300086829842
       ],
       [
        175.2230815191684,
        -38.23300086829842
       ],
       [
        175.2230815191684,
        -38.297841889965845
       ],
       [
        175.22506421402363,
        -38.297841889965845
       ],
       [
        175.22506421402363,
        -38.361626879925595
       ],
       [
        175.28200236602586,
        -38.361626879925595
       ],
       [
        175.28200236602586,
        -38.425380444415715
       ],
       [
        175.33904226064752,
        -38.425380444415715
       ],
       [
        175.33904226064752,
        -38.49021409899506
       ],
       [
        175.3411427393758,
        -38.49021409899506
       ],
       [
        175.3411427393758,
        -38.555046937291934
       ],
       [
        175.3432499841661,
        -38.555046937291934
       ],
       [
        175.3432499841661,
        -38.619878958546145
       ],
       [
        175.34536401862164,
        -38.619878958546145
       ],
       [
        175.34536401862164,
        -38.684710161999334
       ],
       [
        175.34748486646896,
        -38.684710161999334
       ],
       [
        175.34748486646896,
        -38.75063651730665
       ],
       [
        175.29436928026328,
        -38.75063651730665
       ],
       [
        175.29436928026328,
        -38.81546860932827
       ],
       [
        175.29645374865427,
        -38.81546860932827
       ],
       [
        175.29645374865427,
        -38.87919885799572
       ],
       [
        175.35174709786716,
        -38.87919885799572
       ],
       [
        175.35174709786716,
        -38.87807167778257
       ],
       [
        175.40922904695893,
        -38.87807167778257
       ],
       [
        175.40922904695893,
        -38.942897006846586
       ],
       [
        175.4114277782665,
        -38.942897006846586
       ],
       [
        175.4114277782665,
        -39.00772150968127
       ],
       [
        175.41363360579075,
        -39.00772150968127
       ],
       [
        175.41363360579075,
        -39.072545185519324
       ],
       [
        175.41584655458607,
        -39.072545185519324
       ],
       [
        175.41584655458607,
        -39.1373680335951
       ],
       [
        175.41806664983878,
        -39.1373680335951
       ],
       [
        175.41806664983878,
        -39.2021900531445
       ],
       [
        175.420293916868,
        -39.2021900531445
       ],
       [
        175.420293916868,
        -39.267011243405065
       ],
       [
        175.42252838112637,
        -39.267011243405065
       ],
       [
        175.42252838112637,
        -39.331831603615925
       ],
       [
        175.42477006820107,
        -39.331831603615925
       ],
       [
        175.42477006820107,
        -39.3954764239916
       ],
       [
        175.48276398621482,
        -39.3954764239916
       ],
       [
        175.48276398621482,
        -39.46146983085284
       ],
       [
        175.42701900381448,
        -39.46146983085284
       ],
       [
        175.42701900381448,
        -39.46262054131224
       ],
       [
        175.36907339115868,
        -39.46262054131224
       ],
       [
        175.36907339115868,
        -39.39892065035953
       ],
       [
        175.31123463559462,
        -39.39892065035953
       ],
       [
        175.31123463559462,
        -39.332977051894346
       ],
       [
        175.36469981989362,
        -39.332977051894346
       ],
       [
        175.36469981989362,
        -39.26815406777484
       ],
       [
        175.3625235956852,
        -39.26815406777484
       ],
       [
        175.3625235956852,
        -39.20333025836688
       ],
       [
        175.36035437921865,
        -39.20333025836688
       ],
       [
        175.36035437921865,
        -39.13850562441153
       ],
       [
        175.35819214575167,
        -39.13850562441153
       ],
       [
        175.35819214575167,
        -39.07368016665147
       ],
       [
        175.3560368706718,
        -39.07368016665147
       ],
       [
        175.3560368706718,
        -39.00885388583113
       ],
       [
        175.35388852949544,
        -39.00885388583113
       ],
       [
        175.35388852949544,
        -38.94513034599574
       ],
       [
        175.29854494112857,
        -38.94513034599574
       ],
       [
        175.29854494112857,
        -38.94620769242207
       ],
       [
        175.24115741096648,
        -38.94620769242207
       ],
       [
        175.24115741096648,
        -38.88242346707061
       ],
       [
        175.18387387506797,
        -38.88242346707061
       ],
       [
        175.18387387506797,
        -38.8186075032576
       ],
       [
        175.12862188406174,
        -38.8186075032576
       ],
       [
        175.12862188406174,
        -38.81960158873361
       ],
       [
        175.07336712941773,
        -38.81960158873361
       ],
       [
        175.07336712941773,
        -38.820569561400134
       ],
       [
        175.01994360952025,
        -38.820569561400134
       ],
       [
        175.01994360952025,
        -38.88541259157258
       ],
       [
        175.0217834535027,
        -38.88541259157258
       ],
       [
        175.0217834535027,
        -38.95025482653952
       ],
       [
        175.0236292354191,
        -38.95025482653952
       ],
       [
        175.0236292354191,
        -39.01604464469652
       ],
       [
        174.9682182720236,
        -39.01604464469652
       ],
       [
        174.9682182720236,
        -39.0169667227263
       ],
       [
        174.91455521768125,
        -39.0169667227263
       ],
       [
        174.91455521768125,
        -39.08270950381548
       ],
       [
        174.8590885332255,
        -39.08270950381548
       ],
       [
        174.8590885332255,
        -39.08358096980547
       ],
       [
        174.8052739294726,
        -39.08358096980547
       ],
       [
        174.8052739294726,
        -39.149276233880926
       ],
       [
        174.74975161604155,
        -39.149276233880926
       ],
       [
        174.74975161604155,
        -39.15009683555922
       ],
       [
        174.69578488652778,
        -39.15009683555922
       ],
       [
        174.69578488652778,
        -39.21574410140249
       ],
       [
        174.64171879419195,
        -39.21574410140249
       ],
       [
        174.64171879419195,
        -39.28136768529223
       ],
       [
        174.58608760753515,
        -39.28136768529223
       ],
       [
        174.58608760753515,
        -39.28211237166313
       ],
       [
        174.53045432199448,
        -39.28211237166313
       ],
       [
        174.53045432199448,
        -39.28283048808704
       ],
       [
        174.47618161419473,
        -39.28283048808704
       ],
       [
        174.47618161419473,
        -39.34838030872845
       ],
       [
        174.42049299036643,
        -39.34838030872845
       ],
       [
        174.42049299036643,
        -39.34904680432143
       ],
       [
        174.36480248148015,
        -39.34904680432143
       ],
       [
        174.36480248148015,
        -39.34968666075454
       ],
       [
        174.3103225709394,
        -39.34968666075454
       ],
       [
        174.3103225709394,
        -39.41454717545649
       ],
       [
        174.3115389037528,
        -39.41454717545649
       ],
       [
        174.3115389037528,
        -39.479406933518526
       ],
       [
        174.31275917378966,
        -39.479406933518526
       ],
       [
        174.31275917378966,
        -39.54426593449913
       ],
       [
        174.31398339514035,
        -39.54426593449913
       ],
       [
        174.31398339514035,
        -39.608478428895225
       ],
       [
        174.3698828784571,
        -39.608478428895225
       ],
       [
        174.3698828784571,
        -39.607805795457715
       ],
       [
        174.42711312561187,
        -39.607805795457715
       ],
       [
        174.42711312561187,
        -39.67195914127519
       ],
       [
        174.48445034140644,
        -39.67195914127519
       ],
       [
        174.48445034140644,
        -39.736081508847725
       ],
       [
        174.54044863692823,
        -39.736081508847725
       ],
       [
        174.54044863692823,
        -39.73532478313711
       ],
       [
        174.59644485577837,
        -39.73532478313711
       ],
       [
        174.59644485577837,
        -39.73454106118323
       ],
       [
        174.65243892261213,
        -39.73454106118323
       ],
       [
        174.65243892261213,
        -39.73373034610767
       ],
       [
        174.71003461756428,
        -39.73373034610767
       ],
       [
        174.71003461756428,
        -39.79773499595411
       ],
       [
        174.7660766512345,
        -39.79773499595411
       ],
       [
        174.7660766512345,
        -39.796868324811
       ],
       [
        174.82211629840137,
        -39.796868324811
       ],
       [
        174.82211629840137,
        -39.79597460883107
       ],
       [
        174.87815348352655,
        -39.79597460883107
       ],
       [
        174.87815348352655,
        -39.79505385157759
       ],
       [
        174.93418813109253,
        -39.79505385157759
       ],
       [
        174.93418813109253,
        -39.79410605672142
       ],
       [
        174.9920924660655,
        -39.79410605672142
       ],
       [
        174.9920924660655,
        -39.85796226366301
       ],
       [
        175.04817443311478,
        -39.85796226366301
       ],
       [
        175.04817443311478,
        -39.85695811270022
       ],
       [
        175.10425362621584,
        -39.85695811270022
       ],
       [
        175.10425362621584,
        -39.85592687402293
       ],
       [
        175.16236668514424,
        -39.85592687402293
       ],
       [
        175.16236668514424,
        -39.919691707312076
       ],
       [
        175.2184928638365,
        -39.919691707312076
       ],
       [
        175.2184928638365,
        -39.91860382345207
       ],
       [
        175.2767652038264,
        -39.91860382345207
       ],
       [
        175.2767652038264,
        -39.98342367378891
       ],
       [
        175.27892134942252,
        -39.98342367378891
       ],
       [
        175.27892134942252,
        -40.04712257736086
       ],
       [
        175.33514741855234,
        -40.04712257736086
       ],
       [
        175.33514741855234,
        -40.045975197885916
       ],
       [
        175.38910800579063,
        -40.045975197885916
       ],
       [
        175.38910800579063,
        -39.97998938670512
       ],
       [
        175.44527456812716,
        -39.97998938670512
       ],
       [
        175.44527456812716,
        -39.97879024793398
       ],
       [
        175.49907706262937,
        -39.97879024793398
       ],
       [
        175.49907706262937,
        -39.9127574416131
       ],
       [
        175.55277823031716,
        -39.9127574416131
       ],
       [
        175.55277823031716,
        -39.846702323313366
       ],
       [
        175.6088290544954,
        -39.846702323313366
       ],
       [
        175.6088290544954,
        -39.84542749330271
       ],
       [
        175.66487634890882,
        -39.84542749330271
       ],
       [
        175.66487634890882,
        -39.84412562156932
       ],
       [
        175.7183645188023,
        -39.84412562156932
       ],
       [
        175.7183645188023,
        -39.778000291579104
       ],
       [
        175.77175248795578,
        -39.778000291579104
       ],
       [
        175.77175248795578,
        -39.71185324476741
       ],
       [
        175.8276839957593,
        -39.71185324476741
       ],
       [
        175.8276839957593,
        -39.710476584826246
       ],
       [
        175.88631583111967,
        -39.710476584826246
       ],
       [
        175.88631583111967,
        -39.77664744614258
       ],
       [
        175.8329962994426,
        -39.77664744614258
       ],
       [
        175.8329962994426,
        -39.84279671330284
       ],
       [
        175.77957648737285,
        -39.84279671330284
       ],
       [
        175.77957648737285,
        -39.908924212537634
       ],
       [
        175.7234838388011,
        -39.908924212537634
       ],
       [
        175.7234838388011,
        -39.91022906070192
       ],
       [
        175.66738749635834,
        -39.91022906070192
       ],
       [
        175.66738749635834,
        -39.91150680542738
       ],
       [
        175.61375398758463,
        -39.91150680542738
       ],
       [
        175.61375398758463,
        -39.97756392885971
       ],
       [
        175.56001906605363,
        -39.97756392885971
       ],
       [
        175.56001906605363,
        -40.043598688182655
       ],
       [
        175.5038062012559,
        -40.043598688182655
       ],
       [
        175.5038062012559,
        -40.044800566591825
       ],
       [
        175.44991278695832,
        -40.044800566591825
       ],
       [
        175.44991278695832,
        -40.10840628424744
       ],
       [
        175.50618228441797,
        -40.10840628424744
       ],
       [
        175.50618228441797,
        -40.10717435666058
       ],
       [
        175.56488552702763,
        -40.10717435666058
       ],
       [
        175.56488552702763,
        -40.170716194230735
       ],
       [
        175.62370008035796,
        -40.170716194230735
       ],
       [
        175.62370008035796,
        -40.23422400238398
       ],
       [
        175.68262637725547,
        -40.23422400238398
       ],
       [
        175.68262637725547,
        -40.29769758200735
       ],
       [
        175.7364281139074,
        -40.29769758200735
       ],
       [
        175.7364281139074,
        -40.23155696628452
       ],
       [
        175.79545431938422,
        -40.23155696628452
       ],
       [
        175.79545431938422,
        -40.29496952730237
       ],
       [
        175.8518625505543,
        -40.29496952730237
       ],
       [
        175.8518625505543,
        -40.29356430740663
       ],
       [
        175.9054917616218,
        -40.29356430740663
       ],
       [
        175.9054917616218,
        -40.22735090354857
       ],
       [
        175.96183842889099,
        -40.22735090354857
       ],
       [
        175.96183842889099,
        -40.2258941027659
       ],
       [
        176.01818102696623,
        -40.2258941027659
       ],
       [
        176.01818102696623,
        -40.22440992170789
       ],
       [
        176.07159305246878,
        -40.22440992170789
       ],
       [
        176.07159305246878,
        -40.15812687740491
       ],
       [
        176.12787387225183,
        -40.15812687740491
       ],
       [
        176.12787387225183,
        -40.15659145573416
       ],
       [
        176.18718363747337,
        -40.15659145573416
       ],
       [
        176.18718363747337,
        -40.22289836633434
       ],
       [
        176.13384321826345,
        -40.22289836633434
       ],
       [
        176.13384321826345,
        -40.28918394570738
       ],
       [
        176.07745540703786,
        -40.28918394570738
       ],
       [
        176.07745540703786,
        -40.29067151079199
       ],
       [
        176.02106335752043,
        -40.29067151079199
       ],
       [
        176.02106335752043,
        -40.292131633315726
       ],
       [
        175.96750505383892,
        -40.292131633315726
       ],
       [
        175.96750505383892,
        -40.35834740963314
       ],
       [
        175.91384411221463,
        -40.35834740963314
       ],
       [
        175.91384411221463,
        -40.42454125617782
       ],
       [
        175.86008007526414,
        -40.42454125617782
       ],
       [
        175.86008007526414,
        -40.4907129968374
       ],
       [
        175.80621248393035,
        -40.4907129968374
       ],
       [
        175.80621248393035,
        -40.556862454924264
       ],
       [
        175.7522408774772,
        -40.556862454924264
       ],
       [
        175.7522408774772,
        -40.621651493676204
       ],
       [
        175.7549064316889,
        -40.621651493676204
       ],
       [
        175.7549064316889,
        -40.68643965893926
       ],
       [
        175.75758066848982,
        -40.68643965893926
       ],
       [
        175.75758066848982,
        -40.751226949865675
       ],
       [
        175.7602636199196,
        -40.751226949865675
       ],
       [
        175.7602636199196,
        -40.817360475904984
       ],
       [
        175.70604839831253,
        -40.817360475904984
       ],
       [
        175.70604839831253,
        -40.882149077599536
       ],
       [
        175.70869342322447,
        -40.882149077599536
       ],
       [
        175.70869342322447,
        -40.94826194174045
       ],
       [
        175.65432522357267,
        -40.94826194174045
       ],
       [
        175.65432522357267,
        -41.014351778367356
       ],
       [
        175.59729959780327,
        -41.014351778367356
       ],
       [
        175.59729959780327,
        -41.015623564789735
       ],
       [
        175.5427650751253,
        -41.015623564789735
       ],
       [
        175.5427650751253,
        -41.08166483150458
       ],
       [
        175.48567628165782,
        -41.08166483150458
       ],
       [
        175.48567628165782,
        -41.08288300038806
       ],
       [
        175.4285839469809,
        -41.08288300038806
       ],
       [
        175.4285839469809,
        -41.08407290888128
       ],
       [
        175.3738228995924,
        -41.08407290888128
       ],
       [
        175.3738228995924,
        -41.150039472926665
       ],
       [
        175.3166676348991,
        -41.150039472926665
       ],
       [
        175.3166676348991,
        -41.15117541959341
       ],
       [
        175.25950905966528,
        -41.15117541959341
       ],
       [
        175.25950905966528,
        -41.15228302748272
       ],
       [
        175.20018081585846,
        -41.15228302748272
       ],
       [
        175.20018081585846,
        -41.08636792532293
       ],
       [
        175.2572865054571,
        -41.08636792532293
       ],
       [
        175.2572865054571,
        -41.08523455211193
       ],
       [
        175.31438897787336,
        -41.08523455211193
       ],
       [
        175.31438897787336,
        -41.08407290888128
       ],
       [
        175.36916100786416,
        -41.08407290888128
       ],
       [
        175.36916100786416,
        -41.018082573358235
       ],
       [
        175.42620090711804,
        -41.018082573358235
       ],
       [
        175.42620090711804,
        -41.01686716481462
       ],
       [
        175.48080637444693,
        -41.01686716481462
       ],
       [
        175.48080637444693,
        -40.950827866859164
       ],
       [
        175.5377836099416,
        -40.950827866859164
       ],
       [
        175.5377836099416,
        -40.94955896301889
       ],
       [
        175.592223172601,
        -40.94955896301889
       ],
       [
        175.592223172601,
        -40.88347120674072
       ],
       [
        175.64655651790022,
        -40.88347120674072
       ],
       [
        175.64655651790022,
        -40.81867960654209
       ],
       [
        175.64398376784052,
        -40.81867960654209
       ],
       [
        175.64398376784052,
        -40.75257100405446
       ],
       [
        175.698164793484,
        -40.75257100405446
       ],
       [
        175.698164793484,
        -40.68778066286947
       ],
       [
        175.69555397665366,
        -40.68778066286947
       ],
       [
        175.69555397665366,
        -40.62298945317232
       ],
       [
        175.69295163337506,
        -40.62298945317232
       ],
       [
        175.69295163337506,
        -40.5581973757861
       ],
       [
        175.6903577325975,
        -40.5581973757861
       ],
       [
        175.6903577325975,
        -40.4920725435319
       ],
       [
        175.74429599255555,
        -40.4920725435319
       ],
       [
        175.74429599255555,
        -40.425925303502325
       ],
       [
        175.7981307794272,
        -40.425925303502325
       ],
       [
        175.7981307794272,
        -40.3624901062232
       ],
       [
        175.7416648517298,
        -40.3624901062232
       ],
       [
        175.7416648517298,
        -40.363815945735915
       ],
       [
        175.6851951351743,
        -40.363815945735915
       ],
       [
        175.6851951351743,
        -40.36511424657696
       ],
       [
        175.6287217073637,
        -40.36511424657696
       ],
       [
        175.6287217073637,
        -40.366385003513955
       ],
       [
        175.57471364861297,
        -40.366385003513955
       ],
       [
        175.57471364861297,
        -40.4311855338394
       ],
       [
        175.5771906814879,
        -40.4311855338394
       ],
       [
        175.5771906814879,
        -40.49723409013029
       ],
       [
        175.52060174373906,
        -40.49723409013029
       ],
       [
        175.52060174373906,
        -40.49845529065972
       ],
       [
        175.46638553382755,
        -40.49845529065972
       ],
       [
        175.46638553382755,
        -40.56445597169242
       ],
       [
        175.40973521734347,
        -40.56445597169242
       ],
       [
        175.40973521734347,
        -40.56562445372655
       ],
       [
        175.3553562436652,
        -40.56562445372655
       ],
       [
        175.3553562436652,
        -40.63157676159057
       ],
       [
        175.30087191898582,
        -40.63157676159057
       ],
       [
        175.30087191898582,
        -40.697505550494085
       ],
       [
        175.2462817794604,
        -40.697505550494085
       ],
       [
        175.2462817794604,
        -40.76341064004889
       ],
       [
        175.18945394093112,
        -40.76341064004889
       ],
       [
        175.18945394093112,
        -40.76447530408894
       ],
       [
        175.13469922175855,
        -40.76447530408894
       ],
       [
        175.13469922175855,
        -40.82929184927376
       ],
       [
        175.13678219215686,
        -40.82929184927376
       ],
       [
        175.13678219215686,
        -40.89514899659119
       ],
       [
        175.08187180833912,
        -40.89514899659119
       ],
       [
        175.08187180833912,
        -40.96098189982409
       ],
       [
        175.02685373758624,
        -40.96098189982409
       ],
       [
        175.02685373758624,
        -41.02679037619258
       ],
       [
        174.96979196749305,
        -41.02679037619258
       ],
       [
        174.96979196749305,
        -41.027751851573434
       ],
       [
        174.91460694892774,
        -41.027751851573434
       ],
       [
        174.91460694892774,
        -41.09257424231068
       ],
       [
        174.9164926446879,
        -41.09257424231068
       ],
       [
        174.9164926446879,
        -41.156429982139144
       ],
       [
        174.97172750767407,
        -41.156429982139144
       ],
       [
        174.97172750767407,
        -41.090618626864405
       ],
       [
        175.02884525491632,
        -41.090618626864405
       ],
       [
        175.02884525491632,
        -41.08959837899659
       ],
       [
        175.08596010946542,
        -41.08959837899659
       ],
       [
        175.08596010946542,
        -41.08854984323406
       ],
       [
        175.14518230301834,
        -41.08854984323406
       ],
       [
        175.14518230301834,
        -41.15441320887207
       ],
       [
        175.08801428439807,
        -41.15441320887207
       ],
       [
        175.08801428439807,
        -41.155435773633194
       ],
       [
        175.03284783959776,
        -41.155435773633194
       ],
       [
        175.03284783959776,
        -41.221248574104884
       ],
       [
        174.97561758934984,
        -41.221248574104884
       ],
       [
        174.97561758934984,
        -41.222216615057256
       ],
       [
        174.92028255757236,
        -41.222216615057256
       ],
       [
        174.92028255757236,
        -41.28797834096156
       ],
       [
        174.86299017590525,
        -41.28797834096156
       ],
       [
        174.86299017590525,
        -41.28889158891544
       ],
       [
        174.80569511535344,
        -41.28889158891544
       ],
       [
        174.80569511535344,
        -41.28977633614137
       ],
       [
        174.7466690811661,
        -41.28977633614137
       ],
       [
        174.7466690811661,
        -41.22495015078578
       ],
       [
        174.74494634078013,
        -41.22495015078578
       ],
       [
        174.74494634078013,
        -41.15924242990956
       ],
       [
        174.80035772180474,
        -41.15924242990956
       ],
       [
        174.80035772180474,
        -41.093509601875425
       ],
       [
        174.85566010502401,
        -41.093509601875425
       ],
       [
        174.85566010502401,
        -41.02868509095138
       ],
       [
        174.85384248840197,
        -41.02868509095138
       ],
       [
        174.85384248840197,
        -40.96292865861574
       ],
       [
        174.9108539640976,
        -40.96292865861574
       ],
       [
        174.9108539640976,
        -40.96196936328026
       ],
       [
        174.96593977100835,
        -40.96196936328026
       ],
       [
        174.96593977100835,
        -40.896162320662505
       ],
       [
        175.02091799606686,
        -40.896162320662505
       ],
       [
        175.02091799606686,
        -40.83033090677995
       ],
       [
        175.07578910791645,
        -40.83033090677995
       ],
       [
        175.07578910791645,
        -40.76447530408894
       ],
       [
        175.13055357353753,
        -40.76447530408894
       ],
       [
        175.13055357353753,
        -40.69859569444552
       ],
       [
        175.18521185825273,
        -40.69859569444552
       ],
       [
        175.18521185825273,
        -40.63269225910885
       ],
       [
        175.23976442573138,
        -40.63269225910885
       ],
       [
        175.23976442573138,
        -40.56676517874424
       ],
       [
        175.29421173799443,
        -40.56676517874424
       ],
       [
        175.29421173799443,
        -40.50081463342663
       ],
       [
        175.35081422099128,
        -40.50081463342663
       ],
       [
        175.35081422099128,
        -40.49964880670035
       ],
       [
        175.4074134351797,
        -40.49964880670035
       ],
       [
        175.4074134351797,
        -40.49845529065972
       ],
       [
        175.4616407779514,
        -40.49845529065972
       ],
       [
        175.4616407779514,
        -40.432431575149366
       ],
       [
        175.51576402854957,
        -40.432431575149366
       ],
       [
        175.51576402854957,
        -40.36762821142497
       ],
       [
        175.51335692441674,
        -40.36762821142497
       ],
       [
        175.51335692441674,
        -40.30158361985216
       ],
       [
        175.56733061418808,
        -40.30158361985216
       ],
       [
        175.56733061418808,
        -40.23801894077425
       ],
       [
        175.50856608061494,
        -40.23801894077425
       ],
       [
        175.50856608061494,
        -40.174420408440014
       ],
       [
        175.45224319373332,
        -40.174420408440014
       ],
       [
        175.45224319373332,
        -40.1756004100197
       ],
       [
        175.393639938101,
        -40.1756004100197
       ],
       [
        175.393639938101,
        -40.11193822129421
       ],
       [
        175.33736381448463,
        -40.11193822129421
       ],
       [
        175.33736381448463,
        -40.11306090266802
       ],
       [
        175.2810844927761,
        -40.11306090266802
       ],
       [
        175.2810844927761,
        -40.114156260958296
       ],
       [
        175.22269217018552,
        -40.114156260958296
       ],
       [
        175.22269217018552,
        -40.05040115946039
       ],
       [
        175.16441000638198,
        -40.05040115946039
       ],
       [
        175.16441000638198,
        -39.98661317201224
       ],
       [
        175.1082279497947,
        -39.98661317201224
       ],
       [
        175.1082279497947,
        -39.98762192045872
       ],
       [
        175.05204302291665,
        -39.98762192045872
       ],
       [
        175.05204302291665,
        -39.988603453272894
       ],
       [
        174.99397083755025,
        -39.988603453272894
       ],
       [
        174.99397083755025,
        -39.92472392503063
       ],
       [
        174.9378333710833,
        -39.92472392503063
       ],
       [
        174.9378333710833,
        -39.92564890010343
       ],
       [
        174.88169327265936,
        -39.92564890010343
       ],
       [
        174.88169327265936,
        -39.9265467101392
       ],
       [
        174.8238306785642,
        -39.9265467101392
       ],
       [
        174.8238306785642,
        -39.86257656626715
       ],
       [
        174.7677383731705,
        -39.86257656626715
       ],
       [
        174.7677383731705,
        -39.86341811055727
       ],
       [
        174.711643672663,
        -39.86341811055727
       ],
       [
        174.711643672663,
        -39.864232541344485
       ],
       [
        174.6539902729494,
        -39.864232541344485
       ],
       [
        174.6539902729494,
        -39.800172706342785
       ],
       [
        174.59794369296816,
        -39.800172706342785
       ],
       [
        174.59794369296816,
        -39.800931164657015
       ],
       [
        174.54189495321796,
        -39.800931164657015
       ],
       [
        174.54189495321796,
        -39.80166256193185
       ],
       [
        174.48584412931447,
        -39.80166256193185
       ],
       [
        174.48584412931447,
        -39.80236689524985
       ],
       [
        174.42845004457533,
        -39.80236689524985
       ],
       [
        174.42845004457533,
        -39.73818967891439
       ],
       [
        174.37116327574168,
        -39.73818967891439
       ],
       [
        174.37116327574168,
        -39.67398166346525
       ],
       [
        174.31521158196998,
        -39.67398166346525
       ],
       [
        174.31521158196998,
        -39.674601943932004
       ],
       [
        174.25808214939255,
        -39.674601943932004
       ],
       [
        174.25808214939255,
        -39.60974304008546
       ],
       [
        174.25690997632807,
        -39.60974304008546
       ],
       [
        174.25690997632807,
        -39.54488338089285
       ],
       [
        174.2557415866807,
        -39.54488338089285
       ],
       [
        174.2557415866807,
        -39.48061223350737
       ],
       [
        174.19994259409023,
        -39.48061223350737
       ],
       [
        174.19994259409023,
        -39.48117473136922
       ],
       [
        174.1430808244398,
        -39.48117473136922
       ],
       [
        174.1430808244398,
        -39.415749715617665
       ]
      ]
     ],
     [
      [
       [
        176.34659786059427,
        -40.020667284667994
       ],
       [
        176.40275035258463,
        -40.020667284667994
       ],
       [
        176.40275035258463,
        -40.019003030007006
       ],
       [
        176.45563015344374,
        -40.019003030007006
       ],
       [
        176.45563015344374,
        -39.95256308774341
       ],
       [
        176.51172052302994,
        -39.95256308774341
       ],
       [
        176.51172052302994,
        -39.95084846617016
       ],
       [
        176.56444341618408,
        -39.95084846617016
       ],
       [
        176.56444341618408,
        -39.88436515277355
       ],
       [
        176.61706733722124,
        -39.88436515277355
       ],
       [
        176.61706733722124,
        -39.81962256153874
       ],
       [
        176.61367405997018,
        -39.81962256153874
       ],
       [
        176.61367405997018,
        -39.7531223186554
       ],
       [
        176.669592730214,
        -39.7531223186554
       ],
       [
        176.669592730214,
        -39.75133876307805
       ],
       [
        176.7220200375964,
        -39.75133876307805
       ],
       [
        176.7220200375964,
        -39.68479602619793
       ],
       [
        176.7743497001695,
        -39.68479602619793
       ],
       [
        176.7743497001695,
        -39.618233820007156
       ],
       [
        176.830149493839,
        -39.618233820007156
       ],
       [
        176.830149493839,
        -39.61637819084426
       ],
       [
        176.88232517516968,
        -39.61637819084426
       ],
       [
        176.88232517516968,
        -39.55165231286725
       ],
       [
        176.87871784596155,
        -39.55165231286725
       ],
       [
        176.87871784596155,
        -39.48505167260596
       ],
       [
        176.93806301218507,
        -39.48505167260596
       ],
       [
        176.93806301218507,
        -39.549774260756315
       ],
       [
        176.941733630115,
        -39.549774260756315
       ],
       [
        176.941733630115,
        -39.61637819084426
       ],
       [
        176.8895748474027,
        -39.61637819084426
       ],
       [
        176.8895748474027,
        -39.682962941227096
       ],
       [
        176.8373188074826,
        -39.682962941227096
       ],
       [
        176.8373188074826,
        -39.74952834381621
       ],
       [
        176.78496506969893,
        -39.74952834381621
       ],
       [
        176.78496506969893,
        -39.816074229987
       ],
       [
        176.7290041657241,
        -39.816074229987
       ],
       [
        176.7290041657241,
        -39.81786186174926
       ],
       [
        176.67649488309272,
        -39.81786186174926
       ],
       [
        176.67649488309272,
        -39.88260043057591
       ],
       [
        176.67996272969978,
        -39.88260043057591
       ],
       [
        176.67996272969978,
        -39.949106775877375
       ],
       [
        176.627313237937,
        -39.949106775877375
       ],
       [
        176.627313237937,
        -40.015593095640774
       ],
       [
        176.5745642692045,
        -40.015593095640774
       ],
       [
        176.5745642692045,
        -40.0820592190674
       ],
       [
        176.51837296740757,
        -40.0820592190674
       ],
       [
        176.51837296740757,
        -40.083754477425046
       ],
       [
        176.46217686429753,
        -40.083754477425046
       ],
       [
        176.46217686429753,
        -40.08542253009225
       ],
       [
        176.40597603585417,
        -40.08542253009225
       ],
       [
        176.40597603585417,
        -40.08706337039589
       ],
       [
        176.34977055809787,
        -40.08706337039589
       ],
       [
        176.34977055809787,
        -40.08867699177068
       ],
       [
        176.29669032093736,
        -40.08867699177068
       ],
       [
        176.29669032093736,
        -40.155028734098124
       ],
       [
        176.2373459589262,
        -40.155028734098124
       ],
       [
        176.2373459589262,
        -40.09026338775926
       ],
       [
        176.2342792822052,
        -40.09026338775926
       ],
       [
        176.2342792822052,
        -40.02391433570089
       ],
       [
        176.29044081185884,
        -40.02391433570089
       ],
       [
        176.29044081185884,
        -40.02230438874646
       ],
       [
        176.34659786059427,
        -40.02230438874646
       ],
       [
        176.34659786059427,
        -40.020667284667994
       ]
      ]
     ],
     [
      [
       [
        176.3534876720698,
        -37.816897108075935
       ],
       [
        176.3534876720698,
        -37.81843625025859
       ],
       [
        176.29616119911324,
        -37.81843625025859
       ],
       [
        176.29616119911324,
        -37.75515925687642
       ],
       [
        176.2417599501264,
        -37.75515925687642
       ],
       [
        176.2417599501264,
        -37.75664471263714
       ],
       [
        176.18457634694573,
        -37.75664471263714
       ],
       [
        176.18457634694573,
        -37.69330635209345
       ],
       [
        176.13021434049935,
        -37.69330635209345
       ],
       [
        176.13021434049935,
        -37.694738336831584
       ],
       [
        176.0758484511102,
        -37.694738336831584
       ],
       [
        176.0758484511102,
        -37.696145300427574
       ],
       [
        176.02147874574277,
        -37.696145300427574
       ],
       [
        176.02147874574277,
        -37.69752723750944
       ],
       [
        175.96710529139105,
        -37.69752723750944
       ],
       [
        175.96710529139105,
        -37.69888414280001
       ],
       [
        175.91019427646245,
        -37.69888414280001
       ],
       [
        175.91019427646245,
        -37.632717810609755
       ],
       [
        175.96452427579263,
        -37.632717810609755
       ],
       [
        175.96452427579263,
        -37.63133908111414
       ],
       [
        176.01885060563936,
        -37.63133908111414
       ],
       [
        176.01885060563936,
        -37.62993538307206
       ],
       [
        176.0731731992052,
        -37.62993538307206
       ],
       [
        176.0731731992052,
        -37.62850672183657
       ],
       [
        176.12749198972156,
        -37.62850672183657
       ],
       [
        176.12749198972156,
        -37.6270531028552
       ],
       [
        176.18180691044935,
        -37.6270531028552
       ],
       [
        176.18180691044935,
        -37.62557453166988
       ],
       [
        176.23893440351497,
        -37.62557453166988
       ],
       [
        176.23893440351497,
        -37.68886032616823
       ],
       [
        176.29328844330342,
        -37.68886032616823
       ],
       [
        176.29328844330342,
        -37.68732831247705
       ],
       [
        176.3505583505463,
        -37.68732831247705
       ],
       [
        176.3505583505463,
        -37.75055253810139
       ],
       [
        176.40495133735897,
        -37.75055253810139
       ],
       [
        176.40495133735897,
        -37.74896686756595
       ],
       [
        176.46236406361342,
        -37.74896686756595
       ],
       [
        176.46236406361342,
        -37.8121290524314
       ],
       [
        176.51679582303672,
        -37.8121290524314
       ],
       [
        176.51679582303672,
        -37.81048951110845
       ],
       [
        176.5712232019574,
        -37.81048951110845
       ],
       [
        176.5712232019574,
        -37.80882488543108
       ],
       [
        176.62564613321518,
        -37.80882488543108
       ],
       [
        176.62564613321518,
        -37.80713518176142
       ],
       [
        176.68006454968452,
        -37.80713518176142
       ],
       [
        176.68006454968452,
        -37.80542040655648
       ],
       [
        176.73774917905695,
        -37.80542040655648
       ],
       [
        176.73774917905695,
        -37.86843292354896
       ],
       [
        176.79553456073714,
        -37.86843292354896
       ],
       [
        176.79553456073714,
        -37.93141122098161
       ],
       [
        176.85003390360612,
        -37.93141122098161
       ],
       [
        176.85003390360612,
        -37.92961295593408
       ],
       [
        176.9079632446508,
        -37.92961295593408
       ],
       [
        176.9079632446508,
        -37.992527456777886
       ],
       [
        176.9625005195474,
        -37.992527456777886
       ],
       [
        176.9625005195474,
        -37.99067459290165
       ],
       [
        177.02057421397288,
        -37.99067459290165
       ],
       [
        177.02057421397288,
        -38.05540724092965
       ],
       [
        177.02412696822051,
        -38.05540724092965
       ],
       [
        177.02412696822051,
        -38.12200034827388
       ],
       [
        176.9659941406547,
        -38.12200034827388
       ],
       [
        176.9659941406547,
        -38.05909628235445
       ],
       [
        176.9114090829603,
        -38.05909628235445
       ],
       [
        176.9114090829603,
        -38.060902891052045
       ],
       [
        176.85342106999394,
        -38.060902891052045
       ],
       [
        176.85342106999394,
        -37.99793474967118
       ],
       [
        176.80222428574925,
        -37.99793474967118
       ],
       [
        176.80222428574925,
        -38.06268421579701
       ],
       [
        176.80558526514102,
        -38.06268421579701
       ],
       [
        176.80558526514102,
        -38.125647266342106
       ],
       [
        176.8636479524259,
        -38.125647266342106
       ],
       [
        176.8636479524259,
        -38.19218024713096
       ],
       [
        176.81233964247264,
        -38.19218024713096
       ],
       [
        176.81233964247264,
        -38.25692680951663
       ],
       [
        176.81573311489797,
        -38.25692680951663
       ],
       [
        176.81573311489797,
        -38.32344474154437
       ],
       [
        176.7642964237217,
        -38.32344474154437
       ],
       [
        176.7642964237217,
        -38.388193455467594
       ],
       [
        176.76766298808033,
        -38.388193455467594
       ],
       [
        176.76766298808033,
        -38.45469609007882
       ],
       [
        176.71276834992116,
        -38.45469609007882
       ],
       [
        176.71276834992116,
        -38.45642532100445
       ],
       [
        176.6545999699496,
        -38.45642532100445
       ],
       [
        176.6545999699496,
        -38.3899442998112
       ],
       [
        176.70614340181956,
        -38.3899442998112
       ],
       [
        176.70614340181956,
        -38.325191550249
       ],
       [
        176.70284683987796,
        -38.325191550249
       ],
       [
        176.70284683987796,
        -38.258695062626906
       ],
       [
        176.75426131049682,
        -38.258695062626906
       ],
       [
        176.75426131049682,
        -38.193944420100074
       ],
       [
        176.75093767602183,
        -38.193944420100074
       ],
       [
        176.75093767602183,
        -38.129192815347594
       ],
       [
        176.7476246819819,
        -38.129192815347594
       ],
       [
        176.7476246819819,
        -38.06617098617615
       ],
       [
        176.68976582391196,
        -38.06617098617615
       ],
       [
        176.68976582391196,
        -37.99968672469526
       ],
       [
        176.74103046965394,
        -37.99968672469526
       ],
       [
        176.74103046965394,
        -37.93665498360326
       ],
       [
        176.68328795154113,
        -37.93665498360326
       ],
       [
        176.68328795154113,
        -37.87358918256583
       ],
       [
        176.62882212651002,
        -37.87358918256583
       ],
       [
        176.62882212651002,
        -37.875257672188994
       ],
       [
        176.5743517712809,
        -37.875257672188994
       ],
       [
        176.5743517712809,
        -37.87690101940039
       ],
       [
        176.51987695320642,
        -37.87690101940039
       ],
       [
        176.51987695320642,
        -37.87851921791059
       ],
       [
        176.46539773967405,
        -37.87851921791059
       ],
       [
        176.46539773967405,
        -37.88011226152542
       ],
       [
        176.4079279908818,
        -37.88011226152542
       ],
       [
        176.4079279908818,
        -37.816897108075935
       ],
       [
        176.3534876720698,
        -37.816897108075935
       ]
      ]
     ],
     [
      [
       [
        176.80541804324042,
        -39.16327611007009
       ],
       [
        176.86085461751227,
        -39.16327611007009
       ],
       [
        176.86085461751227,
        -39.16142367607051
       ],
       [
        176.91269738646136,
        -39.16142367607051
       ],
       [
        176.91269738646136,
        -39.09482065501285
       ],
       [
        176.96444577096526,
        -39.09482065501285
       ],
       [
        176.96444577096526,
        -39.028199064582864
       ],
       [
        177.01976617640014,
        -39.028199064582864
       ],
       [
        177.01976617640014,
        -39.026276621276985
       ],
       [
        177.0750813311613,
        -39.026276621276985
       ],
       [
        177.0750813311613,
        -39.02432803051833
       ],
       [
        177.13039116389209,
        -39.02432803051833
       ],
       [
        177.13039116389209,
        -39.0223532999232
       ],
       [
        177.18569560327953,
        -39.0223532999232
       ],
       [
        177.18569560327953,
        -39.020352437208665
       ],
       [
        177.24099457805448,
        -39.020352437208665
       ],
       [
        177.24099457805448,
        -39.01832545019245
       ],
       [
        177.2923716813855,
        -39.01832545019245
       ],
       [
        177.2923716813855,
        -38.951577723685524
       ],
       [
        177.34760950017775,
        -38.951577723685524
       ],
       [
        177.34760950017775,
        -38.94950327638252
       ],
       [
        177.4068580026872,
        -38.94950327638252
       ],
       [
        177.4068580026872,
        -39.01208782301938
       ],
       [
        177.4621344072231,
        -39.01208782301938
       ],
       [
        177.4621344072231,
        -39.009956418984224
       ],
       [
        177.5174049914821,
        -39.009956418984224
       ],
       [
        177.5174049914821,
        -39.007798931243066
       ],
       [
        177.57266968447135,
        -39.007798931243066
       ],
       [
        177.57266968447135,
        -39.005615368215835
       ],
       [
        177.62792841524615,
        -39.005615368215835
       ],
       [
        177.62792841524615,
        -39.003405738422444
       ],
       [
        177.68318111291018,
        -39.003405738422444
       ],
       [
        177.68318111291018,
        -39.0011700504828
       ],
       [
        177.7384277066164,
        -39.0011700504828
       ],
       [
        177.7384277066164,
        -38.998908313116615
       ],
       [
        177.7936681255673,
        -38.998908313116615
       ],
       [
        177.7936681255673,
        -38.99662053514339
       ],
       [
        177.84448675642778,
        -38.99662053514339
       ],
       [
        177.84448675642778,
        -38.93197093264577
       ],
       [
        177.84008537562343,
        -38.93197093264577
       ],
       [
        177.84008537562343,
        -38.867320191553745
       ],
       [
        177.83569810716642,
        -38.867320191553745
       ],
       [
        177.83569810716642,
        -38.80037037332018
       ],
       [
        177.8863544944054,
        -38.80037037332018
       ],
       [
        177.8863544944054,
        -38.735722632107034
       ],
       [
        177.88194613048398,
        -38.735722632107034
       ],
       [
        177.88194613048398,
        -38.66876061354716
       ],
       [
        177.93692027378611,
        -38.66876061354716
       ],
       [
        177.93692027378611,
        -38.66642175947526
       ],
       [
        177.987395861491,
        -38.66642175947526
       ],
       [
        177.987395861491,
        -38.599423282451426
       ],
       [
        178.04684945381862,
        -38.599423282451426
       ],
       [
        178.04684945381862,
        -38.66642175947526
       ],
       [
        177.99639471517173,
        -38.66642175947526
       ],
       [
        177.99639471517173,
        -38.73340417611443
       ],
       [
        177.94584963133556,
        -38.73340417611443
       ],
       [
        177.94584963133556,
        -38.7980465874876
       ],
       [
        177.9503358516517,
        -38.7980465874876
       ],
       [
        177.9503358516517,
        -38.862687845540044
       ],
       [
        177.9548364999227,
        -38.862687845540044
       ],
       [
        177.9548364999227,
        -38.929662422102474
       ],
       [
        177.90413015626564,
        -38.929662422102474
       ],
       [
        177.90413015626564,
        -38.99430672548226
       ],
       [
        177.90860987252896,
        -38.99430672548226
       ],
       [
        177.90860987252896,
        -39.06126899698385
       ],
       [
        177.8577760685824,
        -39.06126899698385
       ],
       [
        177.8577760685824,
        -39.12821460192536
       ],
       [
        177.8024417667192,
        -39.12821460192536
       ],
       [
        177.8024417667192,
        -39.13048672820343
       ],
       [
        177.74275746992785,
        -39.13048672820343
       ],
       [
        177.74275746992785,
        -39.068069769625815
       ],
       [
        177.68746084815237,
        -39.068069769625815
       ],
       [
        177.68746084815237,
        -39.07028447028673
       ],
       [
        177.6321581009513,
        -39.07028447028673
       ],
       [
        177.6321581009513,
        -39.072473044669735
       ],
       [
        177.57684929941703,
        -39.072473044669735
       ],
       [
        177.57684929941703,
        -39.07463548422438
       ],
       [
        177.52153451469155,
        -39.07463548422438
       ],
       [
        177.52153451469155,
        -39.076771780500614
       ],
       [
        177.46621381796555,
        -39.076771780500614
       ],
       [
        177.46621381796555,
        -39.07888192514884
       ],
       [
        177.41088728047816,
        -39.07888192514884
       ],
       [
        177.41088728047816,
        -39.080965909920124
       ],
       [
        177.3555549735162,
        -39.080965909920124
       ],
       [
        177.3555549735162,
        -39.08302372666612
       ],
       [
        177.3041585800727,
        -39.08302372666612
       ],
       [
        177.3041585800727,
        -39.14975725260446
       ],
       [
        177.2487645945756,
        -39.14975725260446
       ],
       [
        177.2487645945756,
        -39.15176731146232
       ],
       [
        177.18952414935546,
        -39.15176731146232
       ],
       [
        177.18952414935546,
        -39.089040088781225
       ],
       [
        177.13416947829856,
        -39.089040088781225
       ],
       [
        177.13416947829856,
        -39.09099315395953
       ],
       [
        177.0788093948975,
        -39.09099315395953
       ],
       [
        177.0788093948975,
        -39.09292001188421
       ],
       [
        177.02713362070324,
        -39.09292001188421
       ],
       [
        177.02713362070324,
        -39.15954495250709
       ],
       [
        176.97536341481685,
        -39.15954495250709
       ],
       [
        176.97536341481685,
        -39.226151277908556
       ],
       [
        176.91988642708463,
        -39.226151277908556
       ],
       [
        176.91988642708463,
        -39.228007962253976
       ],
       [
        176.86796538922187,
        -39.228007962253976
       ],
       [
        176.86796538922187,
        -39.29273882233527
       ],
       [
        176.8715379941113,
        -39.29273882233527
       ],
       [
        176.8715379941113,
        -39.35560348072937
       ],
       [
        176.93075720266887,
        -39.35560348072937
       ],
       [
        176.93075720266887,
        -39.4221975604402
       ],
       [
        176.87512213268607,
        -39.4221975604402
       ],
       [
        176.87512213268607,
        -39.42404050415564
       ],
       [
        176.8194819184034,
        -39.42404050415564
       ],
       [
        176.8194819184034,
        -39.425856902652306
       ],
       [
        176.76035482242676,
        -39.425856902652306
       ],
       [
        176.76035482242676,
        -39.36111966540275
       ],
       [
        176.7568842180445,
        -39.36111966540275
       ],
       [
        176.7568842180445,
        -39.29638144836445
       ],
       [
        176.75342478006334,
        -39.29638144836445
       ],
       [
        176.75342478006334,
        -39.22983828965148
       ],
       [
        176.80541804324042,
        -39.22983828965148
       ],
       [
        176.80541804324042,
        -39.16327611007009
       ]
      ]
     ]
    ]
   }
  },
  {
   "type": "Feature",
   "properties": {
    "name": "kiwirail_track",
    "kind": "arcgis",
    "provides": [
     "rail"
    ],
    "enabled": false,
    "checked": "2026-10-08T00:23:13+00:00",
    "url": "TODO",
    "note": "url not resolved: 'TODO'",
    "coverage": "unresolved"
   },
   "geometry": {
    "type": "Polygon",
    "coordinates": [
     [
      [
       179.0,
       -47.4
      ],
      [
       179.0,
       -34.0
      ],
      [
       165.8,
       -34.0
      ],
      [
       165.8,
       -47.4
      ],
      [
       179.0,
       -47.4
      ]
     ]
    ]
   }
  },
  {
   "type": "Feature",
   "properties": {
    "name": "linz_roads",
    "kind": "linz_wfs",
    "provides": [
     "roads"
    ],
    "enabled": true,
    "checked": "2026-10-08T00:23:13+00:00",
    "url": null,
    "coverage": "nz"
   },
   "geometry": {
    "type": "Polygon",
    "coordinates": [
     [
      [
       179.0,
       -47.4
      ],
      [
       179.0,
       -34.0
      ],
      [
       165.8,
       -34.0
      ],
      [
       165.8,
       -47.4
      ],
      [
       179.0,
       -47.4
      ]
     ]
    ]
   }
  },
  {
   "type": "Feature",
   "properties": {
    "name": "linz_tracks",
    "kind": "linz_wfs",
    "provides": [
     "tracks"
    ],
    "enabled": true,
    "checked": "2026-10-08T00:23:13+00:00",
    "url": null,
    "coverage": "nz"
   },
   "geometry": {
    "type": "Polygon",
    "coordinates": [
     [
      [
       179.0,
       -47.4
      ],
      [
       179.0,
       -34.0
      ],
      [
       165.8,
       -34.0
      ],
      [
       165.8,
       -47.4
      ],
      [
       179.0,
       -47.4
      ]
     ]
    ]
   }
  },
  {
   "type": "Feature",
   "properties": {
    "name": "linz_rail",
    "kind": "linz_wfs",
    "provides": [
     "rail"
    ],
    "enabled": true,
    "checked": "2026-10-08T00:23:13+00:00",
    "url": null,
    "coverage": "nz"
   },
   "geometry": {
    "type": "Polygon",
    "coordinates": [
     [
      [
       179.0,
       -47.4
      ],
      [
       179.0,
       -34.0
      ],
      [
       165.8,
       -34.0
      ],
      [
       165.8,
       -47.4
      ],
      [
       179.0,
       -47.4
      ]
     ]
    ]
   }
  },
  {
   "type": "Feature",
   "properties": {
    "name": "linz_buildings",
    "kind": "linz_wfs",
    "provides": [
     "buildings"
    ],
    "enabled": true,
    "checked": "2026-10-08T00:23:13+00:00",
    "url": null,
    "coverage": "nz"
   },
   "geometry": {
    "type": "Polygon",
    "coordinates": [
     [
      [
       179.0,
       -47.4
      ],
      [
       179.0,
       -34.0
      ],
      [
       165.8,
       -34.0
      ],
      [
       165.8,
       -47.4
      ],
      [
       179.0,
       -47.4
      ]
     ]
    ]
   }
  },
  {
   "type": "Feature",
   "properties": {
    "name": "linz_bridges",
    "kind": "linz_wfs",
    "provides": [
     "bridges"
    ],
    "enabled": true,
    "checked": "2026-10-08T02:59:43+00:00",
    "url": null,
    "coverage": "nz"
   },
   "geometry": {
    "type": "Polygon",
    "coordinates": [
     [
      [
       179.0,
       -47.4
      ],
      [
       179.0,
       -34.0
      ],
      [
       165.8,
       -34.0
      ],
      [
       165.8,
       -47.4
      ],
      [
       179.0,
       -47.4
      ]
     ]
    ]
   }
  },
  {
   "type": "Feature",
   "properties": {
    "name": "linz_embankments",
    "kind": "linz_wfs",
    "provides": [
     "embankments"
    ],
    "enabled": true,
    "checked": "2026-10-08T02:59:43+00:00",
    "url": null,
    "coverage": "nz"
   },
   "geometry": {
    "type": "Polygon",
    "coordinates": [
     [
      [
       179.0,
       -47.4
      ],
      [
       179.0,
       -34.0
      ],
      [
       165.8,
       -34.0
      ],
      [
       165.8,
       -47.4
      ],
      [
       179.0,
       -47.4
      ]
     ]
    ]
   }
  },
  {
   "type": "Feature",
   "properties": {
    "name": "linz_dams",
    "kind": "linz_wfs",
    "provides": [
     "dams"
    ],
    "enabled": true,
    "checked": "2026-10-08T02:59:43+00:00",
    "url": null,
    "coverage": "nz"
   },
   "geometry": {
    "type": "Polygon",
    "coordinates": [
     [
      [
       179.0,
       -47.4
      ],
      [
       179.0,
       -34.0
      ],
      [
       165.8,
       -34.0
      ],
      [
       165.8,
       -47.4
      ],
      [
       179.0,
       -47.4
      ]
     ]
    ]
   }
  },
  {
   "type": "Feature",
   "properties": {
    "name": "ecan_stopbanks",
    "kind": "arcgis",
    "provides": [
     "stopbanks"
    ],
    "enabled": true,
    "checked": "2026-10-08T18:25:25+00:00",
    "url": "https://gis.ecan.govt.nz/arcgis/rest/services/Public/PlanningZones/MapServer/4",
    "extent": [
     169.94615999814656,
     -44.90406504210129,
     173.69742883660575,
     -42.291740912279494
    ],
    "sheets": {
     "BT27": 186,
     "BU24": 3,
     "BU25": 10,
     "BU26": 4,
     "BV24": 2,
     "BW19": 2,
     "BW23": 25,
     "BW24": 97,
     "BX20": 52,
     "BX22": 4,
     "BX23": 79,
     "BX24": 20,
     "BY17": 6,
     "BY18": 10,
     "BY19": 58,
     "BY20": 93,
     "BY21": 109,
     "BZ15": 20,
     "BZ18": 74,
     "BZ19": 161,
     "BZ20": 35,
     "CA15": 2,
     "CA19": 56,
     "CB17": 4,
     "CB18": 1,
     "CB19": 86
    },
    "tiles": {
     "BT27_10000_0304": 26,
     "BT27_10000_0402": 3,
     "BT27_10000_0403": 68,
     "BT27_10000_0404": 88,
     "BT27_10000_0504": 16,
     "BU24_10000_0105": 3,
     "BU25_10000_0303": 3,
     "BU25_10000_0304": 7,
     "BU26_10000_0402": 2,
     "BU26_10000_0403": 2,
     "BU26_10000_0502": 2,
     "BU26_10000_0503": 2,
     "BV24_10000_0204": 2,
     "BW19_10000_0303": 2,
     "BW19_10000_0304": 2,
     "BW23_10000_0304": 4,
     "BW23_10000_0305": 4,
     "BW23_10000_0405": 4,
     "BW23_10000_0504": 7,
     "BW23_10000_0505": 14,
     "BW24_10000_0203": 3,
     "BW24_10000_0204": 2,
     "BW24_10000_0301": 9,
     "BW24_10000_0302": 11,
     "BW24_10000_0303": 9,
     "BW24_10000_0401": 15,
     "BW24_10000_0402": 29,
     "BW24_10000_0501": 4,
     "BW24_10000_0502": 44,
     "BW24_10000_0503": 4,
     "BX20_10000_0304": 6,
     "BX20_10000_0404": 9,
     "BX20_10000_0502": 2,
     "BX20_10000_0503": 5,
     "BX20_10000_0504": 22,
     "BX20_10000_0505": 12,
     "BX22_10000_0105": 2,
     "BX22_10000_0405": 2,
     "BX23_10000_0101": 8,
     "BX23_10000_0102": 13,
     "BX23_10000_0103": 15,
     "BX23_10000_0104": 23,
     "BX23_10000_0105": 22,
     "BX23_10000_0402": 10,
     "BX23_10000_0403": 12,
     "BX23_10000_0503": 4,
     "BX23_10000_0504": 4,
     "BX24_10000_0101": 15,
     "BX24_10000_0102": 7,
     "BY17_10000_0505": 6,
     "BY18_10000_0501": 10,
     "BY19_10000_0105": 2,
     "BY19_10000_0303": 8,
     "BY19_10000_0403": 6,
     "BY19_10000_0404": 10,
     "BY19_10000_0405": 4,
     "BY19_10000_0503": 10,
     "BY19_10000_0504": 30,
     "BY19_10000_0505": 4,
     "BY20_10000_0101": 2,
     "BY20_10000_0105": 26,
     "BY20_10000_0203": 2,
     "BY20_10000_0303": 6,
     "BY20_10000_0404": 8,
     "BY20_10000_0501": 2,
     "BY20_10000_0505": 47,
     "BY21_10000_0101": 22,
     "BY21_10000_0201": 26,
     "BY21_10000_0202": 34,
     "BY21_10000_0302": 33,
     "BY21_10000_0303": 4,
     "BY21_10000_0403": 4,
     "BZ15_10000_0304": 2,
     "BZ15_10000_0305": 10,
     "BZ15_10000_0405": 10,
     "BZ18_10000_0101": 4,
     "BZ18_10000_0102": 17,
     "BZ18_10000_0103": 4,
     "BZ18_10000_0202": 4,
     "BZ18_10000_0204": 18,
     "BZ18_10000_0205": 13,
     "BZ18_10000_0305": 2,
     "BZ18_10000_0404": 12,
     "BZ18_10000_0405": 8,
     "BZ18_10000_0505": 2,
     "BZ19_10000_0104": 20,
     "BZ19_10000_0105": 10,
     "BZ19_10000_0201": 4,
     "BZ19_10000_0204": 17,
     "BZ19_10000_0205": 12,
     "BZ19_10000_0301": 22,
     "BZ19_10000_0302": 28,
     "BZ19_10000_0303": 6,
     "BZ19_10000_0304": 34,
     "BZ19_10000_0305": 18,
     "BZ19_10000_0404": 2,
     "BZ19_10000_0405": 6,
     "BZ19_10000_0501": 2,
     "BZ19_10000_0504": 26,
     "BZ20_10000_0102": 4,
     "BZ20_10000_0105": 4,
     "BZ20_10000_0201": 11,
     "BZ20_10000_0301": 18,
     "BZ20_10000_0302": 2,
     "BZ20_10000_0401": 4,
     "CA15_10000_0203": 2,
     "CA19_10000_0101": 26,
     "CA19_10000_0102": 12,
     "CA19_10000_0104": 6,
     "CA19_10000_0202": 8,
     "CA19_10000_0203": 10,
     "CA19_10000_0502": 4,
     "CA19_10000_0503": 4,
     "CB17_10000_0204": 4,
     "CB18_10000_0302": 1,
     "CB19_10000_0102": 10,
     "CB19_10000_0103": 20,
     "CB19_10000_0201": 14,
     "CB19_10000_0202": 53,
     "CB19_10000_0203": 16
    },
    "tile_scale": 10000,
    "n_features": 1199,
    "failed": [],
    "layer_url": "https://gis.ecan.govt.nz/arcgis/rest/services/Public/PlanningZones/MapServer/4",
    "coverage": "tiles"
   },
   "geometry": {
    "type": "MultiPolygon",
    "coordinates": [
     [
      [
       [
        170.7804686651554,
        -44.84749216243207
       ],
       [
        170.84365580086006,
        -44.84749216243207
       ],
       [
        170.84365580086006,
        -44.913424096941604
       ],
       [
        170.7804686651554,
        -44.913424096941604
       ],
       [
        170.7804686651554,
        -44.84749216243207
       ]
      ]
     ],
     [
      [
       [
        171.0257689789454,
        -44.85298338334629
       ],
       [
        171.0257689789454,
        -44.7871721991726
       ],
       [
        171.08862244812616,
        -44.7871721991726
       ],
       [
        171.08862244812616,
        -44.723423054495356
       ],
       [
        171.09075752033974,
        -44.723423054495356
       ],
       [
        171.09075752033974,
        -44.658641662749446
       ],
       [
        171.15339685428634,
        -44.658641662749446
       ],
       [
        171.15339685428634,
        -44.65963642754115
       ],
       [
        171.2139113888022,
        -44.65963642754115
       ],
       [
        171.2139113888022,
        -44.72538494065398
       ],
       [
        171.21191836193958,
        -44.72538494065398
       ],
       [
        171.21191836193958,
        -44.79016992612601
       ],
       [
        171.20991859948842,
        -44.79016992612601
       ],
       [
        171.20991859948842,
        -44.85495410293378
       ],
       [
        171.1471945546018,
        -44.85495410293378
       ],
       [
        171.1471945546018,
        -44.85398487411428
       ],
       [
        171.08648015567778,
        -44.85398487411428
       ],
       [
        171.08648015567778,
        -44.85298338334629
       ],
       [
        171.0257689789454,
        -44.85298338334629
       ]
      ]
     ],
     [
      [
       [
        170.66419232733088,
        -44.77905141737807
       ],
       [
        170.66419232733088,
        -44.84507000862871
       ],
       [
        170.60088951936947,
        -44.84507000862871
       ],
       [
        170.60088951936947,
        -44.77905141737807
       ],
       [
        170.66419232733088,
        -44.77905141737807
       ]
      ]
     ],
     [
      [
       [
        170.92290389426617,
        -44.33266009297101
       ],
       [
        170.92290389426617,
        -44.26680215967347
       ],
       [
        170.9852894307718,
        -44.26680215967347
       ],
       [
        170.9852894307718,
        -44.20309593949772
       ],
       [
        170.92746323613702,
        -44.20309593949772
       ],
       [
        170.92746323613702,
        -44.137241181396334
       ],
       [
        170.8697642046666,
        -44.137241181396334
       ],
       [
        170.8697642046666,
        -44.20091670410929
       ],
       [
        170.80740104573914,
        -44.20091670410929
       ],
       [
        170.80740104573914,
        -44.13500392786861
       ],
       [
        170.74984020212287,
        -44.13500392786861
       ],
       [
        170.74984020212287,
        -44.06906403178564
       ],
       [
        170.69240564952557,
        -44.06906403178564
       ],
       [
        170.69240564952557,
        -44.00309721594312
       ],
       [
        170.75474534812795,
        -44.00309721594312
       ],
       [
        170.75474534812795,
        -44.00428908998403
       ],
       [
        170.81457511493124,
        -44.00428908998403
       ],
       [
        170.81457511493124,
        -44.07022721539946
       ],
       [
        170.87209020171156,
        -44.07022721539946
       ],
       [
        170.87209020171156,
        -44.07135902217073
       ],
       [
        170.93199209510828,
        -44.07135902217073
       ],
       [
        170.93199209510828,
        -44.137241181396334
       ],
       [
        170.98970208987296,
        -44.137241181396334
       ],
       [
        170.98970208987296,
        -44.13831262482955
       ],
       [
        171.04967599505392,
        -44.13831262482955
       ],
       [
        171.04967599505392,
        -44.13935260637653
       ],
       [
        171.10965307872698,
        -44.13935260637653
       ],
       [
        171.10965307872698,
        -44.20514904470428
       ],
       [
        171.1676274779124,
        -44.20514904470428
       ],
       [
        171.1676274779124,
        -44.20612828708944
       ],
       [
        171.2276762720585,
        -44.20612828708944
       ],
       [
        171.2276762720585,
        -44.142283734621614
       ],
       [
        171.22961639167417,
        -44.142283734621614
       ],
       [
        171.22961639167417,
        -44.07749068032277
       ],
       [
        171.1716322959696,
        -44.07749068032277
       ],
       [
        171.1716322959696,
        -44.01175549311416
       ],
       [
        171.17362466253454,
        -44.01175549311416
       ],
       [
        171.17362466253454,
        -43.9469629427533
       ],
       [
        171.17561036997887,
        -43.9469629427533
       ],
       [
        171.17561036997887,
        -43.88216958347812
       ],
       [
        171.2373121951301,
        -43.88216958347812
       ],
       [
        171.2373121951301,
        -43.94790215689942
       ],
       [
        171.29518826852524,
        -43.94790215689942
       ],
       [
        171.29518826852524,
        -43.94881010305179
       ],
       [
        171.3549813984822,
        -43.94881010305179
       ],
       [
        171.3549813984822,
        -44.01448545778575
       ],
       [
        171.41305150792843,
        -44.01448545778575
       ],
       [
        171.41305150792843,
        -44.080132550263365
       ],
       [
        171.47124867708928,
        -44.080132550263365
       ],
       [
        171.47124867708928,
        -44.14575117733475
       ],
       [
        171.4095827622536,
        -44.14575117733475
       ],
       [
        171.4095827622536,
        -44.20972975605552
       ],
       [
        171.46789944596765,
        -44.20972975605552
       ],
       [
        171.46789944596765,
        -44.275350490499505
       ],
       [
        171.40609067693975,
        -44.275350490499505
       ],
       [
        171.40609067693975,
        -44.33932379073854
       ],
       [
        171.34414660750033,
        -44.33932379073854
       ],
       [
        171.34414660750033,
        -44.33846691389919
       ],
       [
        171.28396011594978,
        -44.33846691389919
       ],
       [
        171.28396011594978,
        -44.40237023782834
       ],
       [
        171.28206667881386,
        -44.40237023782834
       ],
       [
        171.28206667881386,
        -44.467161336515225
       ],
       [
        171.21985033025564,
        -44.467161336515225
       ],
       [
        171.21985033025564,
        -44.53102513544033
       ],
       [
        171.1574969994105,
        -44.53102513544033
       ],
       [
        171.1574969994105,
        -44.53006673193223
       ],
       [
        171.0971197101678,
        -44.53006673193223
       ],
       [
        171.0971197101678,
        -44.46429258260005
       ],
       [
        171.0389187940379,
        -44.46429258260005
       ],
       [
        171.0389187940379,
        -44.39849030165157
       ],
       [
        170.98084704890624,
        -44.39849030165157
       ],
       [
        170.98084704890624,
        -44.33266009297101
       ],
       [
        170.92290389426617,
        -44.33266009297101
       ]
      ],
      [
       [
        171.35139398732244,
        -44.080132550263365
       ],
       [
        171.35139398732244,
        -44.14408043046019
       ],
       [
        171.4095827622536,
        -44.14408043046019
       ],
       [
        171.4095827622536,
        -44.080132550263365
       ],
       [
        171.35139398732244,
        -44.080132550263365
       ]
      ],
      [
       [
        171.10550331963952,
        -44.269936152815774
       ],
       [
        171.0453947730635,
        -44.269936152815774
       ],
       [
        171.0453947730635,
        -44.33370710872367
       ],
       [
        171.10341797130454,
        -44.33370710872367
       ],
       [
        171.10341797130454,
        -44.39950792213738
       ],
       [
        171.16156963106104,
        -44.39950792213738
       ],
       [
        171.16156963106104,
        -44.46528066578969
       ],
       [
        171.21985033025564,
        -44.46528066578969
       ],
       [
        171.21985033025564,
        -44.401447894523535
       ],
       [
        171.2218166883698,
        -44.401447894523535
       ],
       [
        171.2218166883698,
        -44.33665806381067
       ],
       [
        171.2237764469109,
        -44.33665806381067
       ],
       [
        171.2237764469109,
        -44.27186742670091
       ],
       [
        171.16561497225018,
        -44.27186742670091
       ],
       [
        171.16561497225018,
        -44.2709175981818
       ],
       [
        171.10550331963952,
        -44.2709175981818
       ],
       [
        171.10550331963952,
        -44.269936152815774
       ]
      ]
     ],
     [
      [
       [
        170.01427024312233,
        -44.439477886059386
       ],
       [
        170.01427024312233,
        -44.50580138957041
       ],
       [
        169.95066468129093,
        -44.50580138957041
       ],
       [
        169.95066468129093,
        -44.439477886059386
       ],
       [
        170.01427024312233,
        -44.439477886059386
       ]
      ]
     ],
     [
      [
       [
        170.08735614894863,
        -44.183680114281046
       ],
       [
        170.14733607464913,
        -44.183680114281046
       ],
       [
        170.14733607464913,
        -44.2499370977859
       ],
       [
        170.14420602319552,
        -44.2499370977859
       ],
       [
        170.14420602319552,
        -44.3146784181249
       ],
       [
        170.0809541364411,
        -44.3146784181249
       ],
       [
        170.0809541364411,
        -44.248418942518434
       ],
       [
        170.02411976824527,
        -44.248418942518434
       ],
       [
        170.02411976824527,
        -44.1821339171961
       ],
       [
        170.08735614894863,
        -44.1821339171961
       ],
       [
        170.08735614894863,
        -44.183680114281046
       ]
      ]
     ],
     [
      [
       [
        171.36031771106363,
        -43.754415182059695
       ],
       [
        171.36031771106363,
        -43.755285962366095
       ],
       [
        171.4199197274842,
        -43.755285962366095
       ],
       [
        171.4199197274842,
        -43.691321928809835
       ],
       [
        171.4811628623252,
        -43.691321928809835
       ],
       [
        171.4811628623252,
        -43.692128757295514
       ],
       [
        171.5407056659708,
        -43.692128757295514
       ],
       [
        171.5407056659708,
        -43.62809648788213
       ],
       [
        171.54227482628346,
        -43.62809648788213
       ],
       [
        171.54227482628346,
        -43.5632876104909
       ],
       [
        171.6032561572061,
        -43.5632876104909
       ],
       [
        171.6032561572061,
        -43.628839633095566
       ],
       [
        171.6017559853367,
        -43.628839633095566
       ],
       [
        171.6017559853367,
        -43.69364940149107
       ],
       [
        171.65979817295553,
        -43.69364940149107
       ],
       [
        171.65979817295553,
        -43.759173807070326
       ],
       [
        171.71796587603149,
        -43.759173807070326
       ],
       [
        171.71796587603149,
        -43.824669502175915
       ],
       [
        171.77625964835616,
        -43.824669502175915
       ],
       [
        171.77625964835616,
        -43.890136283620315
       ],
       [
        171.83468004578012,
        -43.890136283620315
       ],
       [
        171.83468004578012,
        -43.955573947468196
       ],
       [
        171.83341404294083,
        -43.955573947468196
       ],
       [
        171.83341404294083,
        -44.02038587944864
       ],
       [
        171.77226701122964,
        -44.02038587944864
       ],
       [
        171.77226701122964,
        -43.95494757585579
       ],
       [
        171.7137926321409,
        -43.95494757585579
       ],
       [
        171.7137926321409,
        -43.889480090401875
       ],
       [
        171.655445587168,
        -43.889480090401875
       ],
       [
        171.655445587168,
        -43.823983627439574
       ],
       [
        171.59722531580488,
        -43.823983627439574
       ],
       [
        171.59722531580488,
        -43.75845839057036
       ],
       [
        171.53913125963484,
        -43.75845839057036
       ],
       [
        171.53913125963484,
        -43.757711894526075
       ],
       [
        171.47952427544658,
        -43.757711894526075
       ],
       [
        171.47952427544658,
        -43.75693432219369
       ],
       [
        171.4199197274842,
        -43.75693432219369
       ],
       [
        171.4199197274842,
        -43.82092863434328
       ],
       [
        171.3585448822052,
        -43.82092863434328
       ],
       [
        171.3585448822052,
        -43.82008702921486
       ],
       [
        171.2988811279821,
        -43.82008702921486
       ],
       [
        171.2988811279821,
        -43.754415182059695
       ],
       [
        171.36031771106363,
        -43.754415182059695
       ]
      ]
     ],
     [
      [
       [
        171.25610792993803,
        -43.23419158181602
       ],
       [
        171.25610792993803,
        -43.23510784057774
       ],
       [
        171.3151974108007,
        -43.23510784057774
       ],
       [
        171.3151974108007,
        -43.30079908388272
       ],
       [
        171.2542563959139,
        -43.30079908388272
       ],
       [
        171.2542563959139,
        -43.29991133340043
       ],
       [
        171.19510699211153,
        -43.29991133340043
       ],
       [
        171.19510699211153,
        -43.23419158181602
       ],
       [
        171.25610792993803,
        -43.23419158181602
       ]
      ]
     ],
     [
      [
       [
        171.53278075259198,
        -44.0176865488446
       ],
       [
        171.53278075259198,
        -43.95212913021507
       ],
       [
        171.4745755377006,
        -43.95212913021507
       ],
       [
        171.4745755377006,
        -43.88654309104581
       ],
       [
        171.47623063515834,
        -43.88654309104581
       ],
       [
        171.47623063515834,
        -43.82173910020248
       ],
       [
        171.53755158629258,
        -43.82173910020248
       ],
       [
        171.53755158629258,
        -43.88732416856723
       ],
       [
        171.5359666248409,
        -43.88732416856723
       ],
       [
        171.5359666248409,
        -43.95212913021507
       ],
       [
        171.59417953959522,
        -43.95212913021507
       ],
       [
        171.59417953959522,
        -44.0176865488446
       ],
       [
        171.6525195121326,
        -44.0176865488446
       ],
       [
        171.6525195121326,
        -44.08321514317582
       ],
       [
        171.65104911043537,
        -44.08321514317582
       ],
       [
        171.65104911043537,
        -44.14802107957038
       ],
       [
        171.58957247211137,
        -44.14802107957038
       ],
       [
        171.58957247211137,
        -44.08249163770652
       ],
       [
        171.5911133091945,
        -44.08249163770652
       ],
       [
        171.5911133091945,
        -44.0176865488446
       ],
       [
        171.53278075259198,
        -44.0176865488446
       ]
      ]
     ],
     [
      [
       [
        172.31493969008804,
        -43.70050916220374
       ],
       [
        172.31493969008804,
        -43.63534325717554
       ],
       [
        172.37517930687403,
        -43.63534325717554
       ],
       [
        172.37517930687403,
        -43.63568397779977
       ],
       [
        172.43468303523116,
        -43.63568397779977
       ],
       [
        172.43468303523116,
        -43.70081961069988
       ],
       [
        172.4936429788454,
        -43.70081961069988
       ],
       [
        172.4936429788454,
        -43.765924784800866
       ],
       [
        172.43346348752289,
        -43.765924784800866
       ],
       [
        172.43346348752289,
        -43.76564474796051
       ],
       [
        172.3738314123343,
        -43.76564474796051
       ],
       [
        172.3738314123343,
        -43.70050916220374
       ],
       [
        172.31493969008804,
        -43.70050916220374
       ]
      ]
     ],
     [
      [
       [
        172.25617493324,
        -43.634568912338025
       ],
       [
        172.25617493324,
        -43.69979514777882
       ],
       [
        172.19580948190188,
        -43.69979514777882
       ],
       [
        172.19580948190188,
        -43.634568912338025
       ],
       [
        172.25617493324,
        -43.634568912338025
       ]
      ]
     ],
     [
      [
       [
        172.3171429897182,
        -43.50603137023492
       ],
       [
        172.3171429897182,
        -43.505692179744685
       ],
       [
        172.25776882513088,
        -43.505692179744685
       ],
       [
        172.25776882513088,
        -43.50532215990808
       ],
       [
        172.19839583687363,
        -43.50532215990808
       ],
       [
        172.19839583687363,
        -43.44009638520937
       ],
       [
        172.25856179568245,
        -43.44009638520937
       ],
       [
        172.25856179568245,
        -43.44049633154322
       ],
       [
        172.31787253976722,
        -43.44049633154322
       ],
       [
        172.31787253976722,
        -43.440865519436514
       ],
       [
        172.37718436183422,
        -43.440865519436514
       ],
       [
        172.37718436183422,
        -43.44120394729053
       ],
       [
        172.43649716818194,
        -43.44120394729053
       ],
       [
        172.43649716818194,
        -43.37668275287876
       ],
       [
        172.49634833650558,
        -43.37668275287876
       ],
       [
        172.49634833650558,
        -43.312128807184756
       ],
       [
        172.43769655786645,
        -43.312128807184756
       ],
       [
        172.43769655786645,
        -43.247022798324295
       ],
       [
        172.49741792888025,
        -43.247022798324295
       ],
       [
        172.49741792888025,
        -43.247297837705
       ],
       [
        172.5565433784291,
        -43.247297837705
       ],
       [
        172.5565433784291,
        -43.247542320140575
       ],
       [
        172.615669522808,
        -43.247542320140575
       ],
       [
        172.615669522808,
        -43.24775624457715
       ],
       [
        172.67479626938686,
        -43.24775624457715
       ],
       [
        172.67479626938686,
        -43.18310645391977
       ],
       [
        172.73420525828078,
        -43.18310645391977
       ],
       [
        172.73420525828078,
        -43.183258915940385
       ],
       [
        172.79327032576882,
        -43.183258915940385
       ],
       [
        172.79327032576882,
        -43.24821466133002
       ],
       [
        172.73392352552966,
        -43.24821466133002
       ],
       [
        172.73392352552966,
        -43.312925176761745
       ],
       [
        172.67445078617592,
        -43.312925176761745
       ],
       [
        172.67445078617592,
        -43.37760370289876
       ],
       [
        172.73335724208067,
        -43.37760370289876
       ],
       [
        172.73335724208067,
        -43.442588480841394
       ],
       [
        172.67375636202462,
        -43.442588480841394
       ],
       [
        172.67375636202462,
        -43.50726483567894
       ],
       [
        172.6140281650402,
        -43.50726483567894
       ],
       [
        172.6140281650402,
        -43.50707981131422
       ],
       [
        172.55464952995067,
        -43.50707981131422
       ],
       [
        172.55464952995067,
        -43.50686395158423
       ],
       [
        172.49527160077707,
        -43.50686395158423
       ],
       [
        172.49527160077707,
        -43.50661725742534
       ],
       [
        172.43589447162012,
        -43.50661725742534
       ],
       [
        172.43589447162012,
        -43.50633972990764
       ],
       [
        172.37651823657257,
        -43.50633972990764
       ],
       [
        172.37651823657257,
        -43.50603137023492
       ],
       [
        172.3171429897182,
        -43.50603137023492
       ]
      ]
     ],
     [
      [
       [
        172.7943551171081,
        -42.85908033340695
       ],
       [
        172.7943551171081,
        -42.92403840326903
       ],
       [
        172.73532288197148,
        -42.92403840326903
       ],
       [
        172.73532288197148,
        -42.85908033340695
       ],
       [
        172.7943551171081,
        -42.85908033340695
       ]
      ]
     ],
     [
      [
       [
        173.26357421216187,
        -42.66441458433629
       ],
       [
        173.32248076413583,
        -42.66441458433629
       ],
       [
        173.32248076413583,
        -42.729253655013046
       ],
       [
        173.32281720001384,
        -42.729253655013046
       ],
       [
        173.32281720001384,
        -42.79424240112377
       ],
       [
        173.26412383971507,
        -42.79424240112377
       ],
       [
        173.26412383971507,
        -42.79436273335176
       ],
       [
        173.2052159745425,
        -42.79436273335176
       ],
       [
        173.2052159745425,
        -42.72952379169956
       ],
       [
        173.20500258242214,
        -42.72952379169956
       ],
       [
        173.20500258242214,
        -42.66456432173315
       ],
       [
        173.26357421216187,
        -42.66456432173315
       ],
       [
        173.26357421216187,
        -42.66441458433629
       ]
      ]
     ],
     [
      [
       [
        173.0878584732225,
        -42.664863799709984
       ],
       [
        173.02928617264845,
        -42.664863799709984
       ],
       [
        173.02928617264845,
        -42.66486754321155
       ],
       [
        172.97071382735155,
        -42.66486754321155
       ],
       [
        172.97071382735155,
        -42.60002297800679
       ],
       [
        173.02925578833816,
        -42.60002297800679
       ],
       [
        173.02925578833816,
        -42.59999309750391
       ],
       [
        173.0878584732225,
        -42.59999309750391
       ],
       [
        173.0878584732225,
        -42.664863799709984
       ]
      ]
     ],
     [
      [
       [
        172.85402362082567,
        -42.4701606500507
       ],
       [
        172.85402362082567,
        -42.5350919804185
       ],
       [
        172.79542209142684,
        -42.5350919804185
       ],
       [
        172.79542209142684,
        -42.4701606500507
       ],
       [
        172.85402362082567,
        -42.4701606500507
       ]
      ]
     ],
     [
      [
       [
        173.55412692067225,
        -42.40416058624595
       ],
       [
        173.55412692067225,
        -42.40442768105511
       ],
       [
        173.49529029478833,
        -42.40442768105511
       ],
       [
        173.49529029478833,
        -42.3393198311264
       ],
       [
        173.5535572410413,
        -42.3393198311264
       ],
       [
        173.5535572410413,
        -42.339023732369746
       ],
       [
        173.6111957922299,
        -42.339023732369746
       ],
       [
        173.6111957922299,
        -42.27385793393175
       ],
       [
        173.67008854582994,
        -42.27385793393175
       ],
       [
        173.67008854582994,
        -42.33869802854739
       ],
       [
        173.67077813074704,
        -42.33869802854739
       ],
       [
        173.67077813074704,
        -42.403537378192304
       ],
       [
        173.67146999404267,
        -42.403537378192304
       ],
       [
        173.67146999404267,
        -42.46870316039381
       ],
       [
        173.61245298800432,
        -42.46870316039381
       ],
       [
        173.61245298800432,
        -42.40416058624595
       ],
       [
        173.55412692067225,
        -42.40416058624595
       ]
      ]
     ]
    ]
   }
  },
  {
   "type": "Feature",
   "properties": {
    "name": "ecan_drains",
    "kind": "arcgis",
    "provides": [
     "channels"
    ],
    "enabled": false,
    "checked": "2026-10-08T02:59:58+00:00",
    "url": "TODO",
    "note": "url not resolved: 'TODO'",
    "coverage": "unresolved"
   },
   "geometry": {
    "type": "Polygon",
    "coordinates": [
     [
      [
       179.0,
       -47.4
      ],
      [
       179.0,
       -34.0
      ],
      [
       165.8,
       -34.0
      ],
      [
       165.8,
       -47.4
      ],
      [
       179.0,
       -47.4
      ]
     ]
    ]
   }
  },
  {
   "type": "Feature",
   "properties": {
    "name": "boprc_defence_against_water",
    "kind": "arcgis",
    "provides": [
     "crossings"
    ],
    "enabled": false,
    "checked": "2026-10-08T02:59:58+00:00",
    "url": "https://gis.boprc.govt.nz/server2/rest/services/BayOfPlentyMaps/PlansandRules/MapServer/1",
    "extent": [
     175.8515244519194,
     -38.50052511082929,
     177.39177252001397,
     -37.25180570889964
    ],
    "sheets": {
     "BE40": 3,
     "BE41": 3
    },
    "tiles": {
     "BE40_10000_0305": 3,
     "BE41_10000_0301": 3
    },
    "tile_scale": 10000,
    "n_features": 6,
    "failed": [],
    "layer_url": "https://gis.boprc.govt.nz/server2/rest/services/BayOfPlentyMaps/PlansandRules/MapServer/1",
    "coverage": "tiles"
   },
   "geometry": {
    "type": "Polygon",
    "coordinates": [
     [
      [
       177.23884330852502,
       -38.04968422558761
      ],
      [
       177.18059927036234,
       -38.04968422558761
      ],
      [
       177.18059927036234,
       -37.98301116279083
      ],
      [
       177.23511103342676,
       -37.98301116279083
      ],
      [
       177.23511103342676,
       -37.98103234829956
      ],
      [
       177.29339744409566,
       -37.98103234829956
      ],
      [
       177.29339744409566,
       -38.04772606212016
      ],
      [
       177.23884330852502,
       -38.04772606212016
      ],
      [
       177.23884330852502,
       -38.04968422558761
      ]
     ]
    ]
   }
  },
  {
   "type": "Feature",
   "properties": {
    "name": "hbrc_stopbanks",
    "kind": "arcgis",
    "provides": [
     "stopbanks"
    ],
    "enabled": true,
    "checked": "2026-10-08T18:25:29+00:00",
    "url": "https://gis.hbrc.govt.nz/server/rest/services/ExternalServices/AssetManagement/MapServer/5",
    "extent": [
     176.188921818802,
     -40.40680089553094,
     178.04038384442904,
     -38.973080746622465
    ],
    "sheets": {
     "BH41": 2,
     "BH42": 3,
     "BH43": 3,
     "BJ38": 1,
     "BJ39": 18,
     "BK38": 54,
     "BK39": 299,
     "BL37": 133,
     "BL38": 92,
     "BL39": 16
    },
    "tiles": {
     "BH41_10000_0402": 1,
     "BH41_10000_0403": 1,
     "BH41_10000_0404": 1,
     "BH42_10000_0401": 3,
     "BH43_10000_0401": 3,
     "BJ38_10000_0505": 1,
     "BJ39_10000_0402": 3,
     "BJ39_10000_0403": 1,
     "BJ39_10000_0502": 15,
     "BK38_10000_0105": 19,
     "BK38_10000_0204": 7,
     "BK38_10000_0205": 15,
     "BK38_10000_0303": 3,
     "BK38_10000_0304": 4,
     "BK38_10000_0305": 5,
     "BK38_10000_0405": 2,
     "BK39_10000_0101": 33,
     "BK39_10000_0102": 26,
     "BK39_10000_0103": 1,
     "BK39_10000_0201": 27,
     "BK39_10000_0202": 74,
     "BK39_10000_0203": 93,
     "BK39_10000_0204": 7,
     "BK39_10000_0301": 4,
     "BK39_10000_0303": 27,
     "BK39_10000_0304": 7,
     "BK39_10000_0401": 20,
     "BL37_10000_0105": 9,
     "BL37_10000_0204": 26,
     "BL37_10000_0205": 29,
     "BL37_10000_0303": 4,
     "BL37_10000_0304": 22,
     "BL37_10000_0305": 50,
     "BL38_10000_0101": 3,
     "BL38_10000_0201": 27,
     "BL38_10000_0202": 10,
     "BL38_10000_0301": 27,
     "BL38_10000_0302": 18,
     "BL38_10000_0303": 11,
     "BL39_10000_0201": 15,
     "BL39_10000_0202": 1
    },
    "tile_scale": 10000,
    "n_features": 621,
    "failed": [],
    "layer_url": "https://gis.hbrc.govt.nz/server/rest/services/ExternalServices/AssetManagement/MapServer/5",
    "coverage": "tiles"
   },
   "geometry": {
    "type": "MultiPolygon",
    "coordinates": [
     [
      [
       [
        176.3963302181597,
        -39.88949728988304
       ],
       [
        176.4491256647642,
        -39.88949728988304
       ],
       [
        176.4491256647642,
        -39.823063137298966
       ],
       [
        176.5051109797698,
        -39.823063137298966
       ],
       [
        176.5051109797698,
        -39.821356322353864
       ],
       [
        176.56444341618408,
        -39.821356322353864
       ],
       [
        176.56444341618408,
        -39.88436515277355
       ],
       [
        176.6238868865344,
        -39.88436515277355
       ],
       [
        176.6238868865344,
        -39.94733802381078
       ],
       [
        176.6834418101861,
        -39.94733802381078
       ],
       [
        176.6834418101861,
        -40.013847429555575
       ],
       [
        176.627313237937,
        -40.013847429555575
       ],
       [
        176.627313237937,
        -40.015593095640774
       ],
       [
        176.5711797304059,
        -40.015593095640774
       ],
       [
        176.5711797304059,
        -40.01731163141248
       ],
       [
        176.5150413632186,
        -40.01731163141248
       ],
       [
        176.5150413632186,
        -40.019003030007006
       ],
       [
        176.45889821204216,
        -40.019003030007006
       ],
       [
        176.45889821204216,
        -40.020667284667994
       ],
       [
        176.40275035258463,
        -40.020667284667994
       ],
       [
        176.40275035258463,
        -40.02230438874646
       ],
       [
        176.34343541579074,
        -40.02230438874646
       ],
       [
        176.34343541579074,
        -39.95591109748286
       ],
       [
        176.3963302181597,
        -39.95591109748286
       ],
       [
        176.3963302181597,
        -39.88949728988304
       ]
      ]
     ],
     [
      [
       [
        176.65932275243327,
        -39.557126485039504
       ],
       [
        176.71162805019557,
        -39.557126485039504
       ],
       [
        176.71162805019557,
        -39.492387104428495
       ],
       [
        176.70818634914892,
        -39.492387104428495
       ],
       [
        176.70818634914892,
        -39.425856902652306
       ],
       [
        176.76732968921513,
        -39.425856902652306
       ],
       [
        176.76732968921513,
        -39.48877260005854
       ],
       [
        176.8194819184034,
        -39.48877260005854
       ],
       [
        176.8194819184034,
        -39.42404050415564
       ],
       [
        176.81594893491152,
        -39.42404050415564
       ],
       [
        176.81594893491152,
        -39.357468688876935
       ],
       [
        176.8715379941113,
        -39.357468688876935
       ],
       [
        176.8715379941113,
        -39.35560348072937
       ],
       [
        176.93075720266887,
        -39.35560348072937
       ],
       [
        176.93075720266887,
        -39.4221975604402
       ],
       [
        176.87871784596155,
        -39.4221975604402
       ],
       [
        176.87871784596155,
        -39.48505167260596
       ],
       [
        176.93806301218507,
        -39.48505167260596
       ],
       [
        176.93806301218507,
        -39.54786955690284
       ],
       [
        176.99751782512791,
        -39.54786955690284
       ],
       [
        176.99751782512791,
        -39.61258678016171
       ],
       [
        177.00125208655808,
        -39.61258678016171
       ],
       [
        177.00125208655808,
        -39.67921641409581
       ],
       [
        176.94541611309074,
        -39.67921641409581
       ],
       [
        176.94541611309074,
        -39.68110306806924
       ],
       [
        176.88594416176036,
        -39.68110306806924
       ],
       [
        176.88594416176036,
        -39.618233820007156
       ],
       [
        176.83372836353038,
        -39.618233820007156
       ],
       [
        176.83372836353038,
        -39.682962941227096
       ],
       [
        176.8373188074826,
        -39.682962941227096
       ],
       [
        176.8373188074826,
        -39.74952834381621
       ],
       [
        176.7814151784209,
        -39.74952834381621
       ],
       [
        176.7814151784209,
        -39.75133876307805
       ],
       [
        176.7220200375964,
        -39.75133876307805
       ],
       [
        176.7220200375964,
        -39.688381802617556
       ],
       [
        176.66615834382424,
        -39.688381802617556
       ],
       [
        176.66615834382424,
        -39.69013447984843
       ],
       [
        176.60692030349907,
        -39.69013447984843
       ],
       [
        176.60692030349907,
        -39.623640314957534
       ],
       [
        176.65932275243327,
        -39.623640314957534
       ],
       [
        176.65932275243327,
        -39.557126485039504
       ]
      ]
     ],
     [
      [
       [
        176.7885264505333,
        -39.87714433287699
       ],
       [
        176.84453458447138,
        -39.87714433287699
       ],
       [
        176.84453458447138,
        -39.87527168074032
       ],
       [
        176.9042154216262,
        -39.87527168074032
       ],
       [
        176.9042154216262,
        -39.94186946802611
       ],
       [
        176.84816000121114,
        -39.94186946802611
       ],
       [
        176.84816000121114,
        -39.94371936267269
       ],
       [
        176.7885264505333,
        -39.94371936267269
       ],
       [
        176.7885264505333,
        -39.87714433287699
       ]
      ]
     ],
     [
      [
       [
        177.4621344072231,
        -39.01208782301938
       ],
       [
        177.4621344072231,
        -39.009956418984224
       ],
       [
        177.52153451469155,
        -39.009956418984224
       ],
       [
        177.52153451469155,
        -39.076771780500614
       ],
       [
        177.46621381796555,
        -39.076771780500614
       ],
       [
        177.46621381796555,
        -39.07888192514884
       ],
       [
        177.41088728047816,
        -39.07888192514884
       ],
       [
        177.41088728047816,
        -39.080965909920124
       ],
       [
        177.35157584891465,
        -39.080965909920124
       ],
       [
        177.35157584891465,
        -39.01419313502878
       ],
       [
        177.4068580026872,
        -39.01419313502878
       ],
       [
        177.4068580026872,
        -39.01208782301938
       ],
       [
        177.4621344072231,
        -39.01208782301938
       ]
      ]
     ],
     [
      [
       [
        177.57266968447135,
        -39.005615368215835
       ],
       [
        177.6321581009513,
        -39.005615368215835
       ],
       [
        177.6321581009513,
        -39.072473044669735
       ],
       [
        177.57266968447135,
        -39.072473044669735
       ],
       [
        177.57266968447135,
        -39.005615368215835
       ]
      ]
     ],
     [
      [
       [
        177.84890229901586,
        -38.99430672548226
       ],
       [
        177.90860987252896,
        -38.99430672548226
       ],
       [
        177.90860987252896,
        -39.06126899698385
       ],
       [
        177.84890229901586,
        -39.06126899698385
       ],
       [
        177.84890229901586,
        -38.99430672548226
       ]
      ]
     ]
    ]
   }
  },
  {
   "type": "Feature",
   "properties": {
    "name": "hbrc_culverts",
    "kind": "arcgis",
    "provides": [
     "crossings"
    ],
    "enabled": true,
    "checked": "2026-10-08T18:25:33+00:00",
    "url": "https://gis.hbrc.govt.nz/server/rest/services/ExternalServices/AssetManagement/MapServer/5",
    "extent": [
     176.188921818802,
     -40.40680089553094,
     178.04038384442904,
     -38.973080746622465
    ],
    "sheets": {
     "BH41": 14,
     "BH42": 1,
     "BH43": 1,
     "BJ39": 12,
     "BK38": 30,
     "BK39": 78,
     "BL37": 17,
     "BL38": 23
    },
    "tiles": {
     "BH41_10000_0303": 3,
     "BH41_10000_0402": 1,
     "BH41_10000_0403": 6,
     "BH41_10000_0404": 4,
     "BH42_10000_0402": 1,
     "BH43_10000_0401": 1,
     "BJ39_10000_0303": 1,
     "BJ39_10000_0402": 4,
     "BJ39_10000_0403": 6,
     "BJ39_10000_0502": 1,
     "BK38_10000_0105": 2,
     "BK38_10000_0204": 1,
     "BK38_10000_0205": 8,
     "BK38_10000_0303": 1,
     "BK38_10000_0304": 1,
     "BK38_10000_0305": 6,
     "BK38_10000_0405": 4,
     "BK38_10000_0504": 7,
     "BK39_10000_0101": 9,
     "BK39_10000_0102": 1,
     "BK39_10000_0103": 2,
     "BK39_10000_0201": 6,
     "BK39_10000_0202": 10,
     "BK39_10000_0203": 18,
     "BK39_10000_0204": 5,
     "BK39_10000_0301": 5,
     "BK39_10000_0303": 3,
     "BK39_10000_0304": 1,
     "BK39_10000_0401": 18,
     "BL37_10000_0204": 3,
     "BL37_10000_0205": 4,
     "BL37_10000_0304": 6,
     "BL37_10000_0305": 4,
     "BL38_10000_0201": 5,
     "BL38_10000_0202": 3,
     "BL38_10000_0301": 10,
     "BL38_10000_0302": 3,
     "BL38_10000_0303": 2
    },
    "tile_scale": 10000,
    "n_features": 176,
    "failed": [],
    "layer_url": "https://gis.hbrc.govt.nz/server/rest/services/ExternalServices/AssetManagement/MapServer/5",
    "coverage": "tiles"
   },
   "geometry": {
    "type": "MultiPolygon",
    "coordinates": [
     [
      [
       [
        176.3963302181597,
        -39.88949728988304
       ],
       [
        176.4523726503383,
        -39.88949728988304
       ],
       [
        176.4523726503383,
        -39.88781358929449
       ],
       [
        176.50841040806932,
        -39.88781358929449
       ],
       [
        176.50841040806932,
        -39.886102874653275
       ],
       [
        176.56444341618408,
        -39.886102874653275
       ],
       [
        176.56444341618408,
        -39.88436515277355
       ],
       [
        176.6238868865344,
        -39.88436515277355
       ],
       [
        176.6238868865344,
        -39.94733802381078
       ],
       [
        176.6834418101861,
        -39.94733802381078
       ],
       [
        176.6834418101861,
        -40.013847429555575
       ],
       [
        176.627313237937,
        -40.013847429555575
       ],
       [
        176.627313237937,
        -40.015593095640774
       ],
       [
        176.5711797304059,
        -40.015593095640774
       ],
       [
        176.5711797304059,
        -40.01731163141248
       ],
       [
        176.5150413632186,
        -40.01731163141248
       ],
       [
        176.5150413632186,
        -40.019003030007006
       ],
       [
        176.45889821204216,
        -40.019003030007006
       ],
       [
        176.45889821204216,
        -40.020667284667994
       ],
       [
        176.39953509253814,
        -40.020667284667994
       ],
       [
        176.39953509253814,
        -39.95591109748286
       ],
       [
        176.3963302181597,
        -39.95591109748286
       ],
       [
        176.3963302181597,
        -39.88949728988304
       ]
      ]
     ],
     [
      [
       [
        176.7220200375964,
        -39.688381802617556
       ],
       [
        176.66615834382424,
        -39.688381802617556
       ],
       [
        176.66615834382424,
        -39.69013447984843
       ],
       [
        176.60692030349907,
        -39.69013447984843
       ],
       [
        176.60692030349907,
        -39.623640314957534
       ],
       [
        176.65932275243327,
        -39.623640314957534
       ],
       [
        176.65932275243327,
        -39.557126485039504
       ],
       [
        176.71162805019557,
        -39.557126485039504
       ],
       [
        176.71162805019557,
        -39.490593158736004
       ],
       [
        176.76732968921513,
        -39.490593158736004
       ],
       [
        176.76732968921513,
        -39.48877260005854
       ],
       [
        176.8194819184034,
        -39.48877260005854
       ],
       [
        176.8194819184034,
        -39.42404050415564
       ],
       [
        176.81594893491152,
        -39.42404050415564
       ],
       [
        176.81594893491152,
        -39.357468688876935
       ],
       [
        176.86796538922187,
        -39.357468688876935
       ],
       [
        176.86796538922187,
        -39.29087787995122
       ],
       [
        176.9271219272402,
        -39.29087787995122
       ],
       [
        176.9271219272402,
        -39.35560348072937
       ],
       [
        176.93075720266887,
        -39.35560348072937
       ],
       [
        176.93075720266887,
        -39.4221975604402
       ],
       [
        176.87871784596155,
        -39.4221975604402
       ],
       [
        176.87871784596155,
        -39.48505167260596
       ],
       [
        176.93806301218507,
        -39.48505167260596
       ],
       [
        176.93806301218507,
        -39.54786955690284
       ],
       [
        176.99751782512791,
        -39.54786955690284
       ],
       [
        176.99751782512791,
        -39.61258678016171
       ],
       [
        177.00125208655808,
        -39.61258678016171
       ],
       [
        177.00125208655808,
        -39.67921641409581
       ],
       [
        176.94541611309074,
        -39.67921641409581
       ],
       [
        176.94541611309074,
        -39.68110306806924
       ],
       [
        176.88594416176036,
        -39.68110306806924
       ],
       [
        176.88594416176036,
        -39.618233820007156
       ],
       [
        176.83372836353038,
        -39.618233820007156
       ],
       [
        176.83372836353038,
        -39.682962941227096
       ],
       [
        176.8373188074826,
        -39.682962941227096
       ],
       [
        176.8373188074826,
        -39.74952834381621
       ],
       [
        176.7814151784209,
        -39.74952834381621
       ],
       [
        176.7814151784209,
        -39.75133876307805
       ],
       [
        176.7290041657241,
        -39.75133876307805
       ],
       [
        176.7290041657241,
        -39.81786186174926
       ],
       [
        176.669592730214,
        -39.81786186174926
       ],
       [
        176.669592730214,
        -39.75133876307805
       ],
       [
        176.7220200375964,
        -39.75133876307805
       ],
       [
        176.7220200375964,
        -39.688381802617556
       ]
      ]
     ],
     [
      [
       [
        177.35157584891465,
        -39.01419313502878
       ],
       [
        177.40284166070728,
        -39.01419313502878
       ],
       [
        177.40284166070728,
        -38.947402788361074
       ],
       [
        177.4621344072231,
        -38.947402788361074
       ],
       [
        177.4621344072231,
        -39.009956418984224
       ],
       [
        177.52153451469155,
        -39.009956418984224
       ],
       [
        177.52153451469155,
        -39.076771780500614
       ],
       [
        177.46621381796555,
        -39.076771780500614
       ],
       [
        177.46621381796555,
        -39.07888192514884
       ],
       [
        177.41088728047816,
        -39.07888192514884
       ],
       [
        177.41088728047816,
        -39.080965909920124
       ],
       [
        177.35157584891465,
        -39.080965909920124
       ],
       [
        177.35157584891465,
        -39.01419313502878
       ]
      ]
     ],
     [
      [
       [
        177.62792841524615,
        -39.07028447028673
       ],
       [
        177.62792841524615,
        -39.003405738422444
       ],
       [
        177.68746084815237,
        -39.003405738422444
       ],
       [
        177.68746084815237,
        -39.07028447028673
       ],
       [
        177.62792841524615,
        -39.07028447028673
       ]
      ]
     ],
     [
      [
       [
        177.84890229901586,
        -38.99430672548226
       ],
       [
        177.90860987252896,
        -38.99430672548226
       ],
       [
        177.90860987252896,
        -39.06126899698385
       ],
       [
        177.84890229901586,
        -39.06126899698385
       ],
       [
        177.84890229901586,
        -38.99430672548226
       ]
      ]
     ]
    ]
   }
  },
  {
   "type": "Feature",
   "properties": {
    "name": "hbrc_channels",
    "kind": "arcgis",
    "provides": [
     "channels"
    ],
    "enabled": true,
    "checked": "2026-10-08T18:25:35+00:00",
    "url": "https://gis.hbrc.govt.nz/server/rest/services/ExternalServices/AssetManagement/MapServer/5",
    "extent": [
     176.188921818802,
     -40.40680089553094,
     178.04038384442904,
     -38.973080746622465
    ],
    "sheets": {
     "BH41": 37,
     "BH42": 13,
     "BH43": 1,
     "BJ38": 2,
     "BJ39": 30,
     "BK37": 3,
     "BK38": 65,
     "BK39": 346,
     "BL37": 126,
     "BL38": 89,
     "BL39": 14,
     "BM37": 2,
     "BM38": 12
    },
    "tiles": {
     "BH41_10000_0302": 1,
     "BH41_10000_0303": 13,
     "BH41_10000_0304": 1,
     "BH41_10000_0402": 4,
     "BH41_10000_0403": 19,
     "BH41_10000_0404": 9,
     "BH41_10000_0405": 3,
     "BH42_10000_0401": 7,
     "BH42_10000_0402": 4,
     "BH42_10000_0403": 1,
     "BH42_10000_0405": 1,
     "BH43_10000_0401": 1,
     "BJ38_10000_0504": 2,
     "BJ38_10000_0505": 1,
     "BJ39_10000_0303": 5,
     "BJ39_10000_0401": 5,
     "BJ39_10000_0402": 11,
     "BJ39_10000_0403": 9,
     "BJ39_10000_0502": 4,
     "BK37_10000_0505": 3,
     "BK38_10000_0105": 22,
     "BK38_10000_0202": 1,
     "BK38_10000_0204": 2,
     "BK38_10000_0205": 18,
     "BK38_10000_0302": 1,
     "BK38_10000_0303": 3,
     "BK38_10000_0304": 3,
     "BK38_10000_0305": 7,
     "BK38_10000_0404": 1,
     "BK38_10000_0405": 6,
     "BK38_10000_0501": 1,
     "BK38_10000_0503": 1,
     "BK38_10000_0504": 10,
     "BK38_10000_0505": 2,
     "BK39_10000_0101": 30,
     "BK39_10000_0102": 24,
     "BK39_10000_0103": 28,
     "BK39_10000_0201": 42,
     "BK39_10000_0202": 61,
     "BK39_10000_0203": 92,
     "BK39_10000_0204": 11,
     "BK39_10000_0301": 34,
     "BK39_10000_0302": 32,
     "BK39_10000_0303": 27,
     "BK39_10000_0304": 8,
     "BK39_10000_0401": 30,
     "BK39_10000_0402": 12,
     "BK39_10000_0403": 1,
     "BL37_10000_0104": 1,
     "BL37_10000_0105": 4,
     "BL37_10000_0203": 1,
     "BL37_10000_0204": 18,
     "BL37_10000_0205": 20,
     "BL37_10000_0302": 3,
     "BL37_10000_0303": 10,
     "BL37_10000_0304": 36,
     "BL37_10000_0305": 49,
     "BL37_10000_0403": 1,
     "BL37_10000_0404": 1,
     "BL37_10000_0505": 1,
     "BL38_10000_0101": 13,
     "BL38_10000_0104": 3,
     "BL38_10000_0105": 1,
     "BL38_10000_0201": 27,
     "BL38_10000_0202": 6,
     "BL38_10000_0203": 1,
     "BL38_10000_0204": 1,
     "BL38_10000_0301": 21,
     "BL38_10000_0302": 16,
     "BL38_10000_0303": 11,
     "BL38_10000_0304": 1,
     "BL38_10000_0401": 2,
     "BL38_10000_0402": 1,
     "BL39_10000_0201": 5,
     "BL39_10000_0202": 3,
     "BL39_10000_0301": 8,
     "BM37_10000_0105": 1,
     "BM37_10000_0305": 1,
     "BM38_10000_0101": 4,
     "BM38_10000_0102": 3,
     "BM38_10000_0201": 2,
     "BM38_10000_0202": 2,
     "BM38_10000_0203": 1,
     "BM38_10000_0301": 3,
     "BM38_10000_0302": 3,
     "BM38_10000_0303": 1,
     "BM38_10000_0401": 3,
     "BM38_10000_0402": 1
    },
    "tile_scale": 10000,
    "n_features": 740,
    "failed": [],
    "layer_url": "https://gis.hbrc.govt.nz/server/rest/services/ExternalServices/AssetManagement/MapServer/5",
    "coverage": "tiles"
   },
   "geometry": {
    "type": "MultiPolygon",
    "coordinates": [
     [
      [
       [
        176.47207676770748,
        -40.27629623358875
       ],
       [
        176.52506862391186,
        -40.27629623358875
       ],
       [
        176.52506862391186,
        -40.213254520948084
       ],
       [
        176.46546614857746,
        -40.213254520948084
       ],
       [
        176.46546614857746,
        -40.14850497480739
       ],
       [
        176.46217686429753,
        -40.14850497480739
       ],
       [
        176.46217686429753,
        -40.08542253009225
       ],
       [
        176.40597603585417,
        -40.08542253009225
       ],
       [
        176.40597603585417,
        -40.08706337039589
       ],
       [
        176.34659786059427,
        -40.08706337039589
       ],
       [
        176.34659786059427,
        -40.02391433570089
       ],
       [
        176.28733119871842,
        -40.02391433570089
       ],
       [
        176.28733119871842,
        -39.957544472292184
       ],
       [
        176.3402831867418,
        -39.957544472292184
       ],
       [
        176.3402831867418,
        -39.89115396971131
       ],
       [
        176.39313569209344,
        -39.89115396971131
       ],
       [
        176.39313569209344,
        -39.824742999584494
       ],
       [
        176.44588915896088,
        -39.824742999584494
       ],
       [
        176.44588915896088,
        -39.75831173298909
       ],
       [
        176.5018221997688,
        -39.75831173298909
       ],
       [
        176.5018221997688,
        -39.756608810534495
       ],
       [
        176.56109156220916,
        -39.756608810534495
       ],
       [
        176.56109156220916,
        -39.821356322353864
       ],
       [
        176.56444341618408,
        -39.821356322353864
       ],
       [
        176.56444341618408,
        -39.88436515277355
       ],
       [
        176.62047159955432,
        -39.88436515277355
       ],
       [
        176.62047159955432,
        -39.88260043057591
       ],
       [
        176.67303822998588,
        -39.88260043057591
       ],
       [
        176.67303822998588,
        -39.81962256153874
       ],
       [
        176.61367405997018,
        -39.81962256153874
       ],
       [
        176.61367405997018,
        -39.7531223186554
       ],
       [
        176.66615834382424,
        -39.7531223186554
       ],
       [
        176.66615834382424,
        -39.69013447984843
       ],
       [
        176.6102917284454,
        -39.69013447984843
       ],
       [
        176.6102917284454,
        -39.69186034045665
       ],
       [
        176.5511007458734,
        -39.69186034045665
       ],
       [
        176.5511007458734,
        -39.62711091338074
       ],
       [
        176.5477919271126,
        -39.62711091338074
       ],
       [
        176.5477919271126,
        -39.56064254113843
       ],
       [
        176.60692030349907,
        -39.56064254113843
       ],
       [
        176.60692030349907,
        -39.623640314957534
       ],
       [
        176.65932275243327,
        -39.623640314957534
       ],
       [
        176.65932275243327,
        -39.557126485039504
       ],
       [
        176.71162805019557,
        -39.557126485039504
       ],
       [
        176.71162805019557,
        -39.494154430051516
       ],
       [
        176.65253114038703,
        -39.494154430051516
       ],
       [
        176.65253114038703,
        -39.42764674876761
       ],
       [
        176.70818634914892,
        -39.42764674876761
       ],
       [
        176.70818634914892,
        -39.425856902652306
       ],
       [
        176.76035482242676,
        -39.425856902652306
       ],
       [
        176.76035482242676,
        -39.3593074195147
       ],
       [
        176.81594893491152,
        -39.3593074195147
       ],
       [
        176.81594893491152,
        -39.357468688876935
       ],
       [
        176.86796538922187,
        -39.357468688876935
       ],
       [
        176.86796538922187,
        -39.29087787995122
       ],
       [
        176.9271219272402,
        -39.29087787995122
       ],
       [
        176.9271219272402,
        -39.35560348072937
       ],
       [
        176.93075720266887,
        -39.35560348072937
       ],
       [
        176.93075720266887,
        -39.4221975604402
       ],
       [
        176.87871784596155,
        -39.4221975604402
       ],
       [
        176.87871784596155,
        -39.48505167260596
       ],
       [
        176.93806301218507,
        -39.48505167260596
       ],
       [
        176.93806301218507,
        -39.54786955690284
       ],
       [
        176.99751782512791,
        -39.54786955690284
       ],
       [
        176.99751782512791,
        -39.61258678016171
       ],
       [
        177.00125208655808,
        -39.61258678016171
       ],
       [
        177.00125208655808,
        -39.67921641409581
       ],
       [
        176.94911050359002,
        -39.67921641409581
       ],
       [
        176.94911050359002,
        -39.74582694309404
       ],
       [
        176.89321727398666,
        -39.74582694309404
       ],
       [
        176.89321727398666,
        -39.747691068057286
       ],
       [
        176.8373188074826,
        -39.747691068057286
       ],
       [
        176.8373188074826,
        -39.74952834381621
       ],
       [
        176.78496506969893,
        -39.74952834381621
       ],
       [
        176.78496506969893,
        -39.814259673359565
       ],
       [
        176.7885264505333,
        -39.814259673359565
       ],
       [
        176.7885264505333,
        -39.87714433287699
       ],
       [
        176.84453458447138,
        -39.87714433287699
       ],
       [
        176.84453458447138,
        -39.87527168074032
       ],
       [
        176.9042154216262,
        -39.87527168074032
       ],
       [
        176.9042154216262,
        -39.94186946802611
       ],
       [
        176.85179715962107,
        -39.94186946802611
       ],
       [
        176.85179715962107,
        -40.0084477196637
       ],
       [
        176.79209936228804,
        -40.0084477196637
       ],
       [
        176.79209936228804,
        -39.94371936267269
       ],
       [
        176.7885264505333,
        -39.94371936267269
       ],
       [
        176.7885264505333,
        -39.88080871508737
       ],
       [
        176.7360335800415,
        -39.88080871508737
       ],
       [
        176.7360335800415,
        -39.94554221702283
       ],
       [
        176.73956537156982,
        -39.94554221702283
       ],
       [
        176.73956537156982,
        -40.01207464012777
       ],
       [
        176.6834418101861,
        -40.01207464012777
       ],
       [
        176.6834418101861,
        -40.013847429555575
       ],
       [
        176.63075069374955,
        -40.013847429555575
       ],
       [
        176.63075069374955,
        -40.08033676180025
       ],
       [
        176.5745642692045,
        -40.08033676180025
       ],
       [
        176.5745642692045,
        -40.0820592190674
       ],
       [
        176.52171537457622,
        -40.0820592190674
       ],
       [
        176.52171537457622,
        -40.145079463382466
       ],
       [
        176.57795978184527,
        -40.145079463382466
       ],
       [
        176.57795978184527,
        -40.14332582344978
       ],
       [
        176.63765907962224,
        -40.14332582344978
       ],
       [
        176.63765907962224,
        -40.206278614288564
       ],
       [
        176.69747128606105,
        -40.206278614288564
       ],
       [
        176.69747128606105,
        -40.27101130964339
       ],
       [
        176.70100714920514,
        -40.27101130964339
       ],
       [
        176.70100714920514,
        -40.3375361111546
       ],
       [
        176.64810595352847,
        -40.3375361111546
       ],
       [
        176.64810595352847,
        -40.404040598573296
       ],
       [
        176.5916523700626,
        -40.404040598573296
       ],
       [
        176.5916523700626,
        -40.40578277385543
       ],
       [
        176.53180780688263,
        -40.40578277385543
       ],
       [
        176.53180780688263,
        -40.34275075467593
       ],
       [
        176.47207676770748,
        -40.34275075467593
       ],
       [
        176.47207676770748,
        -40.27629623358875
       ]
      ],
      [
       [
        176.5150413632186,
        -40.019003030007006
       ],
       [
        176.46217686429753,
        -40.019003030007006
       ],
       [
        176.46217686429753,
        -40.0820592190674
       ],
       [
        176.5150413632186,
        -40.0820592190674
       ],
       [
        176.5150413632186,
        -40.019003030007006
       ]
      ],
      [
       [
        176.76732968921513,
        -39.48877260005854
       ],
       [
        176.8194819184034,
        -39.48877260005854
       ],
       [
        176.8194819184034,
        -39.425856902652306
       ],
       [
        176.76732968921513,
        -39.425856902652306
       ],
       [
        176.76732968921513,
        -39.48877260005854
       ]
      ]
     ],
     [
      [
       [
        177.34760950017775,
        -39.01627234679288
       ],
       [
        177.34760950017775,
        -38.94950327638252
       ],
       [
        177.40284166070728,
        -38.94950327638252
       ],
       [
        177.40284166070728,
        -38.947402788361074
       ],
       [
        177.4580680921326,
        -38.947402788361074
       ],
       [
        177.4580680921326,
        -38.94527626781141
       ],
       [
        177.5174049914821,
        -38.94527626781141
       ],
       [
        177.5174049914821,
        -39.007798931243066
       ],
       [
        177.57266968447135,
        -39.007798931243066
       ],
       [
        177.57266968447135,
        -39.005615368215835
       ],
       [
        177.62792841524615,
        -39.005615368215835
       ],
       [
        177.62792841524615,
        -39.003405738422444
       ],
       [
        177.68318111291018,
        -39.003405738422444
       ],
       [
        177.68318111291018,
        -39.0011700504828
       ],
       [
        177.74275746992785,
        -39.0011700504828
       ],
       [
        177.74275746992785,
        -39.068069769625815
       ],
       [
        177.68746084815237,
        -39.068069769625815
       ],
       [
        177.68746084815237,
        -39.07028447028673
       ],
       [
        177.6321581009513,
        -39.07028447028673
       ],
       [
        177.6321581009513,
        -39.072473044669735
       ],
       [
        177.57684929941703,
        -39.072473044669735
       ],
       [
        177.57684929941703,
        -39.07463548422438
       ],
       [
        177.52153451469155,
        -39.07463548422438
       ],
       [
        177.52153451469155,
        -39.076771780500614
       ],
       [
        177.46621381796555,
        -39.076771780500614
       ],
       [
        177.46621381796555,
        -39.07888192514884
       ],
       [
        177.41088728047816,
        -39.07888192514884
       ],
       [
        177.41088728047816,
        -39.080965909920124
       ],
       [
        177.35157584891465,
        -39.080965909920124
       ],
       [
        177.35157584891465,
        -39.01627234679288
       ],
       [
        177.34760950017775,
        -39.01627234679288
       ]
      ]
     ],
     [
      [
       [
        177.90860987252896,
        -39.06126899698385
       ],
       [
        177.85333205308245,
        -39.06126899698385
       ],
       [
        177.85333205308245,
        -39.06356202417337
       ],
       [
        177.7936681255673,
        -39.06356202417337
       ],
       [
        177.7936681255673,
        -38.99662053514339
       ],
       [
        177.84890229901586,
        -38.99662053514339
       ],
       [
        177.84890229901586,
        -38.99430672548226
       ],
       [
        177.90860987252896,
        -38.99430672548226
       ],
       [
        177.90860987252896,
        -39.06126899698385
       ]
      ]
     ]
    ]
   }
  },
  {
   "type": "Feature",
   "properties": {
    "name": "hbrc_bridges",
    "kind": "arcgis",
    "provides": [
     "bridges"
    ],
    "enabled": true,
    "checked": "2026-10-08T18:25:39+00:00",
    "url": "https://gis.hbrc.govt.nz/server/rest/services/ExternalServices/AssetManagement/MapServer/5",
    "extent": [
     176.188921818802,
     -40.40680089553094,
     178.04038384442904,
     -38.973080746622465
    ],
    "sheets": {
     "BJ39": 3
    },
    "tiles": {
     "BJ39_10000_0103": 2,
     "BJ39_10000_0203": 1
    },
    "tile_scale": 10000,
    "n_features": 3,
    "failed": [],
    "layer_url": "https://gis.hbrc.govt.nz/server/rest/services/ExternalServices/AssetManagement/MapServer/5",
    "coverage": "tiles"
   },
   "geometry": {
    "type": "Polygon",
    "coordinates": [
     [
      [
       176.92349834916976,
       -39.226151277908556
      ],
      [
       176.92349834916976,
       -39.29273882233527
      ],
      [
       176.86440427721763,
       -39.29273882233527
      ],
      [
       176.86440427721763,
       -39.228007962253976
      ],
      [
       176.86085461751227,
       -39.228007962253976
      ],
      [
       176.86085461751227,
       -39.16142367607051
      ],
      [
       176.91988642708463,
       -39.16142367607051
      ],
      [
       176.91988642708463,
       -39.226151277908556
      ],
      [
       176.92349834916976,
       -39.226151277908556
      ]
     ]
    ]
   }
  },
  {
   "type": "Feature",
   "properties": {
    "name": "hbrc_drains",
    "kind": "arcgis",
    "provides": [
     "channels"
    ],
    "enabled": false,
    "checked": "2026-10-08T03:00:04+00:00",
    "url": "9f0c4d8675c941159609cab92079fb79_3",
    "extent": [
     176.188921818802,
     -40.40680089553094,
     178.04038384442904,
     -38.973080746622465
    ],
    "sheets": {
     "BH41": 37,
     "BH42": 13,
     "BH43": 1,
     "BJ39": 23,
     "BK37": 3,
     "BK38": 62,
     "BK39": 439,
     "BL37": 69,
     "BL38": 61,
     "BL39": 19,
     "BM37": 2,
     "BM38": 10
    },
    "tiles": {
     "BH41_10000_0302": 1,
     "BH41_10000_0303": 13,
     "BH41_10000_0304": 1,
     "BH41_10000_0402": 4,
     "BH41_10000_0403": 19,
     "BH41_10000_0404": 9,
     "BH41_10000_0405": 3,
     "BH42_10000_0401": 7,
     "BH42_10000_0402": 4,
     "BH42_10000_0403": 1,
     "BH42_10000_0405": 1,
     "BH43_10000_0401": 1,
     "BJ39_10000_0303": 5,
     "BJ39_10000_0401": 2,
     "BJ39_10000_0402": 7,
     "BJ39_10000_0403": 7,
     "BJ39_10000_0502": 4,
     "BK37_10000_0505": 3,
     "BK38_10000_0105": 22,
     "BK38_10000_0204": 1,
     "BK38_10000_0205": 17,
     "BK38_10000_0304": 2,
     "BK38_10000_0305": 7,
     "BK38_10000_0404": 1,
     "BK38_10000_0405": 6,
     "BK38_10000_0501": 1,
     "BK38_10000_0503": 1,
     "BK38_10000_0504": 10,
     "BK38_10000_0505": 2,
     "BK39_10000_0101": 24,
     "BK39_10000_0102": 29,
     "BK39_10000_0103": 35,
     "BK39_10000_0201": 57,
     "BK39_10000_0202": 79,
     "BK39_10000_0203": 103,
     "BK39_10000_0204": 12,
     "BK39_10000_0301": 49,
     "BK39_10000_0302": 42,
     "BK39_10000_0303": 34,
     "BK39_10000_0304": 7,
     "BK39_10000_0401": 34,
     "BK39_10000_0402": 13,
     "BL37_10000_0105": 2,
     "BL37_10000_0204": 11,
     "BL37_10000_0205": 11,
     "BL37_10000_0303": 3,
     "BL37_10000_0304": 18,
     "BL37_10000_0305": 28,
     "BL37_10000_0403": 1,
     "BL37_10000_0404": 1,
     "BL37_10000_0505": 1,
     "BL38_10000_0101": 13,
     "BL38_10000_0104": 3,
     "BL38_10000_0105": 1,
     "BL38_10000_0201": 20,
     "BL38_10000_0202": 3,
     "BL38_10000_0203": 1,
     "BL38_10000_0204": 1,
     "BL38_10000_0301": 12,
     "BL38_10000_0302": 8,
     "BL38_10000_0303": 5,
     "BL38_10000_0401": 2,
     "BL38_10000_0402": 1,
     "BL39_10000_0201": 5,
     "BL39_10000_0202": 5,
     "BL39_10000_0301": 11,
     "BM37_10000_0105": 1,
     "BM37_10000_0305": 1,
     "BM38_10000_0101": 4,
     "BM38_10000_0102": 3,
     "BM38_10000_0201": 2,
     "BM38_10000_0202": 2,
     "BM38_10000_0301": 2,
     "BM38_10000_0302": 1,
     "BM38_10000_0401": 3,
     "BM38_10000_0402": 1
    },
    "tile_scale": 10000,
    "n_features": 739,
    "failed": [],
    "layer_url": "https://gis.hbrc.govt.nz/server/rest/services/ExternalServices/AssetManagement/MapServer/3",
    "coverage": "tiles"
   },
   "geometry": {
    "type": "MultiPolygon",
    "coordinates": [
     [
      [
       [
        176.47207676770748,
        -40.27629623358875
       ],
       [
        176.52506862391186,
        -40.27629623358875
       ],
       [
        176.52506862391186,
        -40.213254520948084
       ],
       [
        176.46546614857746,
        -40.213254520948084
       ],
       [
        176.46546614857746,
        -40.14850497480739
       ],
       [
        176.46217686429753,
        -40.14850497480739
       ],
       [
        176.46217686429753,
        -40.08542253009225
       ],
       [
        176.40597603585417,
        -40.08542253009225
       ],
       [
        176.40597603585417,
        -40.08706337039589
       ],
       [
        176.34659786059427,
        -40.08706337039589
       ],
       [
        176.34659786059427,
        -40.02230438874646
       ],
       [
        176.34343541579074,
        -40.02230438874646
       ],
       [
        176.34343541579074,
        -39.95591109748286
       ],
       [
        176.3963302181597,
        -39.95591109748286
       ],
       [
        176.3963302181597,
        -39.88949728988304
       ],
       [
        176.4491256647642,
        -39.88949728988304
       ],
       [
        176.4491256647642,
        -39.824742999584494
       ],
       [
        176.44588915896088,
        -39.824742999584494
       ],
       [
        176.44588915896088,
        -39.75831173298909
       ],
       [
        176.5018221997688,
        -39.75831173298909
       ],
       [
        176.5018221997688,
        -39.756608810534495
       ],
       [
        176.56109156220916,
        -39.756608810534495
       ],
       [
        176.56109156220916,
        -39.821356322353864
       ],
       [
        176.56444341618408,
        -39.821356322353864
       ],
       [
        176.56444341618408,
        -39.88436515277355
       ],
       [
        176.62047159955432,
        -39.88436515277355
       ],
       [
        176.62047159955432,
        -39.88260043057591
       ],
       [
        176.67303822998588,
        -39.88260043057591
       ],
       [
        176.67303822998588,
        -39.81962256153874
       ],
       [
        176.61367405997018,
        -39.81962256153874
       ],
       [
        176.61367405997018,
        -39.7531223186554
       ],
       [
        176.66615834382424,
        -39.7531223186554
       ],
       [
        176.66615834382424,
        -39.688381802617556
       ],
       [
        176.66273503107467,
        -39.688381802617556
       ],
       [
        176.66273503107467,
        -39.623640314957534
       ],
       [
        176.65932275243327,
        -39.623640314957534
       ],
       [
        176.65932275243327,
        -39.557126485039504
       ],
       [
        176.71162805019557,
        -39.557126485039504
       ],
       [
        176.71162805019557,
        -39.490593158736004
       ],
       [
        176.76732968921513,
        -39.490593158736004
       ],
       [
        176.76732968921513,
        -39.48877260005854
       ],
       [
        176.8194819184034,
        -39.48877260005854
       ],
       [
        176.8194819184034,
        -39.425856902652306
       ],
       [
        176.76035482242676,
        -39.425856902652306
       ],
       [
        176.76035482242676,
        -39.3593074195147
       ],
       [
        176.81594893491152,
        -39.3593074195147
       ],
       [
        176.81594893491152,
        -39.357468688876935
       ],
       [
        176.86796538922187,
        -39.357468688876935
       ],
       [
        176.86796538922187,
        -39.29087787995122
       ],
       [
        176.9271219272402,
        -39.29087787995122
       ],
       [
        176.9271219272402,
        -39.35560348072937
       ],
       [
        176.93075720266887,
        -39.35560348072937
       ],
       [
        176.93075720266887,
        -39.4221975604402
       ],
       [
        176.87871784596155,
        -39.4221975604402
       ],
       [
        176.87871784596155,
        -39.48505167260596
       ],
       [
        176.93806301218507,
        -39.48505167260596
       ],
       [
        176.93806301218507,
        -39.54786955690284
       ],
       [
        176.99751782512791,
        -39.54786955690284
       ],
       [
        176.99751782512791,
        -39.61258678016171
       ],
       [
        177.00125208655808,
        -39.61258678016171
       ],
       [
        177.00125208655808,
        -39.67921641409581
       ],
       [
        176.94541611309074,
        -39.67921641409581
       ],
       [
        176.94541611309074,
        -39.68110306806924
       ],
       [
        176.89321727398666,
        -39.68110306806924
       ],
       [
        176.89321727398666,
        -39.747691068057286
       ],
       [
        176.8373188074826,
        -39.747691068057286
       ],
       [
        176.8373188074826,
        -39.74952834381621
       ],
       [
        176.78496506969893,
        -39.74952834381621
       ],
       [
        176.78496506969893,
        -39.814259673359565
       ],
       [
        176.7885264505333,
        -39.814259673359565
       ],
       [
        176.7885264505333,
        -39.87714433287699
       ],
       [
        176.84453458447138,
        -39.87714433287699
       ],
       [
        176.84453458447138,
        -39.87527168074032
       ],
       [
        176.9042154216262,
        -39.87527168074032
       ],
       [
        176.9042154216262,
        -39.94186946802611
       ],
       [
        176.85179715962107,
        -39.94186946802611
       ],
       [
        176.85179715962107,
        -40.0084477196637
       ],
       [
        176.79209936228804,
        -40.0084477196637
       ],
       [
        176.79209936228804,
        -39.94371936267269
       ],
       [
        176.7885264505333,
        -39.94371936267269
       ],
       [
        176.7885264505333,
        -39.88080871508737
       ],
       [
        176.7360335800415,
        -39.88080871508737
       ],
       [
        176.7360335800415,
        -39.94733802381078
       ],
       [
        176.6834418101861,
        -39.94733802381078
       ],
       [
        176.6834418101861,
        -40.013847429555575
       ],
       [
        176.63075069374955,
        -40.013847429555575
       ],
       [
        176.63075069374955,
        -40.08033676180025
       ],
       [
        176.5745642692045,
        -40.08033676180025
       ],
       [
        176.5745642692045,
        -40.0820592190674
       ],
       [
        176.52171537457622,
        -40.0820592190674
       ],
       [
        176.52171537457622,
        -40.145079463382466
       ],
       [
        176.57795978184527,
        -40.145079463382466
       ],
       [
        176.57795978184527,
        -40.14332582344978
       ],
       [
        176.63765907962224,
        -40.14332582344978
       ],
       [
        176.63765907962224,
        -40.20806356106975
       ],
       [
        176.641130090729,
        -40.20806356106975
       ],
       [
        176.641130090729,
        -40.27280032407188
       ],
       [
        176.64461236834194,
        -40.27280032407188
       ],
       [
        176.64461236834194,
        -40.3375361111546
       ],
       [
        176.64810595352847,
        -40.3375361111546
       ],
       [
        176.64810595352847,
        -40.404040598573296
       ],
       [
        176.5916523700626,
        -40.404040598573296
       ],
       [
        176.5916523700626,
        -40.40578277385543
       ],
       [
        176.53180780688263,
        -40.40578277385543
       ],
       [
        176.53180780688263,
        -40.34275075467593
       ],
       [
        176.47207676770748,
        -40.34275075467593
       ],
       [
        176.47207676770748,
        -40.27629623358875
       ]
      ],
      [
       [
        176.46217686429753,
        -40.019003030007006
       ],
       [
        176.46217686429753,
        -40.0820592190674
       ],
       [
        176.5150413632186,
        -40.0820592190674
       ],
       [
        176.5150413632186,
        -40.019003030007006
       ],
       [
        176.46217686429753,
        -40.019003030007006
       ]
      ]
     ],
     [
      [
       [
        177.41088728047816,
        -39.080965909920124
       ],
       [
        177.35157584891465,
        -39.080965909920124
       ],
       [
        177.35157584891465,
        -39.01627234679288
       ],
       [
        177.34760950017775,
        -39.01627234679288
       ],
       [
        177.34760950017775,
        -38.94950327638252
       ],
       [
        177.40284166070728,
        -38.94950327638252
       ],
       [
        177.40284166070728,
        -38.947402788361074
       ],
       [
        177.4580680921326,
        -38.947402788361074
       ],
       [
        177.4580680921326,
        -38.94527626781141
       ],
       [
        177.5174049914821,
        -38.94527626781141
       ],
       [
        177.5174049914821,
        -39.007798931243066
       ],
       [
        177.57266968447135,
        -39.007798931243066
       ],
       [
        177.57266968447135,
        -39.005615368215835
       ],
       [
        177.62792841524615,
        -39.005615368215835
       ],
       [
        177.62792841524615,
        -39.003405738422444
       ],
       [
        177.68318111291018,
        -39.003405738422444
       ],
       [
        177.68318111291018,
        -39.0011700504828
       ],
       [
        177.74275746992785,
        -39.0011700504828
       ],
       [
        177.74275746992785,
        -39.068069769625815
       ],
       [
        177.68746084815237,
        -39.068069769625815
       ],
       [
        177.68746084815237,
        -39.07028447028673
       ],
       [
        177.6321581009513,
        -39.07028447028673
       ],
       [
        177.6321581009513,
        -39.072473044669735
       ],
       [
        177.57684929941703,
        -39.072473044669735
       ],
       [
        177.57684929941703,
        -39.07463548422438
       ],
       [
        177.52153451469155,
        -39.07463548422438
       ],
       [
        177.52153451469155,
        -39.076771780500614
       ],
       [
        177.46621381796555,
        -39.076771780500614
       ],
       [
        177.46621381796555,
        -39.07888192514884
       ],
       [
        177.41088728047816,
        -39.07888192514884
       ],
       [
        177.41088728047816,
        -39.080965909920124
       ]
      ]
     ],
     [
      [
       [
        177.90860987252896,
        -38.99430672548226
       ],
       [
        177.90860987252896,
        -39.06126899698385
       ],
       [
        177.85333205308245,
        -39.06126899698385
       ],
       [
        177.85333205308245,
        -39.06356202417337
       ],
       [
        177.7936681255673,
        -39.06356202417337
       ],
       [
        177.7936681255673,
        -38.99662053514339
       ],
       [
        177.84890229901586,
        -38.99662053514339
       ],
       [
        177.84890229901586,
        -38.99430672548226
       ],
       [
        177.90860987252896,
        -38.99430672548226
       ]
      ]
     ]
    ]
   }
  },
  {
   "type": "Feature",
   "properties": {
    "name": "rec2_rivers",
    "kind": "arcgis",
    "provides": [
     "rivers_rec2"
    ],
    "enabled": true,
    "checked": "2026-10-08T18:25:40+00:00",
    "url": "https://services3.arcgis.com/fp1tibNcN9mbExhG/ArcGIS/rest/services/REC2_Layers/FeatureServer/0",
    "extent": [
     166.26379404853353,
     -47.41512169130674,
     179.46272261545855,
     -34.27554384955679
    ],
    "sheets": {
     "AT24": 573,
     "AT25": 672,
     "AU25": 570,
     "AU26": 597,
     "AU27": 336,
     "AU28": 92,
     "AU29": 3,
     "AV25": 100,
     "AV26": 1772,
     "AV27": 2190,
     "AV28": 2029,
     "AV29": 808,
     "AV30": 203,
     "AW26": 506,
     "AW27": 1821,
     "AW28": 2164,
     "AW29": 2188,
     "AW30": 1938,
     "AW31": 160,
     "AX27": 580,
     "AX28": 2085,
     "AX29": 2237,
     "AX30": 1973,
     "AX31": 327,
     "AY28": 370,
     "AY29": 1571,
     "AY30": 1741,
     "AY31": 1201,
     "AY32": 52,
     "AY33": 49,
     "AY34": 515,
     "AZ29": 335,
     "AZ30": 917,
     "AZ31": 1929,
     "AZ32": 153,
     "AZ34": 494,
     "AZ35": 12,
     "BA30": 661,
     "BA31": 1865,
     "BA32": 500,
     "BA33": 269,
     "BA34": 864,
     "BA35": 1253,
     "BA36": 17,
     "BB30": 37,
     "BB31": 849,
     "BB32": 1770,
     "BB33": 2107,
     "BB34": 641,
     "BB35": 2264,
     "BB36": 280,
     "BC31": 336,
     "BC32": 2080,
     "BC33": 2055,
     "BC34": 1735,
     "BC35": 1871,
     "BC36": 714,
     "BC37": 32,
     "BC40": 2,
     "BD31": 17,
     "BD32": 1812,
     "BD33": 1997,
     "BD34": 1832,
     "BD35": 1793,
     "BD36": 1594,
     "BD37": 1060,
     "BD38": 433,
     "BD39": 5,
     "BD40": 1,
     "BD42": 358,
     "BD43": 1379,
     "BD44": 1860,
     "BD45": 915,
     "BE31": 221,
     "BE32": 1710,
     "BE33": 1991,
     "BE34": 2005,
     "BE35": 2063,
     "BE36": 1660,
     "BE37": 1768,
     "BE38": 1933,
     "BE39": 1778,
     "BE40": 1292,
     "BE41": 1331,
     "BE42": 2106,
     "BE43": 2334,
     "BE44": 2163,
     "BE45": 437,
     "BF31": 995,
     "BF32": 2320,
     "BF33": 2330,
     "BF34": 2007,
     "BF35": 2118,
     "BF36": 2006,
     "BF37": 2041,
     "BF38": 1866,
     "BF39": 2215,
     "BF40": 2334,
     "BF41": 2384,
     "BF42": 2293,
     "BF43": 2269,
     "BF44": 2052,
     "BF45": 2,
     "BG30": 3,
     "BG31": 1666,
     "BG32": 2387,
     "BG33": 2418,
     "BG34": 2171,
     "BG35": 1516,
     "BG36": 1441,
     "BG37": 1899,
     "BG38": 2079,
     "BG39": 2294,
     "BG40": 2180,
     "BG41": 2334,
     "BG42": 2391,
     "BG43": 1643,
     "BG44": 641,
     "BH28": 295,
     "BH29": 992,
     "BH30": 1727,
     "BH31": 2395,
     "BH32": 2430,
     "BH33": 2405,
     "BH34": 1936,
     "BH35": 1642,
     "BH36": 2011,
     "BH37": 2199,
     "BH38": 2341,
     "BH39": 2314,
     "BH40": 2162,
     "BH41": 1707,
     "BH42": 1730,
     "BH43": 528,
     "BJ28": 722,
     "BJ29": 1265,
     "BJ30": 2206,
     "BJ31": 2450,
     "BJ32": 2420,
     "BJ33": 2231,
     "BJ34": 1683,
     "BJ35": 2181,
     "BJ36": 2288,
     "BJ37": 2195,
     "BJ38": 2190,
     "BJ39": 1568,
     "BJ40": 55,
     "BJ42": 51,
     "BJ43": 142,
     "BK29": 201,
     "BK30": 1006,
     "BK31": 2041,
     "BK32": 2374,
     "BK33": 2228,
     "BK34": 2264,
     "BK35": 2287,
     "BK36": 2158,
     "BK37": 1779,
     "BK38": 2059,
     "BK39": 1415,
     "BK40": 20,
     "BL31": 14,
     "BL32": 466,
     "BL33": 1674,
     "BL34": 2006,
     "BL35": 2156,
     "BL36": 1916,
     "BL37": 1711,
     "BL38": 2142,
     "BL39": 1015,
     "BM24": 62,
     "BM33": 1088,
     "BM34": 1687,
     "BM35": 1904,
     "BM36": 2089,
     "BM37": 2176,
     "BM38": 1270,
     "BM39": 56,
     "BN22": 153,
     "BN23": 1148,
     "BN24": 854,
     "BN25": 136,
     "BN28": 217,
     "BN32": 119,
     "BN33": 1849,
     "BN34": 2275,
     "BN35": 2289,
     "BN36": 2228,
     "BN37": 1029,
     "BN38": 47,
     "BP22": 1274,
     "BP23": 2070,
     "BP24": 2054,
     "BP25": 1227,
     "BP26": 14,
     "BP27": 474,
     "BP28": 787,
     "BP29": 656,
     "BP30": 33,
     "BP31": 92,
     "BP32": 1618,
     "BP33": 2213,
     "BP34": 1774,
     "BP35": 2221,
     "BP36": 1231,
     "BQ21": 25,
     "BQ22": 1386,
     "BQ23": 2150,
     "BQ24": 2129,
     "BQ25": 1790,
     "BQ26": 1574,
     "BQ27": 2124,
     "BQ28": 1758,
     "BQ29": 614,
     "BQ30": 47,
     "BQ31": 661,
     "BQ32": 1559,
     "BQ33": 1684,
     "BQ34": 2009,
     "BQ35": 1061,
     "BQ36": 36,
     "BR20": 328,
     "BR21": 1199,
     "BR22": 2019,
     "BR23": 2101,
     "BR24": 2035,
     "BR25": 1969,
     "BR26": 2121,
     "BR27": 1990,
     "BR28": 1799,
     "BR29": 902,
     "BR33": 669,
     "BR34": 163,
     "BS19": 150,
     "BS20": 1755,
     "BS21": 1962,
     "BS22": 2004,
     "BS23": 2113,
     "BS24": 1914,
     "BS25": 2050,
     "BS26": 2121,
     "BS27": 2108,
     "BS28": 1857,
     "BS29": 386,
     "BT19": 844,
     "BT20": 1821,
     "BT21": 1951,
     "BT22": 1796,
     "BT23": 2002,
     "BT24": 2060,
     "BT25": 2176,
     "BT26": 1979,
     "BT27": 1759,
     "BT28": 424,
     "BU18": 321,
     "BU19": 1633,
     "BU20": 1845,
     "BU21": 1924,
     "BU22": 1969,
     "BU23": 2125,
     "BU24": 2013,
     "BU25": 1841,
     "BU26": 1775,
     "BU27": 213,
     "BV16": 120,
     "BV17": 730,
     "BV18": 1692,
     "BV19": 2076,
     "BV20": 2002,
     "BV21": 2038,
     "BV22": 2046,
     "BV23": 1993,
     "BV24": 1839,
     "BV25": 1640,
     "BV26": 534,
     "BW14": 7,
     "BW15": 514,
     "BW16": 1669,
     "BW17": 2007,
     "BW18": 2140,
     "BW19": 1936,
     "BW20": 1909,
     "BW21": 1984,
     "BW22": 1675,
     "BW23": 1427,
     "BW24": 997,
     "BW25": 2,
     "BX12": 6,
     "BX13": 446,
     "BX14": 1414,
     "BX15": 2076,
     "BX16": 2135,
     "BX17": 1976,
     "BX18": 1882,
     "BX19": 1775,
     "BX20": 1511,
     "BX21": 1323,
     "BX22": 1006,
     "BX23": 1166,
     "BX24": 1308,
     "BX25": 560,
     "BY10": 63,
     "BY11": 336,
     "BY12": 1432,
     "BY13": 2130,
     "BY14": 2112,
     "BY15": 2008,
     "BY16": 1675,
     "BY17": 1763,
     "BY18": 2021,
     "BY19": 1630,
     "BY20": 1032,
     "BY21": 649,
     "BY22": 368,
     "BY23": 284,
     "BY24": 370,
     "BY25": 402,
     "BZ09": 771,
     "BZ10": 1831,
     "BZ11": 2242,
     "BZ12": 2270,
     "BZ13": 2141,
     "BZ14": 1959,
     "BZ15": 1637,
     "BZ16": 1658,
     "BZ17": 1762,
     "BZ18": 1856,
     "BZ19": 1405,
     "BZ20": 371,
     "BZ21": 19,
     "CA10": 2228,
     "CA11": 2280,
     "CA12": 1784,
     "CA13": 1737,
     "CA14": 2098,
     "CA15": 1868,
     "CA16": 1757,
     "CA17": 1820,
     "CA18": 1722,
     "CA19": 823,
     "CB08": 2180,
     "CB09": 2145,
     "CB11": 2151,
     "CB12": 1893,
     "CB13": 1859,
     "CB14": 1917,
     "CB15": 1844,
     "CB16": 1872,
     "CB17": 1874,
     "CB18": 1823,
     "CB19": 592,
     "CC07": 1988,
     "CC08": 1647,
     "CC09": 1958,
     "CC10": 1820,
     "CC11": 1805,
     "CC12": 2045,
     "CC13": 1871,
     "CC14": 1880,
     "CC15": 1713,
     "CC16": 1722,
     "CC17": 2106,
     "CC18": 1137,
     "CC19": 4,
     "CD06": 1709,
     "CD07": 1653,
     "CD08": 1734,
     "CD09": 1896,
     "CD10": 2043,
     "CD11": 2248,
     "CD12": 2008,
     "CD13": 2078,
     "CD14": 2164,
     "CD15": 2054,
     "CD16": 1969,
     "CD17": 1991,
     "CD18": 442,
     "CE06": 2021,
     "CE07": 1855,
     "CE08": 1940,
     "CE09": 1838,
     "CE10": 1776,
     "CE11": 1865,
     "CE12": 2123,
     "CE13": 1896,
     "CE14": 2131,
     "CE15": 2215,
     "CE16": 1818,
     "CE17": 1074,
     "CE18": 84,
     "CF07": 1528,
     "CF08": 1774,
     "CF09": 1495,
     "CF10": 1432,
     "CF11": 1906,
     "CF12": 1859,
     "CF13": 2080,
     "CF14": 2035,
     "CF15": 1781,
     "CF16": 496,
     "CG08": 333,
     "CG09": 552,
     "CG10": 1174,
     "CG11": 1417,
     "CG12": 1952,
     "CG13": 2065,
     "CG14": 1529,
     "CG15": 233,
     "CH09": 940,
     "CH10": 46,
     "CH11": 22,
     "CH12": 238,
     "CH13": 82,
     "CJ09": 1489,
     "CJ10": 206
    },
    "tiles": {
     "AT24_10000_0102": 1,
     "AT24_10000_0105": 5,
     "AT24_10000_0201": 1,
     "AT24_10000_0202": 62,
     "AT24_10000_0203": 69,
     "AT24_10000_0204": 49,
     "AT24_10000_0205": 71,
     "AT24_10000_0302": 6,
     "AT24_10000_0303": 73,
     "AT24_10000_0304": 94,
     "AT24_10000_0305": 91,
     "AT24_10000_0404": 28,
     "AT24_10000_0405": 80,
     "AT24_10000_0505": 10,
     "AT25_10000_0101": 6,
     "AT25_10000_0103": 18,
     "AT25_10000_0104": 1,
     "AT25_10000_0201": 80,
     "AT25_10000_0202": 87,
     "AT25_10000_0203": 58,
     "AT25_10000_0301": 30,
     "AT25_10000_0302": 22,
     "AT25_10000_0303": 28,
     "AT25_10000_0401": 69,
     "AT25_10000_0402": 38,
     "AT25_10000_0403": 27,
     "AT25_10000_0501": 71,
     "AT25_10000_0502": 106,
     "AT25_10000_0503": 84,
     "AT25_10000_0504": 10,
     "AU25_10000_0101": 7,
     "AU25_10000_0102": 56,
     "AU25_10000_0103": 76,
     "AU25_10000_0104": 78,
     "AU25_10000_0105": 18,
     "AU25_10000_0202": 7,
     "AU25_10000_0203": 65,
     "AU25_10000_0204": 80,
     "AU25_10000_0205": 62,
     "AU25_10000_0303": 6,
     "AU25_10000_0304": 47,
     "AU25_10000_0305": 75,
     "AU25_10000_0404": 3,
     "AU25_10000_0405": 59,
     "AU25_10000_0505": 3,
     "AU26_10000_0201": 26,
     "AU26_10000_0205": 1,
     "AU26_10000_0301": 43,
     "AU26_10000_0302": 4,
     "AU26_10000_0304": 27,
     "AU26_10000_0305": 48,
     "AU26_10000_0401": 82,
     "AU26_10000_0402": 81,
     "AU26_10000_0403": 31,
     "AU26_10000_0404": 29,
     "AU26_10000_0405": 52,
     "AU26_10000_0501": 60,
     "AU26_10000_0502": 67,
     "AU26_10000_0503": 2,
     "AU26_10000_0504": 19,
     "AU26_10000_0505": 75,
     "AU27_10000_0201": 5,
     "AU27_10000_0301": 65,
     "AU27_10000_0302": 1,
     "AU27_10000_0401": 3,
     "AU27_10000_0403": 3,
     "AU27_10000_0404": 11,
     "AU27_10000_0501": 47,
     "AU27_10000_0502": 19,
     "AU27_10000_0503": 31,
     "AU27_10000_0504": 87,
     "AU27_10000_0505": 87,
     "AU28_10000_0501": 73,
     "AU28_10000_0502": 7,
     "AU28_10000_0503": 6,
     "AU28_10000_0504": 9,
     "AU29_10000_0501": 3,
     "AV25_10000_0304": 14,
     "AV25_10000_0305": 40,
     "AV25_10000_0404": 2,
     "AV25_10000_0405": 53,
     "AV26_10000_0101": 20,
     "AV26_10000_0102": 68,
     "AV26_10000_0103": 73,
     "AV26_10000_0104": 96,
     "AV26_10000_0105": 84,
     "AV26_10000_0201": 14,
     "AV26_10000_0202": 67,
     "AV26_10000_0203": 84,
     "AV26_10000_0204": 82,
     "AV26_10000_0205": 101,
     "AV26_10000_0301": 72,
     "AV26_10000_0302": 73,
     "AV26_10000_0303": 79,
     "AV26_10000_0304": 89,
     "AV26_10000_0305": 106,
     "AV26_10000_0401": 58,
     "AV26_10000_0402": 101,
     "AV26_10000_0403": 94,
     "AV26_10000_0404": 110,
     "AV26_10000_0405": 104,
     "AV26_10000_0501": 31,
     "AV26_10000_0502": 72,
     "AV26_10000_0503": 71,
     "AV26_10000_0504": 113,
     "AV26_10000_0505": 112,
     "AV27_10000_0101": 87,
     "AV27_10000_0102": 99,
     "AV27_10000_0103": 86,
     "AV27_10000_0104": 90,
     "AV27_10000_0105": 125,
     "AV27_10000_0201": 102,
     "AV27_10000_0202": 101,
     "AV27_10000_0203": 127,
     "AV27_10000_0204": 97,
     "AV27_10000_0205": 104,
     "AV27_10000_0301": 97,
     "AV27_10000_0302": 84,
     "AV27_10000_0303": 80,
     "AV27_10000_0304": 107,
     "AV27_10000_0305": 99,
     "AV27_10000_0401": 94,
     "AV27_10000_0402": 93,
     "AV27_10000_0403": 107,
     "AV27_10000_0404": 104,
     "AV27_10000_0405": 80,
     "AV27_10000_0501": 101,
     "AV27_10000_0502": 99,
     "AV27_10000_0503": 66,
     "AV27_10000_0504": 83,
     "AV27_10000_0505": 100,
     "AV28_10000_0101": 90,
     "AV28_10000_0102": 40,
     "AV28_10000_0103": 76,
     "AV28_10000_0104": 90,
     "AV28_10000_0105": 65,
     "AV28_10000_0201": 94,
     "AV28_10000_0202": 93,
     "AV28_10000_0203": 122,
     "AV28_10000_0204": 89,
     "AV28_10000_0205": 84,
     "AV28_10000_0301": 107,
     "AV28_10000_0302": 99,
     "AV28_10000_0303": 95,
     "AV28_10000_0304": 93,
     "AV28_10000_0305": 58,
     "AV28_10000_0401": 111,
     "AV28_10000_0402": 116,
     "AV28_10000_0403": 81,
     "AV28_10000_0404": 93,
     "AV28_10000_0405": 72,
     "AV28_10000_0501": 93,
     "AV28_10000_0502": 114,
     "AV28_10000_0503": 85,
     "AV28_10000_0504": 94,
     "AV28_10000_0505": 77,
     "AV29_10000_0101": 7,
     "AV29_10000_0201": 46,
     "AV29_10000_0202": 17,
     "AV29_10000_0203": 25,
     "AV29_10000_0204": 2,
     "AV29_10000_0301": 99,
     "AV29_10000_0302": 54,
     "AV29_10000_0303": 39,
     "AV29_10000_0304": 21,
     "AV29_10000_0401": 84,
     "AV29_10000_0402": 70,
     "AV29_10000_0403": 52,
     "AV29_10000_0404": 3,
     "AV29_10000_0501": 93,
     "AV29_10000_0502": 111,
     "AV29_10000_0503": 91,
     "AV29_10000_0504": 33,
     "AV29_10000_0505": 39,
     "AV30_10000_0303": 10,
     "AV30_10000_0401": 6,
     "AV30_10000_0402": 30,
     "AV30_10000_0403": 11,
     "AV30_10000_0501": 56,
     "AV30_10000_0502": 84,
     "AV30_10000_0503": 28,
     "AW26_10000_0102": 31,
     "AW26_10000_0103": 71,
     "AW26_10000_0104": 98,
     "AW26_10000_0105": 87,
     "AW26_10000_0203": 20,
     "AW26_10000_0204": 80,
     "AW26_10000_0205": 77,
     "AW26_10000_0304": 22,
     "AW26_10000_0305": 38,
     "AW26_10000_0405": 24,
     "AW27_10000_0101": 83,
     "AW27_10000_0102": 67,
     "AW27_10000_0103": 44,
     "AW27_10000_0104": 62,
     "AW27_10000_0105": 90,
     "AW27_10000_0201": 21,
     "AW27_10000_0202": 56,
     "AW27_10000_0203": 61,
     "AW27_10000_0204": 88,
     "AW27_10000_0205": 77,
     "AW27_10000_0301": 77,
     "AW27_10000_0302": 89,
     "AW27_10000_0303": 96,
     "AW27_10000_0304": 100,
     "AW27_10000_0305": 105,
     "AW27_10000_0401": 102,
     "AW27_10000_0402": 105,
     "AW27_10000_0403": 95,
     "AW27_10000_0404": 112,
     "AW27_10000_0405": 85,
     "AW27_10000_0501": 22,
     "AW27_10000_0502": 85,
     "AW27_10000_0503": 105,
     "AW27_10000_0504": 86,
     "AW27_10000_0505": 80,
     "AW28_10000_0101": 102,
     "AW28_10000_0102": 75,
     "AW28_10000_0103": 77,
     "AW28_10000_0104": 80,
     "AW28_10000_0105": 104,
     "AW28_10000_0201": 99,
     "AW28_10000_0202": 94,
     "AW28_10000_0203": 75,
     "AW28_10000_0204": 93,
     "AW28_10000_0205": 105,
     "AW28_10000_0301": 95,
     "AW28_10000_0302": 94,
     "AW28_10000_0303": 99,
     "AW28_10000_0304": 88,
     "AW28_10000_0305": 118,
     "AW28_10000_0401": 83,
     "AW28_10000_0402": 96,
     "AW28_10000_0403": 101,
     "AW28_10000_0404": 94,
     "AW28_10000_0405": 81,
     "AW28_10000_0501": 94,
     "AW28_10000_0502": 111,
     "AW28_10000_0503": 101,
     "AW28_10000_0504": 116,
     "AW28_10000_0505": 102,
     "AW29_10000_0101": 78,
     "AW29_10000_0102": 94,
     "AW29_10000_0103": 108,
     "AW29_10000_0104": 71,
     "AW29_10000_0105": 104,
     "AW29_10000_0201": 94,
     "AW29_10000_0202": 93,
     "AW29_10000_0203": 110,
     "AW29_10000_0204": 102,
     "AW29_10000_0205": 92,
     "AW29_10000_0301": 91,
     "AW29_10000_0302": 108,
     "AW29_10000_0303": 94,
     "AW29_10000_0304": 106,
     "AW29_10000_0305": 108,
     "AW29_10000_0401": 94,
     "AW29_10000_0402": 119,
     "AW29_10000_0403": 95,
     "AW29_10000_0404": 87,
     "AW29_10000_0405": 97,
     "AW29_10000_0501": 101,
     "AW29_10000_0502": 93,
     "AW29_10000_0503": 88,
     "AW29_10000_0504": 91,
     "AW29_10000_0505": 91,
     "AW30_10000_0101": 93,
     "AW30_10000_0102": 88,
     "AW30_10000_0103": 75,
     "AW30_10000_0104": 12,
     "AW30_10000_0201": 100,
     "AW30_10000_0202": 112,
     "AW30_10000_0203": 104,
     "AW30_10000_0204": 38,
     "AW30_10000_0205": 9,
     "AW30_10000_0301": 107,
     "AW30_10000_0302": 97,
     "AW30_10000_0303": 103,
     "AW30_10000_0304": 99,
     "AW30_10000_0305": 83,
     "AW30_10000_0401": 106,
     "AW30_10000_0402": 111,
     "AW30_10000_0403": 112,
     "AW30_10000_0404": 103,
     "AW30_10000_0405": 98,
     "AW30_10000_0501": 105,
     "AW30_10000_0502": 95,
     "AW30_10000_0503": 103,
     "AW30_10000_0504": 94,
     "AW30_10000_0505": 98,
     "AW31_10000_0301": 6,
     "AW31_10000_0401": 46,
     "AW31_10000_0402": 10,
     "AW31_10000_0501": 75,
     "AW31_10000_0502": 34,
     "AX27_10000_0102": 24,
     "AX27_10000_0103": 94,
     "AX27_10000_0104": 96,
     "AX27_10000_0105": 99,
     "AX27_10000_0203": 15,
     "AX27_10000_0204": 82,
     "AX27_10000_0205": 121,
     "AX27_10000_0304": 7,
     "AX27_10000_0305": 81,
     "AX27_10000_0405": 3,
     "AX28_10000_0101": 89,
     "AX28_10000_0102": 103,
     "AX28_10000_0103": 102,
     "AX28_10000_0104": 113,
     "AX28_10000_0105": 91,
     "AX28_10000_0201": 110,
     "AX28_10000_0202": 82,
     "AX28_10000_0203": 83,
     "AX28_10000_0204": 83,
     "AX28_10000_0205": 111,
     "AX28_10000_0301": 96,
     "AX28_10000_0302": 102,
     "AX28_10000_0303": 110,
     "AX28_10000_0304": 106,
     "AX28_10000_0305": 103,
     "AX28_10000_0401": 74,
     "AX28_10000_0402": 106,
     "AX28_10000_0403": 96,
     "AX28_10000_0404": 95,
     "AX28_10000_0405": 91,
     "AX28_10000_0501": 3,
     "AX28_10000_0502": 50,
     "AX28_10000_0503": 106,
     "AX28_10000_0504": 91,
     "AX28_10000_0505": 109,
     "AX29_10000_0101": 92,
     "AX29_10000_0102": 87,
     "AX29_10000_0103": 118,
     "AX29_10000_0104": 106,
     "AX29_10000_0105": 104,
     "AX29_10000_0201": 90,
     "AX29_10000_0202": 96,
     "AX29_10000_0203": 99,
     "AX29_10000_0204": 94,
     "AX29_10000_0205": 76,
     "AX29_10000_0301": 97,
     "AX29_10000_0302": 107,
     "AX29_10000_0303": 92,
     "AX29_10000_0304": 96,
     "AX29_10000_0305": 103,
     "AX29_10000_0401": 100,
     "AX29_10000_0402": 109,
     "AX29_10000_0403": 97,
     "AX29_10000_0404": 97,
     "AX29_10000_0405": 110,
     "AX29_10000_0501": 85,
     "AX29_10000_0502": 94,
     "AX29_10000_0503": 107,
     "AX29_10000_0504": 111,
     "AX29_10000_0505": 97,
     "AX30_10000_0101": 115,
     "AX30_10000_0102": 85,
     "AX30_10000_0103": 99,
     "AX30_10000_0104": 91,
     "AX30_10000_0105": 105,
     "AX30_10000_0201": 94,
     "AX30_10000_0202": 100,
     "AX30_10000_0203": 70,
     "AX30_10000_0204": 71,
     "AX30_10000_0205": 85,
     "AX30_10000_0301": 98,
     "AX30_10000_0302": 99,
     "AX30_10000_0303": 39,
     "AX30_10000_0304": 24,
     "AX30_10000_0305": 21,
     "AX30_10000_0401": 91,
     "AX30_10000_0402": 103,
     "AX30_10000_0403": 89,
     "AX30_10000_0404": 104,
     "AX30_10000_0405": 84,
     "AX30_10000_0501": 104,
     "AX30_10000_0502": 102,
     "AX30_10000_0503": 108,
     "AX30_10000_0504": 101,
     "AX30_10000_0505": 83,
     "AX31_10000_0101": 66,
     "AX31_10000_0102": 3,
     "AX31_10000_0201": 96,
     "AX31_10000_0202": 39,
     "AX31_10000_0301": 41,
     "AX31_10000_0302": 65,
     "AX31_10000_0303": 4,
     "AX31_10000_0401": 19,
     "AX31_10000_0402": 9,
     "AX31_10000_0403": 3,
     "AX31_10000_0501": 2,
     "AX31_10000_0505": 6,
     "AY28_10000_0103": 43,
     "AY28_10000_0104": 87,
     "AY28_10000_0105": 89,
     "AY28_10000_0204": 39,
     "AY28_10000_0205": 102,
     "AY28_10000_0305": 37,
     "AY29_10000_0101": 100,
     "AY29_10000_0102": 108,
     "AY29_10000_0103": 113,
     "AY29_10000_0104": 109,
     "AY29_10000_0105": 94,
     "AY29_10000_0201": 76,
     "AY29_10000_0202": 76,
     "AY29_10000_0203": 74,
     "AY29_10000_0204": 99,
     "AY29_10000_0205": 91,
     "AY29_10000_0301": 86,
     "AY29_10000_0302": 58,
     "AY29_10000_0303": 71,
     "AY29_10000_0304": 87,
     "AY29_10000_0305": 61,
     "AY29_10000_0401": 46,
     "AY29_10000_0402": 74,
     "AY29_10000_0403": 31,
     "AY29_10000_0404": 10,
     "AY29_10000_0405": 61,
     "AY29_10000_0501": 4,
     "AY29_10000_0502": 61,
     "AY29_10000_0503": 77,
     "AY29_10000_0504": 60,
     "AY29_10000_0505": 5,
     "AY30_10000_0101": 102,
     "AY30_10000_0102": 109,
     "AY30_10000_0103": 93,
     "AY30_10000_0104": 106,
     "AY30_10000_0105": 107,
     "AY30_10000_0201": 104,
     "AY30_10000_0202": 82,
     "AY30_10000_0203": 92,
     "AY30_10000_0204": 114,
     "AY30_10000_0205": 87,
     "AY30_10000_0301": 37,
     "AY30_10000_0302": 83,
     "AY30_10000_0303": 88,
     "AY30_10000_0304": 73,
     "AY30_10000_0305": 93,
     "AY30_10000_0401": 46,
     "AY30_10000_0402": 23,
     "AY30_10000_0403": 63,
     "AY30_10000_0404": 66,
     "AY30_10000_0405": 98,
     "AY30_10000_0501": 25,
     "AY30_10000_0502": 41,
     "AY30_10000_0503": 59,
     "AY30_10000_0504": 47,
     "AY30_10000_0505": 60,
     "AY31_10000_0101": 41,
     "AY31_10000_0105": 1,
     "AY31_10000_0201": 88,
     "AY31_10000_0202": 88,
     "AY31_10000_0203": 25,
     "AY31_10000_0301": 100,
     "AY31_10000_0302": 95,
     "AY31_10000_0303": 64,
     "AY31_10000_0304": 11,
     "AY31_10000_0401": 98,
     "AY31_10000_0402": 96,
     "AY31_10000_0403": 102,
     "AY31_10000_0404": 71,
     "AY31_10000_0405": 4,
     "AY31_10000_0501": 64,
     "AY31_10000_0502": 83,
     "AY31_10000_0503": 107,
     "AY31_10000_0504": 115,
     "AY31_10000_0505": 79,
     "AY32_10000_0101": 1,
     "AY32_10000_0501": 41,
     "AY32_10000_0502": 13,
     "AY33_10000_0401": 8,
     "AY33_10000_0402": 39,
     "AY33_10000_0403": 9,
     "AY33_10000_0502": 10,
     "AY34_10000_0202": 20,
     "AY34_10000_0203": 22,
     "AY34_10000_0301": 2,
     "AY34_10000_0302": 37,
     "AY34_10000_0303": 76,
     "AY34_10000_0304": 4,
     "AY34_10000_0401": 3,
     "AY34_10000_0402": 43,
     "AY34_10000_0403": 89,
     "AY34_10000_0404": 88,
     "AY34_10000_0405": 8,
     "AY34_10000_0502": 20,
     "AY34_10000_0503": 60,
     "AY34_10000_0504": 79,
     "AY34_10000_0505": 16,
     "AZ29_10000_0102": 35,
     "AZ29_10000_0103": 82,
     "AZ29_10000_0104": 100,
     "AZ29_10000_0105": 36,
     "AZ29_10000_0202": 6,
     "AZ29_10000_0203": 34,
     "AZ29_10000_0204": 26,
     "AZ29_10000_0205": 8,
     "AZ29_10000_0305": 39,
     "AZ29_10000_0405": 12,
     "AZ30_10000_0102": 52,
     "AZ30_10000_0103": 55,
     "AZ30_10000_0104": 54,
     "AZ30_10000_0105": 75,
     "AZ30_10000_0201": 3,
     "AZ30_10000_0202": 21,
     "AZ30_10000_0203": 32,
     "AZ30_10000_0204": 25,
     "AZ30_10000_0205": 68,
     "AZ30_10000_0301": 68,
     "AZ30_10000_0302": 12,
     "AZ30_10000_0304": 6,
     "AZ30_10000_0305": 87,
     "AZ30_10000_0401": 66,
     "AZ30_10000_0402": 68,
     "AZ30_10000_0403": 11,
     "AZ30_10000_0405": 60,
     "AZ30_10000_0501": 16,
     "AZ30_10000_0502": 80,
     "AZ30_10000_0503": 75,
     "AZ30_10000_0504": 2,
     "AZ30_10000_0505": 58,
     "AZ31_10000_0101": 88,
     "AZ31_10000_0102": 106,
     "AZ31_10000_0103": 88,
     "AZ31_10000_0104": 84,
     "AZ31_10000_0105": 90,
     "AZ31_10000_0201": 72,
     "AZ31_10000_0202": 91,
     "AZ31_10000_0203": 95,
     "AZ31_10000_0204": 88,
     "AZ31_10000_0205": 71,
     "AZ31_10000_0301": 111,
     "AZ31_10000_0302": 106,
     "AZ31_10000_0303": 88,
     "AZ31_10000_0304": 94,
     "AZ31_10000_0305": 21,
     "AZ31_10000_0401": 111,
     "AZ31_10000_0402": 107,
     "AZ31_10000_0403": 96,
     "AZ31_10000_0404": 84,
     "AZ31_10000_0405": 28,
     "AZ31_10000_0501": 88,
     "AZ31_10000_0502": 108,
     "AZ31_10000_0503": 105,
     "AZ31_10000_0504": 78,
     "AZ31_10000_0505": 20,
     "AZ32_10000_0101": 50,
     "AZ32_10000_0102": 5,
     "AZ32_10000_0201": 33,
     "AZ32_10000_0202": 20,
     "AZ32_10000_0203": 16,
     "AZ32_10000_0301": 12,
     "AZ32_10000_0302": 4,
     "AZ32_10000_0303": 12,
     "AZ32_10000_0501": 8,
     "AZ32_10000_0502": 8,
     "AZ34_10000_0104": 26,
     "AZ34_10000_0105": 60,
     "AZ34_10000_0302": 7,
     "AZ34_10000_0303": 2,
     "AZ34_10000_0401": 5,
     "AZ34_10000_0402": 83,
     "AZ34_10000_0403": 75,
     "AZ34_10000_0404": 38,
     "AZ34_10000_0405": 7,
     "AZ34_10000_0502": 23,
     "AZ34_10000_0503": 60,
     "AZ34_10000_0504": 103,
     "AZ34_10000_0505": 51,
     "AZ35_10000_0101": 6,
     "AZ35_10000_0305": 1,
     "AZ35_10000_0501": 1,
     "AZ35_10000_0504": 2,
     "AZ35_10000_0505": 2,
     "BA30_10000_0102": 24,
     "BA30_10000_0103": 70,
     "BA30_10000_0104": 63,
     "BA30_10000_0105": 87,
     "BA30_10000_0203": 38,
     "BA30_10000_0204": 70,
     "BA30_10000_0205": 105,
     "BA30_10000_0304": 43,
     "BA30_10000_0305": 87,
     "BA30_10000_0404": 3,
     "BA30_10000_0405": 89,
     "BA30_10000_0505": 54,
     "BA31_10000_0101": 102,
     "BA31_10000_0102": 104,
     "BA31_10000_0103": 95,
     "BA31_10000_0104": 90,
     "BA31_10000_0105": 67,
     "BA31_10000_0201": 103,
     "BA31_10000_0202": 97,
     "BA31_10000_0203": 100,
     "BA31_10000_0204": 87,
     "BA31_10000_0205": 85,
     "BA31_10000_0301": 88,
     "BA31_10000_0302": 92,
     "BA31_10000_0303": 85,
     "BA31_10000_0304": 41,
     "BA31_10000_0305": 77,
     "BA31_10000_0401": 92,
     "BA31_10000_0402": 96,
     "BA31_10000_0403": 93,
     "BA31_10000_0404": 11,
     "BA31_10000_0405": 40,
     "BA31_10000_0501": 91,
     "BA31_10000_0502": 87,
     "BA31_10000_0503": 91,
     "BA31_10000_0504": 70,
     "BA31_10000_0505": 60,
     "BA32_10000_0101": 11,
     "BA32_10000_0102": 1,
     "BA32_10000_0201": 17,
     "BA32_10000_0204": 2,
     "BA32_10000_0301": 34,
     "BA32_10000_0302": 15,
     "BA32_10000_0303": 37,
     "BA32_10000_0304": 22,
     "BA32_10000_0305": 15,
     "BA32_10000_0401": 40,
     "BA32_10000_0402": 30,
     "BA32_10000_0403": 15,
     "BA32_10000_0501": 68,
     "BA32_10000_0502": 66,
     "BA32_10000_0503": 45,
     "BA32_10000_0504": 54,
     "BA32_10000_0505": 56,
     "BA33_10000_0301": 20,
     "BA33_10000_0302": 47,
     "BA33_10000_0303": 48,
     "BA33_10000_0304": 8,
     "BA33_10000_0401": 12,
     "BA33_10000_0402": 31,
     "BA33_10000_0403": 27,
     "BA33_10000_0404": 12,
     "BA33_10000_0501": 74,
     "BA33_10000_0502": 8,
     "BA33_10000_0503": 6,
     "BA33_10000_0504": 11,
     "BA34_10000_0103": 4,
     "BA34_10000_0104": 89,
     "BA34_10000_0105": 88,
     "BA34_10000_0203": 20,
     "BA34_10000_0204": 92,
     "BA34_10000_0205": 96,
     "BA34_10000_0303": 1,
     "BA34_10000_0304": 18,
     "BA34_10000_0305": 104,
     "BA34_10000_0403": 17,
     "BA34_10000_0404": 84,
     "BA34_10000_0405": 93,
     "BA34_10000_0503": 25,
     "BA34_10000_0504": 90,
     "BA34_10000_0505": 112,
     "BA35_10000_0101": 32,
     "BA35_10000_0105": 20,
     "BA35_10000_0201": 58,
     "BA35_10000_0202": 14,
     "BA35_10000_0203": 9,
     "BA35_10000_0204": 37,
     "BA35_10000_0205": 27,
     "BA35_10000_0301": 107,
     "BA35_10000_0302": 71,
     "BA35_10000_0303": 93,
     "BA35_10000_0304": 81,
     "BA35_10000_0305": 17,
     "BA35_10000_0401": 110,
     "BA35_10000_0402": 112,
     "BA35_10000_0403": 56,
     "BA35_10000_0404": 30,
     "BA35_10000_0405": 30,
     "BA35_10000_0501": 106,
     "BA35_10000_0502": 90,
     "BA35_10000_0503": 69,
     "BA35_10000_0504": 102,
     "BA35_10000_0505": 107,
     "BA36_10000_0101": 6,
     "BA36_10000_0103": 3,
     "BA36_10000_0501": 8,
     "BB30_10000_0105": 24,
     "BB30_10000_0205": 13,
     "BB31_10000_0101": 92,
     "BB31_10000_0102": 100,
     "BB31_10000_0103": 55,
     "BB31_10000_0104": 6,
     "BB31_10000_0105": 4,
     "BB31_10000_0201": 47,
     "BB31_10000_0202": 41,
     "BB31_10000_0203": 30,
     "BB31_10000_0204": 11,
     "BB31_10000_0302": 64,
     "BB31_10000_0303": 97,
     "BB31_10000_0304": 19,
     "BB31_10000_0305": 6,
     "BB31_10000_0402": 4,
     "BB31_10000_0403": 75,
     "BB31_10000_0404": 50,
     "BB31_10000_0405": 44,
     "BB31_10000_0503": 33,
     "BB31_10000_0504": 64,
     "BB31_10000_0505": 85,
     "BB32_10000_0101": 59,
     "BB32_10000_0102": 55,
     "BB32_10000_0103": 78,
     "BB32_10000_0104": 101,
     "BB32_10000_0105": 105,
     "BB32_10000_0201": 7,
     "BB32_10000_0202": 30,
     "BB32_10000_0203": 36,
     "BB32_10000_0204": 93,
     "BB32_10000_0205": 98,
     "BB32_10000_0301": 46,
     "BB32_10000_0302": 85,
     "BB32_10000_0303": 69,
     "BB32_10000_0304": 101,
     "BB32_10000_0305": 82,
     "BB32_10000_0401": 91,
     "BB32_10000_0402": 83,
     "BB32_10000_0403": 94,
     "BB32_10000_0404": 97,
     "BB32_10000_0405": 93,
     "BB32_10000_0501": 82,
     "BB32_10000_0502": 109,
     "BB32_10000_0503": 83,
     "BB32_10000_0504": 102,
     "BB32_10000_0505": 83,
     "BB33_10000_0101": 102,
     "BB33_10000_0102": 65,
     "BB33_10000_0103": 83,
     "BB33_10000_0104": 83,
     "BB33_10000_0105": 29,
     "BB33_10000_0201": 94,
     "BB33_10000_0202": 113,
     "BB33_10000_0203": 101,
     "BB33_10000_0204": 92,
     "BB33_10000_0205": 87,
     "BB33_10000_0301": 100,
     "BB33_10000_0302": 103,
     "BB33_10000_0303": 111,
     "BB33_10000_0304": 85,
     "BB33_10000_0305": 88,
     "BB33_10000_0401": 93,
     "BB33_10000_0402": 109,
     "BB33_10000_0403": 99,
     "BB33_10000_0404": 106,
     "BB33_10000_0405": 87,
     "BB33_10000_0501": 116,
     "BB33_10000_0502": 100,
     "BB33_10000_0503": 102,
     "BB33_10000_0504": 106,
     "BB33_10000_0505": 96,
     "BB34_10000_0104": 35,
     "BB34_10000_0105": 106,
     "BB34_10000_0201": 6,
     "BB34_10000_0204": 1,
     "BB34_10000_0205": 83,
     "BB34_10000_0301": 13,
     "BB34_10000_0305": 73,
     "BB34_10000_0401": 28,
     "BB34_10000_0404": 1,
     "BB34_10000_0405": 62,
     "BB34_10000_0501": 66,
     "BB34_10000_0502": 43,
     "BB34_10000_0503": 33,
     "BB34_10000_0504": 61,
     "BB34_10000_0505": 75,
     "BB35_10000_0101": 98,
     "BB35_10000_0102": 105,
     "BB35_10000_0103": 109,
     "BB35_10000_0104": 103,
     "BB35_10000_0105": 95,
     "BB35_10000_0201": 95,
     "BB35_10000_0202": 94,
     "BB35_10000_0203": 104,
     "BB35_10000_0204": 98,
     "BB35_10000_0205": 99,
     "BB35_10000_0301": 108,
     "BB35_10000_0302": 137,
     "BB35_10000_0303": 104,
     "BB35_10000_0304": 101,
     "BB35_10000_0305": 101,
     "BB35_10000_0401": 105,
     "BB35_10000_0402": 106,
     "BB35_10000_0403": 86,
     "BB35_10000_0404": 89,
     "BB35_10000_0405": 88,
     "BB35_10000_0501": 89,
     "BB35_10000_0502": 85,
     "BB35_10000_0503": 95,
     "BB35_10000_0504": 104,
     "BB35_10000_0505": 90,
     "BB36_10000_0101": 36,
     "BB36_10000_0201": 37,
     "BB36_10000_0202": 1,
     "BB36_10000_0203": 1,
     "BB36_10000_0301": 88,
     "BB36_10000_0302": 2,
     "BB36_10000_0401": 65,
     "BB36_10000_0501": 64,
     "BC31_10000_0103": 2,
     "BC31_10000_0104": 51,
     "BC31_10000_0105": 90,
     "BC31_10000_0204": 15,
     "BC31_10000_0205": 79,
     "BC31_10000_0304": 6,
     "BC31_10000_0305": 80,
     "BC31_10000_0405": 46,
     "BC31_10000_0505": 1,
     "BC32_10000_0101": 91,
     "BC32_10000_0102": 89,
     "BC32_10000_0103": 111,
     "BC32_10000_0104": 98,
     "BC32_10000_0105": 92,
     "BC32_10000_0201": 93,
     "BC32_10000_0202": 87,
     "BC32_10000_0203": 79,
     "BC32_10000_0204": 85,
     "BC32_10000_0205": 82,
     "BC32_10000_0301": 84,
     "BC32_10000_0302": 93,
     "BC32_10000_0303": 98,
     "BC32_10000_0304": 101,
     "BC32_10000_0305": 90,
     "BC32_10000_0401": 97,
     "BC32_10000_0402": 99,
     "BC32_10000_0403": 92,
     "BC32_10000_0404": 100,
     "BC32_10000_0405": 69,
     "BC32_10000_0501": 86,
     "BC32_10000_0502": 93,
     "BC32_10000_0503": 93,
     "BC32_10000_0504": 107,
     "BC32_10000_0505": 82,
     "BC33_10000_0101": 96,
     "BC33_10000_0102": 106,
     "BC33_10000_0103": 95,
     "BC33_10000_0104": 91,
     "BC33_10000_0105": 106,
     "BC33_10000_0201": 109,
     "BC33_10000_0202": 89,
     "BC33_10000_0203": 91,
     "BC33_10000_0204": 89,
     "BC33_10000_0205": 88,
     "BC33_10000_0301": 104,
     "BC33_10000_0302": 87,
     "BC33_10000_0303": 47,
     "BC33_10000_0304": 81,
     "BC33_10000_0305": 111,
     "BC33_10000_0401": 90,
     "BC33_10000_0402": 76,
     "BC33_10000_0403": 92,
     "BC33_10000_0404": 79,
     "BC33_10000_0405": 94,
     "BC33_10000_0501": 97,
     "BC33_10000_0502": 97,
     "BC33_10000_0503": 105,
     "BC33_10000_0504": 89,
     "BC33_10000_0505": 81,
     "BC34_10000_0101": 85,
     "BC34_10000_0102": 74,
     "BC34_10000_0103": 77,
     "BC34_10000_0104": 71,
     "BC34_10000_0105": 49,
     "BC34_10000_0201": 104,
     "BC34_10000_0202": 76,
     "BC34_10000_0203": 65,
     "BC34_10000_0204": 84,
     "BC34_10000_0205": 57,
     "BC34_10000_0301": 106,
     "BC34_10000_0302": 92,
     "BC34_10000_0303": 66,
     "BC34_10000_0304": 100,
     "BC34_10000_0305": 82,
     "BC34_10000_0401": 85,
     "BC34_10000_0402": 95,
     "BC34_10000_0403": 71,
     "BC34_10000_0404": 66,
     "BC34_10000_0405": 63,
     "BC34_10000_0501": 90,
     "BC34_10000_0502": 94,
     "BC34_10000_0503": 87,
     "BC34_10000_0504": 74,
     "BC34_10000_0505": 44,
     "BC35_10000_0101": 76,
     "BC35_10000_0102": 75,
     "BC35_10000_0103": 100,
     "BC35_10000_0104": 101,
     "BC35_10000_0105": 94,
     "BC35_10000_0201": 61,
     "BC35_10000_0202": 106,
     "BC35_10000_0203": 99,
     "BC35_10000_0204": 106,
     "BC35_10000_0205": 86,
     "BC35_10000_0301": 46,
     "BC35_10000_0302": 56,
     "BC35_10000_0303": 95,
     "BC35_10000_0304": 96,
     "BC35_10000_0305": 78,
     "BC35_10000_0401": 61,
     "BC35_10000_0402": 67,
     "BC35_10000_0403": 78,
     "BC35_10000_0404": 91,
     "BC35_10000_0405": 89,
     "BC35_10000_0501": 63,
     "BC35_10000_0502": 69,
     "BC35_10000_0503": 83,
     "BC35_10000_0504": 98,
     "BC35_10000_0505": 101,
     "BC36_10000_0101": 88,
     "BC36_10000_0102": 17,
     "BC36_10000_0201": 84,
     "BC36_10000_0202": 72,
     "BC36_10000_0301": 90,
     "BC36_10000_0302": 68,
     "BC36_10000_0303": 1,
     "BC36_10000_0401": 89,
     "BC36_10000_0402": 60,
     "BC36_10000_0403": 15,
     "BC36_10000_0404": 2,
     "BC36_10000_0501": 79,
     "BC36_10000_0502": 68,
     "BC36_10000_0503": 14,
     "BC36_10000_0504": 29,
     "BC36_10000_0505": 2,
     "BC37_10000_0103": 28,
     "BC37_10000_0203": 5,
     "BC40_10000_0505": 2,
     "BD31_10000_0405": 4,
     "BD31_10000_0505": 14,
     "BD32_10000_0101": 80,
     "BD32_10000_0102": 101,
     "BD32_10000_0103": 95,
     "BD32_10000_0104": 105,
     "BD32_10000_0105": 100,
     "BD32_10000_0201": 26,
     "BD32_10000_0202": 99,
     "BD32_10000_0203": 100,
     "BD32_10000_0204": 105,
     "BD32_10000_0205": 103,
     "BD32_10000_0301": 3,
     "BD32_10000_0302": 78,
     "BD32_10000_0303": 66,
     "BD32_10000_0304": 70,
     "BD32_10000_0305": 95,
     "BD32_10000_0401": 21,
     "BD32_10000_0402": 74,
     "BD32_10000_0403": 60,
     "BD32_10000_0404": 87,
     "BD32_10000_0405": 119,
     "BD32_10000_0501": 61,
     "BD32_10000_0502": 92,
     "BD32_10000_0503": 95,
     "BD32_10000_0504": 66,
     "BD32_10000_0505": 112,
     "BD33_10000_0101": 100,
     "BD33_10000_0102": 98,
     "BD33_10000_0103": 97,
     "BD33_10000_0104": 67,
     "BD33_10000_0105": 71,
     "BD33_10000_0201": 90,
     "BD33_10000_0202": 110,
     "BD33_10000_0203": 91,
     "BD33_10000_0204": 99,
     "BD33_10000_0205": 80,
     "BD33_10000_0301": 102,
     "BD33_10000_0302": 99,
     "BD33_10000_0303": 93,
     "BD33_10000_0304": 73,
     "BD33_10000_0305": 81,
     "BD33_10000_0401": 89,
     "BD33_10000_0402": 100,
     "BD33_10000_0403": 93,
     "BD33_10000_0404": 87,
     "BD33_10000_0405": 80,
     "BD33_10000_0501": 101,
     "BD33_10000_0502": 105,
     "BD33_10000_0503": 78,
     "BD33_10000_0504": 71,
     "BD33_10000_0505": 55,
     "BD34_10000_0101": 60,
     "BD34_10000_0102": 64,
     "BD34_10000_0103": 85,
     "BD34_10000_0104": 74,
     "BD34_10000_0105": 67,
     "BD34_10000_0201": 75,
     "BD34_10000_0202": 55,
     "BD34_10000_0203": 75,
     "BD34_10000_0204": 100,
     "BD34_10000_0205": 85,
     "BD34_10000_0301": 67,
     "BD34_10000_0302": 61,
     "BD34_10000_0303": 73,
     "BD34_10000_0304": 101,
     "BD34_10000_0305": 101,
     "BD34_10000_0401": 96,
     "BD34_10000_0402": 66,
     "BD34_10000_0403": 78,
     "BD34_10000_0404": 90,
     "BD34_10000_0405": 97,
     "BD34_10000_0501": 95,
     "BD34_10000_0502": 76,
     "BD34_10000_0503": 79,
     "BD34_10000_0504": 96,
     "BD34_10000_0505": 127,
     "BD35_10000_0101": 57,
     "BD35_10000_0102": 71,
     "BD35_10000_0103": 54,
     "BD35_10000_0104": 90,
     "BD35_10000_0105": 66,
     "BD35_10000_0201": 84,
     "BD35_10000_0202": 72,
     "BD35_10000_0203": 53,
     "BD35_10000_0204": 93,
     "BD35_10000_0205": 77,
     "BD35_10000_0301": 113,
     "BD35_10000_0302": 103,
     "BD35_10000_0303": 76,
     "BD35_10000_0304": 57,
     "BD35_10000_0305": 78,
     "BD35_10000_0401": 98,
     "BD35_10000_0402": 90,
     "BD35_10000_0403": 75,
     "BD35_10000_0404": 71,
     "BD35_10000_0405": 75,
     "BD35_10000_0501": 95,
     "BD35_10000_0502": 109,
     "BD35_10000_0503": 81,
     "BD35_10000_0504": 72,
     "BD35_10000_0505": 98,
     "BD36_10000_0101": 66,
     "BD36_10000_0102": 71,
     "BD36_10000_0103": 11,
     "BD36_10000_0104": 31,
     "BD36_10000_0105": 26,
     "BD36_10000_0201": 76,
     "BD36_10000_0202": 84,
     "BD36_10000_0203": 76,
     "BD36_10000_0204": 46,
     "BD36_10000_0205": 45,
     "BD36_10000_0301": 99,
     "BD36_10000_0302": 69,
     "BD36_10000_0303": 80,
     "BD36_10000_0304": 109,
     "BD36_10000_0305": 104,
     "BD36_10000_0401": 73,
     "BD36_10000_0402": 85,
     "BD36_10000_0403": 91,
     "BD36_10000_0404": 74,
     "BD36_10000_0405": 76,
     "BD36_10000_0501": 82,
     "BD36_10000_0502": 81,
     "BD36_10000_0503": 84,
     "BD36_10000_0504": 69,
     "BD36_10000_0505": 85,
     "BD37_10000_0101": 4,
     "BD37_10000_0201": 26,
     "BD37_10000_0202": 37,
     "BD37_10000_0203": 8,
     "BD37_10000_0301": 74,
     "BD37_10000_0302": 61,
     "BD37_10000_0303": 77,
     "BD37_10000_0304": 48,
     "BD37_10000_0305": 27,
     "BD37_10000_0401": 89,
     "BD37_10000_0402": 84,
     "BD37_10000_0403": 81,
     "BD37_10000_0404": 67,
     "BD37_10000_0405": 86,
     "BD37_10000_0501": 86,
     "BD37_10000_0502": 86,
     "BD37_10000_0503": 91,
     "BD37_10000_0504": 69,
     "BD37_10000_0505": 78,
     "BD38_10000_0101": 5,
     "BD38_10000_0201": 10,
     "BD38_10000_0301": 1,
     "BD38_10000_0302": 1,
     "BD38_10000_0401": 83,
     "BD38_10000_0402": 48,
     "BD38_10000_0403": 26,
     "BD38_10000_0501": 61,
     "BD38_10000_0502": 77,
     "BD38_10000_0503": 82,
     "BD38_10000_0504": 64,
     "BD38_10000_0505": 26,
     "BD39_10000_0501": 5,
     "BD40_10000_0501": 1,
     "BD42_10000_0305": 22,
     "BD42_10000_0404": 37,
     "BD42_10000_0405": 88,
     "BD42_10000_0502": 6,
     "BD42_10000_0503": 38,
     "BD42_10000_0504": 94,
     "BD42_10000_0505": 103,
     "BD43_10000_0105": 14,
     "BD43_10000_0203": 8,
     "BD43_10000_0204": 27,
     "BD43_10000_0205": 88,
     "BD43_10000_0301": 38,
     "BD43_10000_0302": 61,
     "BD43_10000_0303": 76,
     "BD43_10000_0304": 93,
     "BD43_10000_0305": 102,
     "BD43_10000_0401": 97,
     "BD43_10000_0402": 109,
     "BD43_10000_0403": 100,
     "BD43_10000_0404": 100,
     "BD43_10000_0405": 108,
     "BD43_10000_0501": 95,
     "BD43_10000_0502": 104,
     "BD43_10000_0503": 97,
     "BD43_10000_0504": 99,
     "BD43_10000_0505": 86,
     "BD44_10000_0101": 22,
     "BD44_10000_0102": 14,
     "BD44_10000_0103": 13,
     "BD44_10000_0104": 21,
     "BD44_10000_0105": 3,
     "BD44_10000_0201": 104,
     "BD44_10000_0202": 95,
     "BD44_10000_0203": 98,
     "BD44_10000_0204": 92,
     "BD44_10000_0205": 75,
     "BD44_10000_0301": 88,
     "BD44_10000_0302": 91,
     "BD44_10000_0303": 105,
     "BD44_10000_0304": 93,
     "BD44_10000_0305": 102,
     "BD44_10000_0401": 98,
     "BD44_10000_0402": 108,
     "BD44_10000_0403": 97,
     "BD44_10000_0404": 117,
     "BD44_10000_0405": 80,
     "BD44_10000_0501": 110,
     "BD44_10000_0502": 93,
     "BD44_10000_0503": 117,
     "BD44_10000_0504": 106,
     "BD44_10000_0505": 82,
     "BD45_10000_0201": 24,
     "BD45_10000_0301": 112,
     "BD45_10000_0302": 68,
     "BD45_10000_0303": 56,
     "BD45_10000_0304": 22,
     "BD45_10000_0401": 97,
     "BD45_10000_0402": 89,
     "BD45_10000_0403": 98,
     "BD45_10000_0404": 109,
     "BD45_10000_0405": 20,
     "BD45_10000_0501": 91,
     "BD45_10000_0502": 96,
     "BD45_10000_0503": 93,
     "BD45_10000_0504": 27,
     "BE31_10000_0105": 1,
     "BE31_10000_0404": 40,
     "BE31_10000_0405": 83,
     "BE31_10000_0504": 28,
     "BE31_10000_0505": 89,
     "BE32_10000_0101": 70,
     "BE32_10000_0102": 56,
     "BE32_10000_0103": 103,
     "BE32_10000_0104": 81,
     "BE32_10000_0105": 98,
     "BE32_10000_0201": 47,
     "BE32_10000_0202": 59,
     "BE32_10000_0203": 81,
     "BE32_10000_0204": 101,
     "BE32_10000_0205": 85,
     "BE32_10000_0301": 32,
     "BE32_10000_0302": 14,
     "BE32_10000_0303": 74,
     "BE32_10000_0304": 86,
     "BE32_10000_0305": 74,
     "BE32_10000_0401": 47,
     "BE32_10000_0402": 62,
     "BE32_10000_0403": 80,
     "BE32_10000_0404": 91,
     "BE32_10000_0405": 98,
     "BE32_10000_0501": 92,
     "BE32_10000_0502": 87,
     "BE32_10000_0503": 97,
     "BE32_10000_0504": 78,
     "BE32_10000_0505": 82,
     "BE33_10000_0101": 78,
     "BE33_10000_0102": 79,
     "BE33_10000_0103": 96,
     "BE33_10000_0104": 85,
     "BE33_10000_0105": 81,
     "BE33_10000_0201": 63,
     "BE33_10000_0202": 71,
     "BE33_10000_0203": 90,
     "BE33_10000_0204": 92,
     "BE33_10000_0205": 91,
     "BE33_10000_0301": 82,
     "BE33_10000_0302": 83,
     "BE33_10000_0303": 99,
     "BE33_10000_0304": 111,
     "BE33_10000_0305": 88,
     "BE33_10000_0401": 102,
     "BE33_10000_0402": 85,
     "BE33_10000_0403": 109,
     "BE33_10000_0404": 101,
     "BE33_10000_0405": 103,
     "BE33_10000_0501": 91,
     "BE33_10000_0502": 98,
     "BE33_10000_0503": 81,
     "BE33_10000_0504": 83,
     "BE33_10000_0505": 85,
     "BE34_10000_0101": 74,
     "BE34_10000_0102": 58,
     "BE34_10000_0103": 73,
     "BE34_10000_0104": 74,
     "BE34_10000_0105": 107,
     "BE34_10000_0201": 72,
     "BE34_10000_0202": 75,
     "BE34_10000_0203": 84,
     "BE34_10000_0204": 92,
     "BE34_10000_0205": 73,
     "BE34_10000_0301": 92,
     "BE34_10000_0302": 93,
     "BE34_10000_0303": 98,
     "BE34_10000_0304": 99,
     "BE34_10000_0305": 78,
     "BE34_10000_0401": 99,
     "BE34_10000_0402": 95,
     "BE34_10000_0403": 93,
     "BE34_10000_0404": 115,
     "BE34_10000_0405": 96,
     "BE34_10000_0501": 104,
     "BE34_10000_0502": 97,
     "BE34_10000_0503": 89,
     "BE34_10000_0504": 101,
     "BE34_10000_0505": 85,
     "BE35_10000_0101": 90,
     "BE35_10000_0102": 101,
     "BE35_10000_0103": 99,
     "BE35_10000_0104": 86,
     "BE35_10000_0105": 82,
     "BE35_10000_0201": 77,
     "BE35_10000_0202": 99,
     "BE35_10000_0203": 94,
     "BE35_10000_0204": 101,
     "BE35_10000_0205": 80,
     "BE35_10000_0301": 89,
     "BE35_10000_0302": 103,
     "BE35_10000_0303": 94,
     "BE35_10000_0304": 89,
     "BE35_10000_0305": 102,
     "BE35_10000_0401": 96,
     "BE35_10000_0402": 90,
     "BE35_10000_0403": 98,
     "BE35_10000_0404": 89,
     "BE35_10000_0405": 115,
     "BE35_10000_0501": 64,
     "BE35_10000_0502": 91,
     "BE35_10000_0503": 97,
     "BE35_10000_0504": 80,
     "BE35_10000_0505": 82,
     "BE36_10000_0101": 88,
     "BE36_10000_0102": 92,
     "BE36_10000_0103": 92,
     "BE36_10000_0104": 69,
     "BE36_10000_0105": 78,
     "BE36_10000_0201": 73,
     "BE36_10000_0202": 82,
     "BE36_10000_0203": 88,
     "BE36_10000_0204": 82,
     "BE36_10000_0205": 70,
     "BE36_10000_0301": 52,
     "BE36_10000_0302": 51,
     "BE36_10000_0303": 61,
     "BE36_10000_0304": 75,
     "BE36_10000_0305": 59,
     "BE36_10000_0401": 86,
     "BE36_10000_0402": 83,
     "BE36_10000_0403": 72,
     "BE36_10000_0404": 67,
     "BE36_10000_0405": 94,
     "BE36_10000_0501": 91,
     "BE36_10000_0502": 60,
     "BE36_10000_0503": 71,
     "BE36_10000_0504": 70,
     "BE36_10000_0505": 70,
     "BE37_10000_0101": 72,
     "BE37_10000_0102": 80,
     "BE37_10000_0103": 79,
     "BE37_10000_0104": 86,
     "BE37_10000_0105": 97,
     "BE37_10000_0201": 63,
     "BE37_10000_0202": 84,
     "BE37_10000_0203": 88,
     "BE37_10000_0204": 105,
     "BE37_10000_0205": 79,
     "BE37_10000_0301": 65,
     "BE37_10000_0302": 55,
     "BE37_10000_0303": 49,
     "BE37_10000_0304": 105,
     "BE37_10000_0305": 78,
     "BE37_10000_0401": 101,
     "BE37_10000_0402": 73,
     "BE37_10000_0403": 53,
     "BE37_10000_0404": 98,
     "BE37_10000_0405": 71,
     "BE37_10000_0501": 87,
     "BE37_10000_0502": 98,
     "BE37_10000_0503": 89,
     "BE37_10000_0504": 68,
     "BE37_10000_0505": 68,
     "BE38_10000_0101": 58,
     "BE38_10000_0102": 91,
     "BE38_10000_0103": 86,
     "BE38_10000_0104": 100,
     "BE38_10000_0105": 112,
     "BE38_10000_0201": 66,
     "BE38_10000_0202": 74,
     "BE38_10000_0203": 73,
     "BE38_10000_0204": 90,
     "BE38_10000_0205": 104,
     "BE38_10000_0301": 67,
     "BE38_10000_0302": 74,
     "BE38_10000_0303": 91,
     "BE38_10000_0304": 77,
     "BE38_10000_0305": 87,
     "BE38_10000_0401": 70,
     "BE38_10000_0402": 76,
     "BE38_10000_0403": 110,
     "BE38_10000_0404": 93,
     "BE38_10000_0405": 100,
     "BE38_10000_0501": 59,
     "BE38_10000_0502": 89,
     "BE38_10000_0503": 118,
     "BE38_10000_0504": 104,
     "BE38_10000_0505": 79,
     "BE39_10000_0101": 83,
     "BE39_10000_0102": 59,
     "BE39_10000_0103": 34,
     "BE39_10000_0104": 27,
     "BE39_10000_0105": 11,
     "BE39_10000_0201": 86,
     "BE39_10000_0202": 44,
     "BE39_10000_0203": 61,
     "BE39_10000_0204": 84,
     "BE39_10000_0205": 85,
     "BE39_10000_0301": 87,
     "BE39_10000_0302": 76,
     "BE39_10000_0303": 74,
     "BE39_10000_0304": 97,
     "BE39_10000_0305": 93,
     "BE39_10000_0401": 114,
     "BE39_10000_0402": 91,
     "BE39_10000_0403": 112,
     "BE39_10000_0404": 79,
     "BE39_10000_0405": 91,
     "BE39_10000_0501": 87,
     "BE39_10000_0502": 98,
     "BE39_10000_0503": 109,
     "BE39_10000_0504": 102,
     "BE39_10000_0505": 108,
     "BE40_10000_0201": 83,
     "BE40_10000_0202": 37,
     "BE40_10000_0203": 4,
     "BE40_10000_0301": 87,
     "BE40_10000_0302": 78,
     "BE40_10000_0303": 57,
     "BE40_10000_0304": 60,
     "BE40_10000_0305": 67,
     "BE40_10000_0401": 85,
     "BE40_10000_0402": 90,
     "BE40_10000_0403": 92,
     "BE40_10000_0404": 121,
     "BE40_10000_0405": 90,
     "BE40_10000_0501": 90,
     "BE40_10000_0502": 95,
     "BE40_10000_0503": 97,
     "BE40_10000_0504": 98,
     "BE40_10000_0505": 110,
     "BE41_10000_0204": 10,
     "BE41_10000_0205": 35,
     "BE41_10000_0301": 69,
     "BE41_10000_0302": 68,
     "BE41_10000_0303": 81,
     "BE41_10000_0304": 101,
     "BE41_10000_0305": 95,
     "BE41_10000_0401": 87,
     "BE41_10000_0402": 99,
     "BE41_10000_0403": 101,
     "BE41_10000_0404": 103,
     "BE41_10000_0405": 85,
     "BE41_10000_0501": 106,
     "BE41_10000_0502": 113,
     "BE41_10000_0503": 106,
     "BE41_10000_0504": 99,
     "BE41_10000_0505": 105,
     "BE42_10000_0101": 3,
     "BE42_10000_0102": 66,
     "BE42_10000_0103": 80,
     "BE42_10000_0104": 91,
     "BE42_10000_0105": 106,
     "BE42_10000_0201": 76,
     "BE42_10000_0202": 101,
     "BE42_10000_0203": 82,
     "BE42_10000_0204": 101,
     "BE42_10000_0205": 93,
     "BE42_10000_0301": 101,
     "BE42_10000_0302": 110,
     "BE42_10000_0303": 118,
     "BE42_10000_0304": 87,
     "BE42_10000_0305": 114,
     "BE42_10000_0401": 104,
     "BE42_10000_0402": 92,
     "BE42_10000_0403": 88,
     "BE42_10000_0404": 103,
     "BE42_10000_0405": 102,
     "BE42_10000_0501": 90,
     "BE42_10000_0502": 101,
     "BE42_10000_0503": 82,
     "BE42_10000_0504": 99,
     "BE42_10000_0505": 106,
     "BE43_10000_0101": 113,
     "BE43_10000_0102": 105,
     "BE43_10000_0103": 100,
     "BE43_10000_0104": 95,
     "BE43_10000_0105": 118,
     "BE43_10000_0201": 100,
     "BE43_10000_0202": 113,
     "BE43_10000_0203": 92,
     "BE43_10000_0204": 95,
     "BE43_10000_0205": 88,
     "BE43_10000_0301": 109,
     "BE43_10000_0302": 94,
     "BE43_10000_0303": 99,
     "BE43_10000_0304": 107,
     "BE43_10000_0305": 94,
     "BE43_10000_0401": 83,
     "BE43_10000_0402": 102,
     "BE43_10000_0403": 109,
     "BE43_10000_0404": 104,
     "BE43_10000_0405": 100,
     "BE43_10000_0501": 107,
     "BE43_10000_0502": 114,
     "BE43_10000_0503": 106,
     "BE43_10000_0504": 89,
     "BE43_10000_0505": 97,
     "BE44_10000_0101": 111,
     "BE44_10000_0102": 99,
     "BE44_10000_0103": 93,
     "BE44_10000_0104": 102,
     "BE44_10000_0105": 77,
     "BE44_10000_0201": 79,
     "BE44_10000_0202": 93,
     "BE44_10000_0203": 88,
     "BE44_10000_0204": 94,
     "BE44_10000_0205": 109,
     "BE44_10000_0301": 107,
     "BE44_10000_0302": 95,
     "BE44_10000_0303": 113,
     "BE44_10000_0304": 98,
     "BE44_10000_0305": 85,
     "BE44_10000_0401": 101,
     "BE44_10000_0402": 94,
     "BE44_10000_0403": 102,
     "BE44_10000_0404": 79,
     "BE44_10000_0405": 86,
     "BE44_10000_0501": 89,
     "BE44_10000_0502": 88,
     "BE44_10000_0503": 98,
     "BE44_10000_0504": 98,
     "BE44_10000_0505": 94,
     "BE45_10000_0101": 93,
     "BE45_10000_0102": 83,
     "BE45_10000_0103": 24,
     "BE45_10000_0201": 76,
     "BE45_10000_0202": 49,
     "BE45_10000_0301": 86,
     "BE45_10000_0302": 6,
     "BE45_10000_0401": 27,
     "BE45_10000_0501": 30,
     "BF31_10000_0104": 32,
     "BF31_10000_0105": 95,
     "BF31_10000_0203": 3,
     "BF31_10000_0204": 75,
     "BF31_10000_0205": 109,
     "BF31_10000_0303": 60,
     "BF31_10000_0304": 98,
     "BF31_10000_0305": 107,
     "BF31_10000_0403": 58,
     "BF31_10000_0404": 97,
     "BF31_10000_0405": 87,
     "BF31_10000_0503": 72,
     "BF31_10000_0504": 108,
     "BF31_10000_0505": 91,
     "BF32_10000_0101": 101,
     "BF32_10000_0102": 109,
     "BF32_10000_0103": 102,
     "BF32_10000_0104": 117,
     "BF32_10000_0105": 91,
     "BF32_10000_0201": 95,
     "BF32_10000_0202": 104,
     "BF32_10000_0203": 89,
     "BF32_10000_0204": 89,
     "BF32_10000_0205": 100,
     "BF32_10000_0301": 96,
     "BF32_10000_0302": 96,
     "BF32_10000_0303": 105,
     "BF32_10000_0304": 87,
     "BF32_10000_0305": 113,
     "BF32_10000_0401": 101,
     "BF32_10000_0402": 112,
     "BF32_10000_0403": 107,
     "BF32_10000_0404": 92,
     "BF32_10000_0405": 106,
     "BF32_10000_0501": 90,
     "BF32_10000_0502": 103,
     "BF32_10000_0503": 116,
     "BF32_10000_0504": 115,
     "BF32_10000_0505": 112,
     "BF33_10000_0101": 88,
     "BF33_10000_0102": 114,
     "BF33_10000_0103": 97,
     "BF33_10000_0104": 89,
     "BF33_10000_0105": 94,
     "BF33_10000_0201": 106,
     "BF33_10000_0202": 117,
     "BF33_10000_0203": 90,
     "BF33_10000_0204": 99,
     "BF33_10000_0205": 86,
     "BF33_10000_0301": 112,
     "BF33_10000_0302": 108,
     "BF33_10000_0303": 97,
     "BF33_10000_0304": 105,
     "BF33_10000_0305": 104,
     "BF33_10000_0401": 100,
     "BF33_10000_0402": 108,
     "BF33_10000_0403": 109,
     "BF33_10000_0404": 102,
     "BF33_10000_0405": 89,
     "BF33_10000_0501": 102,
     "BF33_10000_0502": 111,
     "BF33_10000_0503": 118,
     "BF33_10000_0504": 115,
     "BF33_10000_0505": 107,
     "BF34_10000_0101": 92,
     "BF34_10000_0102": 90,
     "BF34_10000_0103": 95,
     "BF34_10000_0104": 91,
     "BF34_10000_0105": 82,
     "BF34_10000_0201": 91,
     "BF34_10000_0202": 84,
     "BF34_10000_0203": 110,
     "BF34_10000_0204": 89,
     "BF34_10000_0205": 91,
     "BF34_10000_0301": 81,
     "BF34_10000_0302": 107,
     "BF34_10000_0303": 85,
     "BF34_10000_0304": 83,
     "BF34_10000_0305": 80,
     "BF34_10000_0401": 90,
     "BF34_10000_0402": 111,
     "BF34_10000_0403": 96,
     "BF34_10000_0404": 70,
     "BF34_10000_0405": 84,
     "BF34_10000_0501": 90,
     "BF34_10000_0502": 89,
     "BF34_10000_0503": 103,
     "BF34_10000_0504": 99,
     "BF34_10000_0505": 56,
     "BF35_10000_0101": 103,
     "BF35_10000_0102": 95,
     "BF35_10000_0103": 105,
     "BF35_10000_0104": 95,
     "BF35_10000_0105": 77,
     "BF35_10000_0201": 107,
     "BF35_10000_0202": 103,
     "BF35_10000_0203": 101,
     "BF35_10000_0204": 100,
     "BF35_10000_0205": 97,
     "BF35_10000_0301": 124,
     "BF35_10000_0302": 98,
     "BF35_10000_0303": 97,
     "BF35_10000_0304": 89,
     "BF35_10000_0305": 76,
     "BF35_10000_0401": 68,
     "BF35_10000_0402": 103,
     "BF35_10000_0403": 77,
     "BF35_10000_0404": 88,
     "BF35_10000_0405": 93,
     "BF35_10000_0501": 80,
     "BF35_10000_0502": 81,
     "BF35_10000_0503": 113,
     "BF35_10000_0504": 77,
     "BF35_10000_0505": 92,
     "BF36_10000_0101": 72,
     "BF36_10000_0102": 84,
     "BF36_10000_0103": 64,
     "BF36_10000_0104": 96,
     "BF36_10000_0105": 94,
     "BF36_10000_0201": 86,
     "BF36_10000_0202": 88,
     "BF36_10000_0203": 96,
     "BF36_10000_0204": 86,
     "BF36_10000_0205": 120,
     "BF36_10000_0301": 80,
     "BF36_10000_0302": 90,
     "BF36_10000_0303": 101,
     "BF36_10000_0304": 95,
     "BF36_10000_0305": 87,
     "BF36_10000_0401": 86,
     "BF36_10000_0402": 92,
     "BF36_10000_0403": 88,
     "BF36_10000_0404": 92,
     "BF36_10000_0405": 89,
     "BF36_10000_0501": 107,
     "BF36_10000_0502": 101,
     "BF36_10000_0503": 82,
     "BF36_10000_0504": 76,
     "BF36_10000_0505": 90,
     "BF37_10000_0101": 116,
     "BF37_10000_0102": 86,
     "BF37_10000_0103": 91,
     "BF37_10000_0104": 93,
     "BF37_10000_0105": 66,
     "BF37_10000_0201": 101,
     "BF37_10000_0202": 110,
     "BF37_10000_0203": 86,
     "BF37_10000_0204": 83,
     "BF37_10000_0205": 98,
     "BF37_10000_0301": 99,
     "BF37_10000_0302": 90,
     "BF37_10000_0303": 94,
     "BF37_10000_0304": 88,
     "BF37_10000_0305": 90,
     "BF37_10000_0401": 86,
     "BF37_10000_0402": 92,
     "BF37_10000_0403": 84,
     "BF37_10000_0404": 102,
     "BF37_10000_0405": 66,
     "BF37_10000_0501": 98,
     "BF37_10000_0502": 96,
     "BF37_10000_0503": 90,
     "BF37_10000_0504": 92,
     "BF37_10000_0505": 92,
     "BF38_10000_0101": 81,
     "BF38_10000_0102": 57,
     "BF38_10000_0103": 74,
     "BF38_10000_0104": 116,
     "BF38_10000_0105": 76,
     "BF38_10000_0201": 77,
     "BF38_10000_0202": 91,
     "BF38_10000_0203": 91,
     "BF38_10000_0204": 96,
     "BF38_10000_0205": 116,
     "BF38_10000_0301": 78,
     "BF38_10000_0302": 86,
     "BF38_10000_0303": 67,
     "BF38_10000_0304": 81,
     "BF38_10000_0305": 95,
     "BF38_10000_0401": 72,
     "BF38_10000_0402": 89,
     "BF38_10000_0403": 83,
     "BF38_10000_0404": 84,
     "BF38_10000_0405": 99,
     "BF38_10000_0501": 65,
     "BF38_10000_0502": 77,
     "BF38_10000_0503": 79,
     "BF38_10000_0504": 70,
     "BF38_10000_0505": 88,
     "BF39_10000_0101": 80,
     "BF39_10000_0102": 115,
     "BF39_10000_0103": 111,
     "BF39_10000_0104": 95,
     "BF39_10000_0105": 94,
     "BF39_10000_0201": 104,
     "BF39_10000_0202": 129,
     "BF39_10000_0203": 90,
     "BF39_10000_0204": 97,
     "BF39_10000_0205": 93,
     "BF39_10000_0301": 98,
     "BF39_10000_0302": 77,
     "BF39_10000_0303": 79,
     "BF39_10000_0304": 101,
     "BF39_10000_0305": 104,
     "BF39_10000_0401": 79,
     "BF39_10000_0402": 83,
     "BF39_10000_0403": 100,
     "BF39_10000_0404": 98,
     "BF39_10000_0405": 102,
     "BF39_10000_0501": 89,
     "BF39_10000_0502": 107,
     "BF39_10000_0503": 108,
     "BF39_10000_0504": 93,
     "BF39_10000_0505": 113,
     "BF40_10000_0101": 100,
     "BF40_10000_0102": 91,
     "BF40_10000_0103": 93,
     "BF40_10000_0104": 89,
     "BF40_10000_0105": 95,
     "BF40_10000_0201": 116,
     "BF40_10000_0202": 95,
     "BF40_10000_0203": 101,
     "BF40_10000_0204": 101,
     "BF40_10000_0205": 91,
     "BF40_10000_0301": 107,
     "BF40_10000_0302": 117,
     "BF40_10000_0303": 98,
     "BF40_10000_0304": 114,
     "BF40_10000_0305": 85,
     "BF40_10000_0401": 101,
     "BF40_10000_0402": 92,
     "BF40_10000_0403": 124,
     "BF40_10000_0404": 110,
     "BF40_10000_0405": 99,
     "BF40_10000_0501": 110,
     "BF40_10000_0502": 95,
     "BF40_10000_0503": 115,
     "BF40_10000_0504": 98,
     "BF40_10000_0505": 104,
     "BF41_10000_0101": 88,
     "BF41_10000_0102": 100,
     "BF41_10000_0103": 99,
     "BF41_10000_0104": 94,
     "BF41_10000_0105": 116,
     "BF41_10000_0201": 98,
     "BF41_10000_0202": 100,
     "BF41_10000_0203": 101,
     "BF41_10000_0204": 93,
     "BF41_10000_0205": 99,
     "BF41_10000_0301": 117,
     "BF41_10000_0302": 114,
     "BF41_10000_0303": 111,
     "BF41_10000_0304": 91,
     "BF41_10000_0305": 109,
     "BF41_10000_0401": 110,
     "BF41_10000_0402": 106,
     "BF41_10000_0403": 99,
     "BF41_10000_0404": 106,
     "BF41_10000_0405": 98,
     "BF41_10000_0501": 117,
     "BF41_10000_0502": 112,
     "BF41_10000_0503": 99,
     "BF41_10000_0504": 116,
     "BF41_10000_0505": 93,
     "BF42_10000_0101": 115,
     "BF42_10000_0102": 108,
     "BF42_10000_0103": 88,
     "BF42_10000_0104": 94,
     "BF42_10000_0105": 95,
     "BF42_10000_0201": 114,
     "BF42_10000_0202": 87,
     "BF42_10000_0203": 115,
     "BF42_10000_0204": 113,
     "BF42_10000_0205": 112,
     "BF42_10000_0301": 102,
     "BF42_10000_0302": 108,
     "BF42_10000_0303": 76,
     "BF42_10000_0304": 80,
     "BF42_10000_0305": 109,
     "BF42_10000_0401": 121,
     "BF42_10000_0402": 119,
     "BF42_10000_0403": 105,
     "BF42_10000_0404": 80,
     "BF42_10000_0405": 93,
     "BF42_10000_0501": 90,
     "BF42_10000_0502": 97,
     "BF42_10000_0503": 90,
     "BF42_10000_0504": 98,
     "BF42_10000_0505": 89,
     "BF43_10000_0101": 105,
     "BF43_10000_0102": 115,
     "BF43_10000_0103": 87,
     "BF43_10000_0104": 75,
     "BF43_10000_0105": 93,
     "BF43_10000_0201": 100,
     "BF43_10000_0202": 95,
     "BF43_10000_0203": 91,
     "BF43_10000_0204": 99,
     "BF43_10000_0205": 103,
     "BF43_10000_0301": 93,
     "BF43_10000_0302": 93,
     "BF43_10000_0303": 103,
     "BF43_10000_0304": 129,
     "BF43_10000_0305": 106,
     "BF43_10000_0401": 98,
     "BF43_10000_0402": 91,
     "BF43_10000_0403": 102,
     "BF43_10000_0404": 96,
     "BF43_10000_0405": 100,
     "BF43_10000_0501": 85,
     "BF43_10000_0502": 104,
     "BF43_10000_0503": 108,
     "BF43_10000_0504": 129,
     "BF43_10000_0505": 95,
     "BF44_10000_0101": 92,
     "BF44_10000_0102": 90,
     "BF44_10000_0103": 91,
     "BF44_10000_0104": 101,
     "BF44_10000_0105": 73,
     "BF44_10000_0201": 74,
     "BF44_10000_0202": 101,
     "BF44_10000_0203": 86,
     "BF44_10000_0204": 86,
     "BF44_10000_0205": 60,
     "BF44_10000_0301": 114,
     "BF44_10000_0302": 120,
     "BF44_10000_0303": 105,
     "BF44_10000_0304": 102,
     "BF44_10000_0305": 60,
     "BF44_10000_0401": 104,
     "BF44_10000_0402": 101,
     "BF44_10000_0403": 111,
     "BF44_10000_0404": 85,
     "BF44_10000_0405": 41,
     "BF44_10000_0501": 112,
     "BF44_10000_0502": 99,
     "BF44_10000_0503": 103,
     "BF44_10000_0504": 102,
     "BF44_10000_0505": 37,
     "BF45_10000_0101": 2,
     "BG30_10000_0505": 3,
     "BG31_10000_0102": 5,
     "BG31_10000_0103": 78,
     "BG31_10000_0104": 115,
     "BG31_10000_0105": 95,
     "BG31_10000_0202": 20,
     "BG31_10000_0203": 110,
     "BG31_10000_0204": 96,
     "BG31_10000_0205": 103,
     "BG31_10000_0302": 35,
     "BG31_10000_0303": 98,
     "BG31_10000_0304": 98,
     "BG31_10000_0305": 111,
     "BG31_10000_0402": 74,
     "BG31_10000_0403": 103,
     "BG31_10000_0404": 110,
     "BG31_10000_0405": 107,
     "BG31_10000_0501": 48,
     "BG31_10000_0502": 92,
     "BG31_10000_0503": 118,
     "BG31_10000_0504": 105,
     "BG31_10000_0505": 111,
     "BG32_10000_0101": 89,
     "BG32_10000_0102": 98,
     "BG32_10000_0103": 97,
     "BG32_10000_0104": 121,
     "BG32_10000_0105": 86,
     "BG32_10000_0201": 89,
     "BG32_10000_0202": 99,
     "BG32_10000_0203": 95,
     "BG32_10000_0204": 107,
     "BG32_10000_0205": 97,
     "BG32_10000_0301": 104,
     "BG32_10000_0302": 93,
     "BG32_10000_0303": 124,
     "BG32_10000_0304": 110,
     "BG32_10000_0305": 93,
     "BG32_10000_0401": 105,
     "BG32_10000_0402": 135,
     "BG32_10000_0403": 106,
     "BG32_10000_0404": 118,
     "BG32_10000_0405": 106,
     "BG32_10000_0501": 91,
     "BG32_10000_0502": 110,
     "BG32_10000_0503": 103,
     "BG32_10000_0504": 93,
     "BG32_10000_0505": 121,
     "BG33_10000_0101": 130,
     "BG33_10000_0102": 96,
     "BG33_10000_0103": 117,
     "BG33_10000_0104": 74,
     "BG33_10000_0105": 98,
     "BG33_10000_0201": 100,
     "BG33_10000_0202": 94,
     "BG33_10000_0203": 98,
     "BG33_10000_0204": 103,
     "BG33_10000_0205": 123,
     "BG33_10000_0301": 118,
     "BG33_10000_0302": 116,
     "BG33_10000_0303": 130,
     "BG33_10000_0304": 118,
     "BG33_10000_0305": 95,
     "BG33_10000_0401": 85,
     "BG33_10000_0402": 106,
     "BG33_10000_0403": 103,
     "BG33_10000_0404": 103,
     "BG33_10000_0405": 99,
     "BG33_10000_0501": 94,
     "BG33_10000_0502": 113,
     "BG33_10000_0503": 106,
     "BG33_10000_0504": 93,
     "BG33_10000_0505": 102,
     "BG34_10000_0101": 108,
     "BG34_10000_0102": 76,
     "BG34_10000_0103": 107,
     "BG34_10000_0104": 104,
     "BG34_10000_0105": 97,
     "BG34_10000_0201": 83,
     "BG34_10000_0202": 98,
     "BG34_10000_0203": 102,
     "BG34_10000_0204": 77,
     "BG34_10000_0205": 89,
     "BG34_10000_0301": 94,
     "BG34_10000_0302": 95,
     "BG34_10000_0303": 97,
     "BG34_10000_0304": 101,
     "BG34_10000_0305": 119,
     "BG34_10000_0401": 91,
     "BG34_10000_0402": 106,
     "BG34_10000_0403": 104,
     "BG34_10000_0404": 83,
     "BG34_10000_0405": 78,
     "BG34_10000_0501": 115,
     "BG34_10000_0502": 101,
     "BG34_10000_0503": 102,
     "BG34_10000_0504": 88,
     "BG34_10000_0505": 77,
     "BG35_10000_0101": 102,
     "BG35_10000_0102": 105,
     "BG35_10000_0103": 107,
     "BG35_10000_0104": 95,
     "BG35_10000_0105": 72,
     "BG35_10000_0201": 81,
     "BG35_10000_0202": 100,
     "BG35_10000_0203": 93,
     "BG35_10000_0204": 72,
     "BG35_10000_0205": 77,
     "BG35_10000_0301": 103,
     "BG35_10000_0302": 94,
     "BG35_10000_0303": 43,
     "BG35_10000_0304": 31,
     "BG35_10000_0305": 30,
     "BG35_10000_0401": 75,
     "BG35_10000_0402": 79,
     "BG35_10000_0403": 47,
     "BG35_10000_0404": 16,
     "BG35_10000_0501": 75,
     "BG35_10000_0502": 111,
     "BG35_10000_0503": 76,
     "BG35_10000_0504": 32,
     "BG36_10000_0101": 81,
     "BG36_10000_0102": 94,
     "BG36_10000_0103": 87,
     "BG36_10000_0104": 83,
     "BG36_10000_0105": 67,
     "BG36_10000_0201": 91,
     "BG36_10000_0202": 79,
     "BG36_10000_0203": 72,
     "BG36_10000_0204": 94,
     "BG36_10000_0205": 92,
     "BG36_10000_0301": 54,
     "BG36_10000_0302": 100,
     "BG36_10000_0303": 76,
     "BG36_10000_0304": 72,
     "BG36_10000_0305": 69,
     "BG36_10000_0402": 30,
     "BG36_10000_0403": 19,
     "BG36_10000_0404": 69,
     "BG36_10000_0405": 67,
     "BG36_10000_0501": 24,
     "BG36_10000_0502": 8,
     "BG36_10000_0503": 57,
     "BG36_10000_0504": 76,
     "BG36_10000_0505": 85,
     "BG37_10000_0101": 76,
     "BG37_10000_0102": 90,
     "BG37_10000_0103": 96,
     "BG37_10000_0104": 76,
     "BG37_10000_0105": 79,
     "BG37_10000_0201": 117,
     "BG37_10000_0202": 87,
     "BG37_10000_0203": 76,
     "BG37_10000_0204": 62,
     "BG37_10000_0205": 82,
     "BG37_10000_0301": 86,
     "BG37_10000_0302": 87,
     "BG37_10000_0303": 73,
     "BG37_10000_0304": 88,
     "BG37_10000_0305": 98,
     "BG37_10000_0401": 61,
     "BG37_10000_0402": 85,
     "BG37_10000_0403": 93,
     "BG37_10000_0404": 93,
     "BG37_10000_0405": 82,
     "BG37_10000_0501": 79,
     "BG37_10000_0502": 54,
     "BG37_10000_0503": 106,
     "BG37_10000_0504": 95,
     "BG37_10000_0505": 91,
     "BG38_10000_0101": 76,
     "BG38_10000_0102": 73,
     "BG38_10000_0103": 92,
     "BG38_10000_0104": 87,
     "BG38_10000_0105": 113,
     "BG38_10000_0201": 73,
     "BG38_10000_0202": 79,
     "BG38_10000_0203": 87,
     "BG38_10000_0204": 101,
     "BG38_10000_0205": 99,
     "BG38_10000_0301": 88,
     "BG38_10000_0302": 84,
     "BG38_10000_0303": 91,
     "BG38_10000_0304": 101,
     "BG38_10000_0305": 114,
     "BG38_10000_0401": 79,
     "BG38_10000_0402": 67,
     "BG38_10000_0403": 94,
     "BG38_10000_0404": 113,
     "BG38_10000_0405": 113,
     "BG38_10000_0501": 60,
     "BG38_10000_0502": 92,
     "BG38_10000_0503": 99,
     "BG38_10000_0504": 101,
     "BG38_10000_0505": 111,
     "BG39_10000_0101": 93,
     "BG39_10000_0102": 95,
     "BG39_10000_0103": 109,
     "BG39_10000_0104": 98,
     "BG39_10000_0105": 93,
     "BG39_10000_0201": 121,
     "BG39_10000_0202": 117,
     "BG39_10000_0203": 116,
     "BG39_10000_0204": 97,
     "BG39_10000_0205": 106,
     "BG39_10000_0301": 86,
     "BG39_10000_0302": 90,
     "BG39_10000_0303": 91,
     "BG39_10000_0304": 108,
     "BG39_10000_0305": 90,
     "BG39_10000_0401": 116,
     "BG39_10000_0402": 83,
     "BG39_10000_0403": 128,
     "BG39_10000_0404": 97,
     "BG39_10000_0405": 95,
     "BG39_10000_0501": 103,
     "BG39_10000_0502": 90,
     "BG39_10000_0503": 99,
     "BG39_10000_0504": 104,
     "BG39_10000_0505": 100,
     "BG40_10000_0101": 97,
     "BG40_10000_0102": 114,
     "BG40_10000_0103": 90,
     "BG40_10000_0104": 96,
     "BG40_10000_0105": 106,
     "BG40_10000_0201": 97,
     "BG40_10000_0202": 94,
     "BG40_10000_0203": 100,
     "BG40_10000_0204": 99,
     "BG40_10000_0205": 102,
     "BG40_10000_0301": 107,
     "BG40_10000_0302": 97,
     "BG40_10000_0303": 79,
     "BG40_10000_0304": 100,
     "BG40_10000_0305": 96,
     "BG40_10000_0401": 97,
     "BG40_10000_0402": 75,
     "BG40_10000_0403": 87,
     "BG40_10000_0404": 101,
     "BG40_10000_0405": 89,
     "BG40_10000_0501": 73,
     "BG40_10000_0502": 102,
     "BG40_10000_0503": 93,
     "BG40_10000_0504": 90,
     "BG40_10000_0505": 123,
     "BG41_10000_0101": 115,
     "BG41_10000_0102": 94,
     "BG41_10000_0103": 94,
     "BG41_10000_0104": 96,
     "BG41_10000_0105": 101,
     "BG41_10000_0201": 99,
     "BG41_10000_0202": 103,
     "BG41_10000_0203": 109,
     "BG41_10000_0204": 97,
     "BG41_10000_0205": 107,
     "BG41_10000_0301": 106,
     "BG41_10000_0302": 99,
     "BG41_10000_0303": 111,
     "BG41_10000_0304": 114,
     "BG41_10000_0305": 100,
     "BG41_10000_0401": 107,
     "BG41_10000_0402": 102,
     "BG41_10000_0403": 85,
     "BG41_10000_0404": 101,
     "BG41_10000_0405": 113,
     "BG41_10000_0501": 98,
     "BG41_10000_0502": 110,
     "BG41_10000_0503": 93,
     "BG41_10000_0504": 91,
     "BG41_10000_0505": 97,
     "BG42_10000_0101": 98,
     "BG42_10000_0102": 96,
     "BG42_10000_0103": 109,
     "BG42_10000_0104": 119,
     "BG42_10000_0105": 98,
     "BG42_10000_0201": 114,
     "BG42_10000_0202": 109,
     "BG42_10000_0203": 113,
     "BG42_10000_0204": 90,
     "BG42_10000_0205": 109,
     "BG42_10000_0301": 108,
     "BG42_10000_0302": 99,
     "BG42_10000_0303": 112,
     "BG42_10000_0304": 103,
     "BG42_10000_0305": 91,
     "BG42_10000_0401": 104,
     "BG42_10000_0402": 104,
     "BG42_10000_0403": 95,
     "BG42_10000_0404": 115,
     "BG42_10000_0405": 103,
     "BG42_10000_0501": 74,
     "BG42_10000_0502": 108,
     "BG42_10000_0503": 95,
     "BG42_10000_0504": 102,
     "BG42_10000_0505": 126,
     "BG43_10000_0101": 92,
     "BG43_10000_0102": 91,
     "BG43_10000_0103": 103,
     "BG43_10000_0104": 98,
     "BG43_10000_0105": 119,
     "BG43_10000_0201": 97,
     "BG43_10000_0202": 80,
     "BG43_10000_0203": 81,
     "BG43_10000_0204": 75,
     "BG43_10000_0205": 104,
     "BG43_10000_0301": 89,
     "BG43_10000_0302": 81,
     "BG43_10000_0303": 79,
     "BG43_10000_0304": 108,
     "BG43_10000_0305": 86,
     "BG43_10000_0401": 100,
     "BG43_10000_0402": 72,
     "BG43_10000_0403": 23,
     "BG43_10000_0404": 17,
     "BG43_10000_0405": 28,
     "BG43_10000_0501": 105,
     "BG43_10000_0502": 77,
     "BG43_10000_0503": 4,
     "BG44_10000_0101": 93,
     "BG44_10000_0102": 113,
     "BG44_10000_0103": 94,
     "BG44_10000_0104": 52,
     "BG44_10000_0201": 87,
     "BG44_10000_0202": 101,
     "BG44_10000_0203": 48,
     "BG44_10000_0204": 9,
     "BG44_10000_0301": 73,
     "BG44_10000_0302": 25,
     "BH28_10000_0403": 4,
     "BH28_10000_0404": 35,
     "BH28_10000_0405": 57,
     "BH28_10000_0502": 14,
     "BH28_10000_0503": 57,
     "BH28_10000_0504": 89,
     "BH28_10000_0505": 79,
     "BH29_10000_0203": 2,
     "BH29_10000_0204": 27,
     "BH29_10000_0205": 56,
     "BH29_10000_0301": 16,
     "BH29_10000_0302": 53,
     "BH29_10000_0303": 64,
     "BH29_10000_0304": 79,
     "BH29_10000_0305": 82,
     "BH29_10000_0401": 88,
     "BH29_10000_0402": 75,
     "BH29_10000_0403": 90,
     "BH29_10000_0404": 75,
     "BH29_10000_0405": 80,
     "BH29_10000_0501": 80,
     "BH29_10000_0502": 60,
     "BH29_10000_0503": 70,
     "BH29_10000_0504": 68,
     "BH29_10000_0505": 78,
     "BH30_10000_0104": 6,
     "BH30_10000_0105": 72,
     "BH30_10000_0201": 41,
     "BH30_10000_0202": 49,
     "BH30_10000_0203": 48,
     "BH30_10000_0204": 78,
     "BH30_10000_0205": 117,
     "BH30_10000_0301": 85,
     "BH30_10000_0302": 99,
     "BH30_10000_0303": 107,
     "BH30_10000_0304": 90,
     "BH30_10000_0305": 92,
     "BH30_10000_0401": 112,
     "BH30_10000_0402": 111,
     "BH30_10000_0403": 90,
     "BH30_10000_0404": 99,
     "BH30_10000_0405": 104,
     "BH30_10000_0501": 105,
     "BH30_10000_0502": 97,
     "BH30_10000_0503": 95,
     "BH30_10000_0504": 116,
     "BH30_10000_0505": 96,
     "BH31_10000_0101": 91,
     "BH31_10000_0102": 89,
     "BH31_10000_0103": 112,
     "BH31_10000_0104": 105,
     "BH31_10000_0105": 107,
     "BH31_10000_0201": 111,
     "BH31_10000_0202": 114,
     "BH31_10000_0203": 100,
     "BH31_10000_0204": 120,
     "BH31_10000_0205": 93,
     "BH31_10000_0301": 100,
     "BH31_10000_0302": 105,
     "BH31_10000_0303": 123,
     "BH31_10000_0304": 103,
     "BH31_10000_0305": 97,
     "BH31_10000_0401": 103,
     "BH31_10000_0402": 98,
     "BH31_10000_0403": 104,
     "BH31_10000_0404": 115,
     "BH31_10000_0405": 106,
     "BH31_10000_0501": 93,
     "BH31_10000_0502": 105,
     "BH31_10000_0503": 112,
     "BH31_10000_0504": 99,
     "BH31_10000_0505": 104,
     "BH32_10000_0101": 112,
     "BH32_10000_0102": 111,
     "BH32_10000_0103": 95,
     "BH32_10000_0104": 93,
     "BH32_10000_0105": 90,
     "BH32_10000_0201": 111,
     "BH32_10000_0202": 101,
     "BH32_10000_0203": 102,
     "BH32_10000_0204": 98,
     "BH32_10000_0205": 104,
     "BH32_10000_0301": 109,
     "BH32_10000_0302": 97,
     "BH32_10000_0303": 123,
     "BH32_10000_0304": 101,
     "BH32_10000_0305": 120,
     "BH32_10000_0401": 108,
     "BH32_10000_0402": 103,
     "BH32_10000_0403": 107,
     "BH32_10000_0404": 106,
     "BH32_10000_0405": 110,
     "BH32_10000_0501": 115,
     "BH32_10000_0502": 107,
     "BH32_10000_0503": 87,
     "BH32_10000_0504": 111,
     "BH32_10000_0505": 120,
     "BH33_10000_0101": 112,
     "BH33_10000_0102": 112,
     "BH33_10000_0103": 96,
     "BH33_10000_0104": 102,
     "BH33_10000_0105": 113,
     "BH33_10000_0201": 106,
     "BH33_10000_0202": 101,
     "BH33_10000_0203": 114,
     "BH33_10000_0204": 108,
     "BH33_10000_0205": 94,
     "BH33_10000_0301": 100,
     "BH33_10000_0302": 109,
     "BH33_10000_0303": 113,
     "BH33_10000_0304": 94,
     "BH33_10000_0305": 105,
     "BH33_10000_0401": 92,
     "BH33_10000_0402": 122,
     "BH33_10000_0403": 115,
     "BH33_10000_0404": 112,
     "BH33_10000_0405": 88,
     "BH33_10000_0501": 107,
     "BH33_10000_0502": 95,
     "BH33_10000_0503": 99,
     "BH33_10000_0504": 110,
     "BH33_10000_0505": 103,
     "BH34_10000_0101": 92,
     "BH34_10000_0102": 104,
     "BH34_10000_0103": 91,
     "BH34_10000_0104": 94,
     "BH34_10000_0105": 87,
     "BH34_10000_0201": 94,
     "BH34_10000_0202": 90,
     "BH34_10000_0203": 112,
     "BH34_10000_0204": 96,
     "BH34_10000_0205": 89,
     "BH34_10000_0301": 106,
     "BH34_10000_0302": 69,
     "BH34_10000_0303": 106,
     "BH34_10000_0304": 92,
     "BH34_10000_0305": 74,
     "BH34_10000_0401": 94,
     "BH34_10000_0402": 88,
     "BH34_10000_0403": 85,
     "BH34_10000_0404": 84,
     "BH34_10000_0405": 62,
     "BH34_10000_0501": 82,
     "BH34_10000_0502": 76,
     "BH34_10000_0503": 79,
     "BH34_10000_0504": 84,
     "BH34_10000_0505": 65,
     "BH35_10000_0101": 102,
     "BH35_10000_0102": 77,
     "BH35_10000_0103": 49,
     "BH35_10000_0105": 31,
     "BH35_10000_0201": 82,
     "BH35_10000_0202": 69,
     "BH35_10000_0203": 87,
     "BH35_10000_0204": 67,
     "BH35_10000_0205": 89,
     "BH35_10000_0301": 85,
     "BH35_10000_0302": 82,
     "BH35_10000_0303": 85,
     "BH35_10000_0304": 83,
     "BH35_10000_0305": 107,
     "BH35_10000_0401": 67,
     "BH35_10000_0402": 76,
     "BH35_10000_0403": 74,
     "BH35_10000_0404": 91,
     "BH35_10000_0405": 69,
     "BH35_10000_0501": 68,
     "BH35_10000_0502": 64,
     "BH35_10000_0503": 70,
     "BH35_10000_0504": 97,
     "BH35_10000_0505": 90,
     "BH36_10000_0101": 30,
     "BH36_10000_0102": 62,
     "BH36_10000_0103": 72,
     "BH36_10000_0104": 76,
     "BH36_10000_0105": 90,
     "BH36_10000_0201": 80,
     "BH36_10000_0202": 94,
     "BH36_10000_0203": 94,
     "BH36_10000_0204": 92,
     "BH36_10000_0205": 84,
     "BH36_10000_0301": 68,
     "BH36_10000_0302": 95,
     "BH36_10000_0303": 105,
     "BH36_10000_0304": 100,
     "BH36_10000_0305": 109,
     "BH36_10000_0401": 105,
     "BH36_10000_0402": 98,
     "BH36_10000_0403": 96,
     "BH36_10000_0404": 108,
     "BH36_10000_0405": 91,
     "BH36_10000_0501": 100,
     "BH36_10000_0502": 101,
     "BH36_10000_0503": 92,
     "BH36_10000_0504": 80,
     "BH36_10000_0505": 108,
     "BH37_10000_0101": 82,
     "BH37_10000_0102": 78,
     "BH37_10000_0103": 82,
     "BH37_10000_0104": 84,
     "BH37_10000_0105": 83,
     "BH37_10000_0201": 85,
     "BH37_10000_0202": 118,
     "BH37_10000_0203": 86,
     "BH37_10000_0204": 113,
     "BH37_10000_0205": 83,
     "BH37_10000_0301": 104,
     "BH37_10000_0302": 94,
     "BH37_10000_0303": 102,
     "BH37_10000_0304": 100,
     "BH37_10000_0305": 111,
     "BH37_10000_0401": 96,
     "BH37_10000_0402": 114,
     "BH37_10000_0403": 123,
     "BH37_10000_0404": 98,
     "BH37_10000_0405": 110,
     "BH37_10000_0501": 100,
     "BH37_10000_0502": 95,
     "BH37_10000_0503": 94,
     "BH37_10000_0504": 103,
     "BH37_10000_0505": 101,
     "BH38_10000_0101": 87,
     "BH38_10000_0102": 97,
     "BH38_10000_0103": 104,
     "BH38_10000_0104": 103,
     "BH38_10000_0105": 86,
     "BH38_10000_0201": 120,
     "BH38_10000_0202": 88,
     "BH38_10000_0203": 100,
     "BH38_10000_0204": 120,
     "BH38_10000_0205": 110,
     "BH38_10000_0301": 107,
     "BH38_10000_0302": 109,
     "BH38_10000_0303": 118,
     "BH38_10000_0304": 111,
     "BH38_10000_0305": 91,
     "BH38_10000_0401": 104,
     "BH38_10000_0402": 103,
     "BH38_10000_0403": 107,
     "BH38_10000_0404": 87,
     "BH38_10000_0405": 110,
     "BH38_10000_0501": 90,
     "BH38_10000_0502": 120,
     "BH38_10000_0503": 85,
     "BH38_10000_0504": 120,
     "BH38_10000_0505": 87,
     "BH39_10000_0101": 92,
     "BH39_10000_0102": 109,
     "BH39_10000_0103": 91,
     "BH39_10000_0104": 108,
     "BH39_10000_0105": 89,
     "BH39_10000_0201": 90,
     "BH39_10000_0202": 102,
     "BH39_10000_0203": 92,
     "BH39_10000_0204": 118,
     "BH39_10000_0205": 84,
     "BH39_10000_0301": 103,
     "BH39_10000_0302": 99,
     "BH39_10000_0303": 107,
     "BH39_10000_0304": 107,
     "BH39_10000_0305": 112,
     "BH39_10000_0401": 120,
     "BH39_10000_0402": 88,
     "BH39_10000_0403": 98,
     "BH39_10000_0404": 100,
     "BH39_10000_0405": 86,
     "BH39_10000_0501": 112,
     "BH39_10000_0502": 94,
     "BH39_10000_0503": 115,
     "BH39_10000_0504": 103,
     "BH39_10000_0505": 103,
     "BH40_10000_0101": 110,
     "BH40_10000_0102": 100,
     "BH40_10000_0103": 99,
     "BH40_10000_0104": 108,
     "BH40_10000_0105": 96,
     "BH40_10000_0201": 108,
     "BH40_10000_0202": 103,
     "BH40_10000_0203": 105,
     "BH40_10000_0204": 95,
     "BH40_10000_0205": 113,
     "BH40_10000_0301": 85,
     "BH40_10000_0302": 87,
     "BH40_10000_0303": 91,
     "BH40_10000_0304": 114,
     "BH40_10000_0305": 109,
     "BH40_10000_0401": 118,
     "BH40_10000_0402": 97,
     "BH40_10000_0403": 88,
     "BH40_10000_0404": 101,
     "BH40_10000_0405": 94,
     "BH40_10000_0501": 115,
     "BH40_10000_0502": 99,
     "BH40_10000_0503": 63,
     "BH40_10000_0504": 35,
     "BH40_10000_0505": 21,
     "BH41_10000_0101": 115,
     "BH41_10000_0102": 104,
     "BH41_10000_0103": 98,
     "BH41_10000_0104": 104,
     "BH41_10000_0105": 104,
     "BH41_10000_0201": 85,
     "BH41_10000_0202": 90,
     "BH41_10000_0203": 111,
     "BH41_10000_0204": 107,
     "BH41_10000_0205": 99,
     "BH41_10000_0301": 98,
     "BH41_10000_0302": 109,
     "BH41_10000_0303": 94,
     "BH41_10000_0304": 97,
     "BH41_10000_0305": 86,
     "BH41_10000_0401": 94,
     "BH41_10000_0402": 75,
     "BH41_10000_0403": 76,
     "BH41_10000_0404": 73,
     "BH41_10000_0405": 57,
     "BH41_10000_0501": 2,
     "BH42_10000_0101": 82,
     "BH42_10000_0102": 117,
     "BH42_10000_0103": 95,
     "BH42_10000_0104": 101,
     "BH42_10000_0105": 101,
     "BH42_10000_0201": 102,
     "BH42_10000_0202": 98,
     "BH42_10000_0203": 99,
     "BH42_10000_0204": 79,
     "BH42_10000_0205": 101,
     "BH42_10000_0301": 111,
     "BH42_10000_0302": 88,
     "BH42_10000_0303": 88,
     "BH42_10000_0304": 118,
     "BH42_10000_0305": 91,
     "BH42_10000_0401": 67,
     "BH42_10000_0402": 74,
     "BH42_10000_0403": 83,
     "BH42_10000_0404": 92,
     "BH42_10000_0405": 106,
     "BH42_10000_0504": 1,
     "BH42_10000_0505": 11,
     "BH43_10000_0101": 99,
     "BH43_10000_0102": 43,
     "BH43_10000_0201": 89,
     "BH43_10000_0202": 23,
     "BH43_10000_0301": 103,
     "BH43_10000_0302": 7,
     "BH43_10000_0401": 77,
     "BH43_10000_0501": 74,
     "BH43_10000_0502": 47,
     "BH43_10000_0503": 11,
     "BJ28_10000_0102": 57,
     "BJ28_10000_0103": 52,
     "BJ28_10000_0104": 62,
     "BJ28_10000_0105": 68,
     "BJ28_10000_0202": 49,
     "BJ28_10000_0203": 56,
     "BJ28_10000_0204": 61,
     "BJ28_10000_0205": 60,
     "BJ28_10000_0302": 40,
     "BJ28_10000_0303": 63,
     "BJ28_10000_0304": 75,
     "BJ28_10000_0305": 56,
     "BJ28_10000_0402": 1,
     "BJ28_10000_0403": 27,
     "BJ28_10000_0404": 40,
     "BJ28_10000_0405": 65,
     "BJ28_10000_0504": 18,
     "BJ28_10000_0505": 47,
     "BJ29_10000_0101": 63,
     "BJ29_10000_0102": 72,
     "BJ29_10000_0103": 59,
     "BJ29_10000_0104": 65,
     "BJ29_10000_0105": 74,
     "BJ29_10000_0201": 58,
     "BJ29_10000_0202": 64,
     "BJ29_10000_0203": 54,
     "BJ29_10000_0204": 56,
     "BJ29_10000_0205": 59,
     "BJ29_10000_0301": 70,
     "BJ29_10000_0302": 50,
     "BJ29_10000_0303": 60,
     "BJ29_10000_0304": 73,
     "BJ29_10000_0305": 69,
     "BJ29_10000_0401": 58,
     "BJ29_10000_0402": 55,
     "BJ29_10000_0403": 51,
     "BJ29_10000_0404": 49,
     "BJ29_10000_0405": 60,
     "BJ29_10000_0501": 60,
     "BJ29_10000_0502": 80,
     "BJ29_10000_0503": 50,
     "BJ29_10000_0504": 69,
     "BJ29_10000_0505": 72,
     "BJ30_10000_0101": 99,
     "BJ30_10000_0102": 109,
     "BJ30_10000_0103": 105,
     "BJ30_10000_0104": 88,
     "BJ30_10000_0105": 100,
     "BJ30_10000_0201": 64,
     "BJ30_10000_0202": 95,
     "BJ30_10000_0203": 95,
     "BJ30_10000_0204": 115,
     "BJ30_10000_0205": 116,
     "BJ30_10000_0301": 72,
     "BJ30_10000_0302": 111,
     "BJ30_10000_0303": 122,
     "BJ30_10000_0304": 99,
     "BJ30_10000_0305": 92,
     "BJ30_10000_0401": 87,
     "BJ30_10000_0402": 73,
     "BJ30_10000_0403": 95,
     "BJ30_10000_0404": 107,
     "BJ30_10000_0405": 107,
     "BJ30_10000_0501": 79,
     "BJ30_10000_0502": 94,
     "BJ30_10000_0503": 95,
     "BJ30_10000_0504": 115,
     "BJ30_10000_0505": 96,
     "BJ31_10000_0101": 105,
     "BJ31_10000_0102": 113,
     "BJ31_10000_0103": 123,
     "BJ31_10000_0104": 112,
     "BJ31_10000_0105": 121,
     "BJ31_10000_0201": 106,
     "BJ31_10000_0202": 111,
     "BJ31_10000_0203": 128,
     "BJ31_10000_0204": 107,
     "BJ31_10000_0205": 93,
     "BJ31_10000_0301": 87,
     "BJ31_10000_0302": 99,
     "BJ31_10000_0303": 91,
     "BJ31_10000_0304": 103,
     "BJ31_10000_0305": 98,
     "BJ31_10000_0401": 123,
     "BJ31_10000_0402": 110,
     "BJ31_10000_0403": 118,
     "BJ31_10000_0404": 113,
     "BJ31_10000_0405": 92,
     "BJ31_10000_0501": 83,
     "BJ31_10000_0502": 108,
     "BJ31_10000_0503": 111,
     "BJ31_10000_0504": 106,
     "BJ31_10000_0505": 104,
     "BJ32_10000_0101": 126,
     "BJ32_10000_0102": 96,
     "BJ32_10000_0103": 99,
     "BJ32_10000_0104": 102,
     "BJ32_10000_0105": 93,
     "BJ32_10000_0201": 99,
     "BJ32_10000_0202": 103,
     "BJ32_10000_0203": 124,
     "BJ32_10000_0204": 96,
     "BJ32_10000_0205": 96,
     "BJ32_10000_0301": 91,
     "BJ32_10000_0302": 101,
     "BJ32_10000_0303": 104,
     "BJ32_10000_0304": 111,
     "BJ32_10000_0305": 119,
     "BJ32_10000_0401": 99,
     "BJ32_10000_0402": 112,
     "BJ32_10000_0403": 130,
     "BJ32_10000_0404": 109,
     "BJ32_10000_0405": 106,
     "BJ32_10000_0501": 109,
     "BJ32_10000_0502": 104,
     "BJ32_10000_0503": 105,
     "BJ32_10000_0504": 95,
     "BJ32_10000_0505": 108,
     "BJ33_10000_0101": 116,
     "BJ33_10000_0102": 94,
     "BJ33_10000_0103": 96,
     "BJ33_10000_0104": 103,
     "BJ33_10000_0105": 101,
     "BJ33_10000_0201": 108,
     "BJ33_10000_0202": 119,
     "BJ33_10000_0203": 96,
     "BJ33_10000_0204": 109,
     "BJ33_10000_0205": 78,
     "BJ33_10000_0301": 100,
     "BJ33_10000_0302": 91,
     "BJ33_10000_0303": 106,
     "BJ33_10000_0304": 80,
     "BJ33_10000_0305": 52,
     "BJ33_10000_0401": 108,
     "BJ33_10000_0402": 106,
     "BJ33_10000_0403": 114,
     "BJ33_10000_0404": 75,
     "BJ33_10000_0405": 90,
     "BJ33_10000_0501": 107,
     "BJ33_10000_0502": 106,
     "BJ33_10000_0503": 89,
     "BJ33_10000_0504": 95,
     "BJ34_10000_0101": 89,
     "BJ34_10000_0102": 66,
     "BJ34_10000_0103": 68,
     "BJ34_10000_0104": 69,
     "BJ34_10000_0105": 87,
     "BJ34_10000_0201": 53,
     "BJ34_10000_0202": 63,
     "BJ34_10000_0203": 60,
     "BJ34_10000_0204": 63,
     "BJ34_10000_0205": 66,
     "BJ34_10000_0301": 73,
     "BJ34_10000_0302": 82,
     "BJ34_10000_0303": 63,
     "BJ34_10000_0401": 96,
     "BJ34_10000_0402": 72,
     "BJ35_10000_0101": 94,
     "BJ35_10000_0102": 92,
     "BJ35_10000_0103": 103,
     "BJ35_10000_0104": 99,
     "BJ35_10000_0105": 106,
     "BJ35_10000_0201": 68,
     "BJ35_10000_0202": 91,
     "BJ35_10000_0203": 85,
     "BJ35_10000_0204": 99,
     "BJ35_10000_0205": 92,
     "BJ36_10000_0101": 106,
     "BJ36_10000_0103": 118,
     "BJ36_10000_0104": 106,
     "BJ36_10000_0105": 100,
     "BJ36_10000_0203": 88,
     "BJ36_10000_0204": 77,
     "BJ36_10000_0205": 100,
     "BJ36_10000_0303": 96,
     "BJ36_10000_0304": 103,
     "BJ36_10000_0305": 92,
     "BJ36_10000_0403": 103,
     "BJ36_10000_0404": 86,
     "BJ36_10000_0405": 99,
     "BJ36_10000_0504": 102,
     "BJ36_10000_0505": 94,
     "BJ37_10000_0101": 110,
     "BJ37_10000_0102": 116,
     "BJ37_10000_0103": 107,
     "BJ37_10000_0104": 79,
     "BJ37_10000_0105": 100,
     "BJ37_10000_0201": 90,
     "BJ37_10000_0202": 96,
     "BJ37_10000_0203": 91,
     "BJ37_10000_0204": 63,
     "BJ37_10000_0205": 93,
     "BJ37_10000_0301": 93,
     "BJ37_10000_0302": 115,
     "BJ37_10000_0303": 84,
     "BJ37_10000_0304": 83,
     "BJ37_10000_0305": 100,
     "BJ37_10000_0401": 99,
     "BJ37_10000_0402": 97,
     "BJ37_10000_0403": 104,
     "BJ37_10000_0404": 89,
     "BJ37_10000_0405": 85,
     "BJ37_10000_0501": 101,
     "BJ37_10000_0502": 93,
     "BJ37_10000_0503": 95,
     "BJ37_10000_0504": 93,
     "BJ37_10000_0505": 114,
     "BJ38_10000_0101": 112,
     "BJ38_10000_0102": 99,
     "BJ38_10000_0103": 100,
     "BJ38_10000_0104": 84,
     "BJ38_10000_0105": 86,
     "BJ38_10000_0201": 95,
     "BJ38_10000_0202": 100,
     "BJ38_10000_0203": 94,
     "BJ38_10000_0204": 102,
     "BJ38_10000_0205": 92,
     "BJ38_10000_0301": 119,
     "BJ38_10000_0302": 98,
     "BJ38_10000_0303": 106,
     "BJ38_10000_0304": 102,
     "BJ38_10000_0305": 90,
     "BJ38_10000_0401": 108,
     "BJ38_10000_0402": 82,
     "BJ38_10000_0403": 114,
     "BJ38_10000_0404": 99,
     "BJ38_10000_0405": 89,
     "BJ38_10000_0501": 86,
     "BJ38_10000_0502": 75,
     "BJ38_10000_0503": 87,
     "BJ38_10000_0504": 112,
     "BJ38_10000_0505": 78,
     "BJ39_10000_0101": 102,
     "BJ39_10000_0102": 99,
     "BJ39_10000_0103": 91,
     "BJ39_10000_0104": 97,
     "BJ39_10000_0105": 93,
     "BJ39_10000_0201": 124,
     "BJ39_10000_0202": 83,
     "BJ39_10000_0203": 109,
     "BJ39_10000_0204": 108,
     "BJ39_10000_0205": 77,
     "BJ39_10000_0301": 123,
     "BJ39_10000_0302": 83,
     "BJ39_10000_0303": 97,
     "BJ39_10000_0304": 40,
     "BJ39_10000_0305": 3,
     "BJ39_10000_0401": 105,
     "BJ39_10000_0402": 98,
     "BJ39_10000_0403": 19,
     "BJ39_10000_0501": 94,
     "BJ39_10000_0502": 87,
     "BJ39_10000_0503": 7,
     "BJ40_10000_0101": 45,
     "BJ40_10000_0102": 11,
     "BJ40_10000_0201": 2,
     "BJ42_10000_0105": 32,
     "BJ42_10000_0205": 20,
     "BJ43_10000_0101": 77,
     "BJ43_10000_0102": 33,
     "BJ43_10000_0103": 6,
     "BJ43_10000_0201": 40,
     "BJ43_10000_0202": 2,
     "BK29_10000_0101": 11,
     "BK29_10000_0102": 30,
     "BK29_10000_0103": 26,
     "BK29_10000_0104": 57,
     "BK29_10000_0105": 89,
     "BK29_10000_0205": 1,
     "BK30_10000_0101": 86,
     "BK30_10000_0102": 104,
     "BK30_10000_0103": 83,
     "BK30_10000_0104": 91,
     "BK30_10000_0105": 89,
     "BK30_10000_0201": 17,
     "BK30_10000_0202": 64,
     "BK30_10000_0203": 77,
     "BK30_10000_0204": 88,
     "BK30_10000_0205": 79,
     "BK30_10000_0302": 1,
     "BK30_10000_0303": 58,
     "BK30_10000_0304": 102,
     "BK30_10000_0305": 86,
     "BK30_10000_0404": 28,
     "BK30_10000_0405": 69,
     "BK30_10000_0505": 2,
     "BK31_10000_0101": 113,
     "BK31_10000_0102": 118,
     "BK31_10000_0103": 104,
     "BK31_10000_0104": 117,
     "BK31_10000_0105": 108,
     "BK31_10000_0201": 126,
     "BK31_10000_0202": 105,
     "BK31_10000_0203": 95,
     "BK31_10000_0204": 97,
     "BK31_10000_0205": 97,
     "BK31_10000_0301": 80,
     "BK31_10000_0302": 84,
     "BK31_10000_0303": 96,
     "BK31_10000_0304": 110,
     "BK31_10000_0305": 101,
     "BK31_10000_0401": 90,
     "BK31_10000_0402": 78,
     "BK31_10000_0403": 85,
     "BK31_10000_0404": 101,
     "BK31_10000_0405": 78,
     "BK31_10000_0501": 19,
     "BK31_10000_0502": 40,
     "BK31_10000_0503": 58,
     "BK31_10000_0504": 79,
     "BK31_10000_0505": 65,
     "BK32_10000_0101": 97,
     "BK32_10000_0102": 96,
     "BK32_10000_0103": 110,
     "BK32_10000_0104": 91,
     "BK32_10000_0105": 115,
     "BK32_10000_0201": 99,
     "BK32_10000_0202": 115,
     "BK32_10000_0203": 123,
     "BK32_10000_0204": 104,
     "BK32_10000_0205": 111,
     "BK32_10000_0301": 103,
     "BK32_10000_0302": 105,
     "BK32_10000_0303": 110,
     "BK32_10000_0304": 108,
     "BK32_10000_0305": 119,
     "BK32_10000_0401": 117,
     "BK32_10000_0402": 93,
     "BK32_10000_0403": 94,
     "BK32_10000_0404": 91,
     "BK32_10000_0405": 124,
     "BK32_10000_0501": 83,
     "BK32_10000_0502": 95,
     "BK32_10000_0503": 82,
     "BK32_10000_0504": 98,
     "BK32_10000_0505": 109,
     "BK33_10000_0101": 113,
     "BK33_10000_0102": 101,
     "BK33_10000_0103": 92,
     "BK33_10000_0104": 115,
     "BK33_10000_0105": 109,
     "BK33_10000_0201": 101,
     "BK33_10000_0202": 103,
     "BK33_10000_0203": 98,
     "BK33_10000_0204": 93,
     "BK33_10000_0205": 99,
     "BK33_10000_0301": 95,
     "BK33_10000_0302": 81,
     "BK33_10000_0303": 120,
     "BK33_10000_0304": 102,
     "BK33_10000_0305": 91,
     "BK33_10000_0401": 98,
     "BK33_10000_0402": 111,
     "BK33_10000_0403": 106,
     "BK33_10000_0404": 113,
     "BK33_10000_0405": 78,
     "BK33_10000_0501": 95,
     "BK33_10000_0502": 82,
     "BK33_10000_0503": 86,
     "BK33_10000_0504": 82,
     "BK33_10000_0505": 96,
     "BK34_10000_0101": 123,
     "BK34_10000_0102": 108,
     "BK34_10000_0103": 97,
     "BK34_10000_0201": 92,
     "BK34_10000_0202": 106,
     "BK34_10000_0203": 94,
     "BK34_10000_0301": 100,
     "BK34_10000_0302": 96,
     "BK34_10000_0303": 93,
     "BK34_10000_0401": 93,
     "BK34_10000_0402": 94,
     "BK34_10000_0403": 106,
     "BK34_10000_0501": 100,
     "BK34_10000_0502": 82,
     "BK34_10000_0504": 95,
     "BK34_10000_0505": 105,
     "BK35_10000_0401": 99,
     "BK35_10000_0402": 113,
     "BK35_10000_0403": 87,
     "BK35_10000_0404": 97,
     "BK35_10000_0405": 103,
     "BK35_10000_0501": 106,
     "BK35_10000_0502": 97,
     "BK35_10000_0503": 115,
     "BK35_10000_0504": 108,
     "BK35_10000_0505": 104,
     "BK36_10000_0104": 101,
     "BK36_10000_0105": 82,
     "BK36_10000_0204": 96,
     "BK36_10000_0205": 101,
     "BK36_10000_0305": 92,
     "BK36_10000_0401": 99,
     "BK36_10000_0402": 96,
     "BK36_10000_0403": 96,
     "BK36_10000_0404": 101,
     "BK36_10000_0405": 82,
     "BK36_10000_0501": 82,
     "BK36_10000_0502": 83,
     "BK36_10000_0503": 90,
     "BK36_10000_0504": 93,
     "BK36_10000_0505": 79,
     "BK37_10000_0101": 79,
     "BK37_10000_0102": 82,
     "BK37_10000_0103": 95,
     "BK37_10000_0104": 99,
     "BK37_10000_0105": 87,
     "BK37_10000_0201": 93,
     "BK37_10000_0202": 81,
     "BK37_10000_0203": 88,
     "BK37_10000_0204": 76,
     "BK37_10000_0205": 70,
     "BK37_10000_0301": 81,
     "BK37_10000_0302": 99,
     "BK37_10000_0303": 58,
     "BK37_10000_0304": 95,
     "BK37_10000_0305": 87,
     "BK37_10000_0401": 75,
     "BK37_10000_0402": 84,
     "BK37_10000_0403": 63,
     "BK37_10000_0404": 68,
     "BK37_10000_0405": 91,
     "BK37_10000_0501": 100,
     "BK37_10000_0502": 81,
     "BK37_10000_0503": 76,
     "BK37_10000_0504": 46,
     "BK37_10000_0505": 65,
     "BK38_10000_0101": 109,
     "BK38_10000_0102": 92,
     "BK38_10000_0103": 104,
     "BK38_10000_0104": 83,
     "BK38_10000_0105": 96,
     "BK38_10000_0201": 93,
     "BK38_10000_0202": 92,
     "BK38_10000_0203": 89,
     "BK38_10000_0204": 78,
     "BK38_10000_0205": 87,
     "BK38_10000_0301": 75,
     "BK38_10000_0302": 82,
     "BK38_10000_0303": 119,
     "BK38_10000_0304": 71,
     "BK38_10000_0305": 80,
     "BK38_10000_0401": 85,
     "BK38_10000_0402": 100,
     "BK38_10000_0403": 114,
     "BK38_10000_0404": 83,
     "BK38_10000_0405": 85,
     "BK38_10000_0501": 88,
     "BK38_10000_0502": 100,
     "BK38_10000_0503": 107,
     "BK38_10000_0504": 88,
     "BK38_10000_0505": 82,
     "BK39_10000_0101": 85,
     "BK39_10000_0102": 73,
     "BK39_10000_0103": 38,
     "BK39_10000_0201": 85,
     "BK39_10000_0202": 52,
     "BK39_10000_0203": 73,
     "BK39_10000_0204": 4,
     "BK39_10000_0301": 77,
     "BK39_10000_0302": 78,
     "BK39_10000_0303": 85,
     "BK39_10000_0304": 78,
     "BK39_10000_0305": 27,
     "BK39_10000_0401": 96,
     "BK39_10000_0402": 85,
     "BK39_10000_0403": 85,
     "BK39_10000_0404": 105,
     "BK39_10000_0405": 46,
     "BK39_10000_0501": 98,
     "BK39_10000_0502": 120,
     "BK39_10000_0503": 95,
     "BK39_10000_0504": 84,
     "BK39_10000_0505": 2,
     "BK40_10000_0301": 18,
     "BK40_10000_0401": 5,
     "BL31_10000_0104": 9,
     "BL31_10000_0105": 5,
     "BL32_10000_0101": 17,
     "BL32_10000_0102": 47,
     "BL32_10000_0103": 51,
     "BL32_10000_0104": 89,
     "BL32_10000_0105": 119,
     "BL32_10000_0203": 14,
     "BL32_10000_0204": 62,
     "BL32_10000_0205": 85,
     "BL32_10000_0305": 32,
     "BL33_10000_0101": 82,
     "BL33_10000_0102": 96,
     "BL33_10000_0103": 87,
     "BL33_10000_0104": 89,
     "BL33_10000_0105": 90,
     "BL33_10000_0201": 89,
     "BL33_10000_0202": 65,
     "BL33_10000_0203": 102,
     "BL33_10000_0204": 94,
     "BL33_10000_0205": 88,
     "BL33_10000_0301": 95,
     "BL33_10000_0302": 84,
     "BL33_10000_0303": 96,
     "BL33_10000_0304": 81,
     "BL33_10000_0305": 64,
     "BL33_10000_0401": 42,
     "BL33_10000_0402": 76,
     "BL33_10000_0403": 66,
     "BL33_10000_0404": 71,
     "BL33_10000_0405": 83,
     "BL33_10000_0502": 64,
     "BL33_10000_0503": 80,
     "BL33_10000_0504": 68,
     "BL33_10000_0505": 64,
     "BL34_10000_0103": 105,
     "BL34_10000_0104": 95,
     "BL34_10000_0105": 99,
     "BL34_10000_0201": 96,
     "BL34_10000_0202": 92,
     "BL34_10000_0203": 94,
     "BL34_10000_0204": 85,
     "BL34_10000_0205": 90,
     "BL34_10000_0301": 79,
     "BL34_10000_0302": 80,
     "BL34_10000_0303": 90,
     "BL34_10000_0304": 102,
     "BL34_10000_0305": 96,
     "BL34_10000_0401": 72,
     "BL34_10000_0402": 101,
     "BL34_10000_0403": 83,
     "BL34_10000_0404": 79,
     "BL34_10000_0405": 71,
     "BL34_10000_0501": 96,
     "BL34_10000_0502": 82,
     "BL34_10000_0503": 74,
     "BL34_10000_0504": 85,
     "BL34_10000_0505": 81,
     "BL35_10000_0101": 96,
     "BL35_10000_0102": 116,
     "BL35_10000_0103": 109,
     "BL35_10000_0104": 103,
     "BL35_10000_0105": 90,
     "BL35_10000_0201": 107,
     "BL35_10000_0202": 96,
     "BL35_10000_0203": 103,
     "BL35_10000_0204": 89,
     "BL35_10000_0205": 94,
     "BL35_10000_0301": 81,
     "BL35_10000_0302": 109,
     "BL35_10000_0303": 91,
     "BL35_10000_0304": 108,
     "BL35_10000_0305": 98,
     "BL35_10000_0401": 82,
     "BL35_10000_0402": 77,
     "BL35_10000_0403": 114,
     "BL35_10000_0404": 109,
     "BL35_10000_0405": 94,
     "BL35_10000_0501": 74,
     "BL35_10000_0502": 84,
     "BL35_10000_0503": 94,
     "BL35_10000_0504": 86,
     "BL35_10000_0505": 79,
     "BL36_10000_0101": 97,
     "BL36_10000_0102": 68,
     "BL36_10000_0103": 91,
     "BL36_10000_0104": 103,
     "BL36_10000_0105": 99,
     "BL36_10000_0201": 83,
     "BL36_10000_0202": 87,
     "BL36_10000_0203": 86,
     "BL36_10000_0204": 91,
     "BL36_10000_0205": 82,
     "BL36_10000_0301": 106,
     "BL36_10000_0302": 83,
     "BL36_10000_0303": 108,
     "BL36_10000_0304": 75,
     "BL36_10000_0305": 70,
     "BL36_10000_0401": 90,
     "BL36_10000_0402": 91,
     "BL36_10000_0403": 88,
     "BL36_10000_0404": 74,
     "BL36_10000_0405": 64,
     "BL36_10000_0501": 78,
     "BL36_10000_0502": 79,
     "BL36_10000_0503": 80,
     "BL37_10000_0101": 76,
     "BL37_10000_0102": 75,
     "BL37_10000_0103": 82,
     "BL37_10000_0104": 70,
     "BL37_10000_0105": 66,
     "BL37_10000_0201": 67,
     "BL37_10000_0202": 75,
     "BL37_10000_0203": 59,
     "BL37_10000_0204": 67,
     "BL37_10000_0205": 55,
     "BL37_10000_0301": 62,
     "BL37_10000_0302": 53,
     "BL37_10000_0303": 76,
     "BL37_10000_0304": 69,
     "BL37_10000_0305": 106,
     "BL37_10000_0401": 77,
     "BL37_10000_0402": 96,
     "BL37_10000_0403": 82,
     "BL37_10000_0404": 82,
     "BL37_10000_0405": 80,
     "BL37_10000_0501": 110,
     "BL37_10000_0502": 105,
     "BL37_10000_0503": 78,
     "BL37_10000_0504": 101,
     "BL37_10000_0505": 93,
     "BL38_10000_0101": 108,
     "BL38_10000_0102": 109,
     "BL38_10000_0103": 104,
     "BL38_10000_0104": 90,
     "BL38_10000_0105": 120,
     "BL38_10000_0201": 87,
     "BL38_10000_0202": 103,
     "BL38_10000_0203": 94,
     "BL38_10000_0204": 93,
     "BL38_10000_0205": 103,
     "BL38_10000_0301": 86,
     "BL38_10000_0302": 94,
     "BL38_10000_0303": 103,
     "BL38_10000_0304": 96,
     "BL38_10000_0305": 88,
     "BL38_10000_0401": 108,
     "BL38_10000_0402": 84,
     "BL38_10000_0403": 81,
     "BL38_10000_0404": 94,
     "BL38_10000_0405": 109,
     "BL38_10000_0501": 97,
     "BL38_10000_0502": 84,
     "BL38_10000_0503": 81,
     "BL38_10000_0504": 94,
     "BL38_10000_0505": 77,
     "BL39_10000_0101": 101,
     "BL39_10000_0102": 86,
     "BL39_10000_0103": 92,
     "BL39_10000_0104": 57,
     "BL39_10000_0201": 107,
     "BL39_10000_0202": 100,
     "BL39_10000_0203": 74,
     "BL39_10000_0204": 7,
     "BL39_10000_0301": 96,
     "BL39_10000_0302": 92,
     "BL39_10000_0303": 18,
     "BL39_10000_0401": 86,
     "BL39_10000_0402": 51,
     "BL39_10000_0501": 104,
     "BL39_10000_0502": 31,
     "BM24_10000_0501": 4,
     "BM24_10000_0502": 29,
     "BM24_10000_0503": 28,
     "BM24_10000_0504": 4,
     "BM24_10000_0505": 4,
     "BM33_10000_0102": 38,
     "BM33_10000_0103": 80,
     "BM33_10000_0104": 66,
     "BM33_10000_0105": 81,
     "BM33_10000_0202": 15,
     "BM33_10000_0203": 105,
     "BM33_10000_0204": 67,
     "BM33_10000_0205": 74,
     "BM33_10000_0302": 10,
     "BM33_10000_0303": 89,
     "BM33_10000_0304": 50,
     "BM33_10000_0305": 53,
     "BM33_10000_0402": 22,
     "BM33_10000_0403": 80,
     "BM33_10000_0404": 55,
     "BM33_10000_0405": 64,
     "BM33_10000_0502": 40,
     "BM33_10000_0503": 93,
     "BM33_10000_0504": 73,
     "BM33_10000_0505": 87,
     "BM34_10000_0101": 69,
     "BM34_10000_0102": 96,
     "BM34_10000_0103": 74,
     "BM34_10000_0104": 91,
     "BM34_10000_0105": 77,
     "BM34_10000_0201": 74,
     "BM34_10000_0202": 74,
     "BM34_10000_0203": 61,
     "BM34_10000_0204": 60,
     "BM34_10000_0205": 84,
     "BM34_10000_0301": 73,
     "BM34_10000_0302": 47,
     "BM34_10000_0303": 66,
     "BM34_10000_0304": 84,
     "BM34_10000_0305": 79,
     "BM34_10000_0401": 60,
     "BM34_10000_0402": 55,
     "BM34_10000_0403": 66,
     "BM34_10000_0404": 77,
     "BM34_10000_0405": 74,
     "BM34_10000_0501": 95,
     "BM34_10000_0502": 88,
     "BM34_10000_0503": 86,
     "BM34_10000_0504": 99,
     "BM34_10000_0505": 102,
     "BM35_10000_0101": 81,
     "BM35_10000_0102": 84,
     "BM35_10000_0103": 91,
     "BM35_10000_0104": 60,
     "BM35_10000_0105": 78,
     "BM35_10000_0201": 67,
     "BM35_10000_0202": 83,
     "BM35_10000_0203": 86,
     "BM35_10000_0204": 75,
     "BM35_10000_0205": 93,
     "BM35_10000_0301": 94,
     "BM35_10000_0302": 93,
     "BM35_10000_0303": 103,
     "BM35_10000_0304": 92,
     "BM35_10000_0305": 108,
     "BM35_10000_0401": 79,
     "BM35_10000_0402": 90,
     "BM35_10000_0403": 103,
     "BM35_10000_0404": 90,
     "BM35_10000_0405": 92,
     "BM35_10000_0501": 88,
     "BM35_10000_0502": 73,
     "BM35_10000_0503": 85,
     "BM35_10000_0504": 86,
     "BM35_10000_0505": 81,
     "BM36_10000_0101": 65,
     "BM36_10000_0102": 73,
     "BM36_10000_0103": 95,
     "BM36_10000_0104": 80,
     "BM36_10000_0105": 99,
     "BM36_10000_0201": 82,
     "BM36_10000_0202": 77,
     "BM36_10000_0203": 84,
     "BM36_10000_0204": 95,
     "BM36_10000_0205": 104,
     "BM36_10000_0301": 86,
     "BM36_10000_0302": 89,
     "BM36_10000_0303": 99,
     "BM36_10000_0304": 107,
     "BM36_10000_0305": 106,
     "BM36_10000_0401": 89,
     "BM36_10000_0402": 100,
     "BM36_10000_0403": 97,
     "BM36_10000_0404": 107,
     "BM36_10000_0405": 79,
     "BM36_10000_0501": 104,
     "BM36_10000_0502": 82,
     "BM36_10000_0503": 95,
     "BM36_10000_0504": 134,
     "BM36_10000_0505": 101,
     "BM37_10000_0101": 87,
     "BM37_10000_0102": 86,
     "BM37_10000_0103": 118,
     "BM37_10000_0104": 106,
     "BM37_10000_0105": 108,
     "BM37_10000_0201": 99,
     "BM37_10000_0202": 107,
     "BM37_10000_0203": 100,
     "BM37_10000_0204": 94,
     "BM37_10000_0205": 75,
     "BM37_10000_0301": 108,
     "BM37_10000_0302": 84,
     "BM37_10000_0303": 108,
     "BM37_10000_0304": 73,
     "BM37_10000_0305": 88,
     "BM37_10000_0401": 100,
     "BM37_10000_0402": 113,
     "BM37_10000_0403": 91,
     "BM37_10000_0404": 77,
     "BM37_10000_0405": 101,
     "BM37_10000_0501": 103,
     "BM37_10000_0502": 96,
     "BM37_10000_0503": 101,
     "BM37_10000_0504": 90,
     "BM37_10000_0505": 91,
     "BM38_10000_0101": 108,
     "BM38_10000_0102": 106,
     "BM38_10000_0103": 106,
     "BM38_10000_0104": 103,
     "BM38_10000_0105": 99,
     "BM38_10000_0201": 95,
     "BM38_10000_0202": 92,
     "BM38_10000_0203": 85,
     "BM38_10000_0204": 49,
     "BM38_10000_0205": 18,
     "BM38_10000_0301": 86,
     "BM38_10000_0302": 79,
     "BM38_10000_0303": 39,
     "BM38_10000_0401": 99,
     "BM38_10000_0402": 77,
     "BM38_10000_0403": 8,
     "BM38_10000_0501": 90,
     "BM38_10000_0502": 65,
     "BM39_10000_0101": 56,
     "BN22_10000_0404": 1,
     "BN22_10000_0405": 22,
     "BN22_10000_0503": 20,
     "BN22_10000_0504": 63,
     "BN22_10000_0505": 64,
     "BN23_10000_0105": 7,
     "BN23_10000_0203": 21,
     "BN23_10000_0204": 62,
     "BN23_10000_0205": 45,
     "BN23_10000_0301": 2,
     "BN23_10000_0302": 37,
     "BN23_10000_0303": 92,
     "BN23_10000_0304": 82,
     "BN23_10000_0305": 73,
     "BN23_10000_0401": 74,
     "BN23_10000_0402": 76,
     "BN23_10000_0403": 90,
     "BN23_10000_0404": 109,
     "BN23_10000_0405": 73,
     "BN23_10000_0501": 70,
     "BN23_10000_0502": 89,
     "BN23_10000_0503": 92,
     "BN23_10000_0504": 82,
     "BN23_10000_0505": 93,
     "BN24_10000_0101": 29,
     "BN24_10000_0102": 64,
     "BN24_10000_0103": 26,
     "BN24_10000_0201": 69,
     "BN24_10000_0202": 65,
     "BN24_10000_0301": 93,
     "BN24_10000_0302": 49,
     "BN24_10000_0303": 2,
     "BN24_10000_0401": 92,
     "BN24_10000_0402": 75,
     "BN24_10000_0403": 41,
     "BN24_10000_0404": 2,
     "BN24_10000_0501": 77,
     "BN24_10000_0502": 81,
     "BN24_10000_0503": 81,
     "BN24_10000_0504": 74,
     "BN24_10000_0505": 27,
     "BN25_10000_0501": 29,
     "BN25_10000_0502": 58,
     "BN25_10000_0503": 55,
     "BN28_10000_0403": 29,
     "BN28_10000_0404": 24,
     "BN28_10000_0405": 16,
     "BN28_10000_0502": 22,
     "BN28_10000_0503": 78,
     "BN28_10000_0504": 60,
     "BN28_10000_0505": 3,
     "BN32_10000_0405": 26,
     "BN32_10000_0502": 10,
     "BN32_10000_0504": 9,
     "BN32_10000_0505": 81,
     "BN33_10000_0102": 65,
     "BN33_10000_0103": 73,
     "BN33_10000_0104": 81,
     "BN33_10000_0105": 89,
     "BN33_10000_0201": 16,
     "BN33_10000_0202": 90,
     "BN33_10000_0203": 101,
     "BN33_10000_0204": 86,
     "BN33_10000_0205": 91,
     "BN33_10000_0301": 63,
     "BN33_10000_0302": 85,
     "BN33_10000_0303": 77,
     "BN33_10000_0304": 71,
     "BN33_10000_0305": 98,
     "BN33_10000_0401": 70,
     "BN33_10000_0402": 93,
     "BN33_10000_0403": 99,
     "BN33_10000_0404": 96,
     "BN33_10000_0405": 107,
     "BN33_10000_0501": 92,
     "BN33_10000_0502": 106,
     "BN33_10000_0503": 95,
     "BN33_10000_0504": 117,
     "BN33_10000_0505": 113,
     "BN34_10000_0101": 103,
     "BN34_10000_0102": 88,
     "BN34_10000_0103": 99,
     "BN34_10000_0104": 104,
     "BN34_10000_0105": 84,
     "BN34_10000_0201": 107,
     "BN34_10000_0202": 116,
     "BN34_10000_0301": 118,
     "BN34_10000_0302": 112,
     "BN34_10000_0303": 100,
     "BN34_10000_0305": 100,
     "BN34_10000_0401": 107,
     "BN34_10000_0402": 101,
     "BN34_10000_0403": 93,
     "BN34_10000_0404": 99,
     "BN34_10000_0405": 92,
     "BN34_10000_0501": 95,
     "BN34_10000_0502": 111,
     "BN34_10000_0503": 103,
     "BN34_10000_0504": 86,
     "BN34_10000_0505": 106,
     "BN35_10000_0101": 84,
     "BN35_10000_0102": 89,
     "BN35_10000_0103": 84,
     "BN35_10000_0104": 94,
     "BN35_10000_0105": 115,
     "BN35_10000_0201": 100,
     "BN35_10000_0202": 112,
     "BN35_10000_0203": 107,
     "BN35_10000_0204": 87,
     "BN35_10000_0205": 89,
     "BN35_10000_0301": 94,
     "BN35_10000_0302": 115,
     "BN35_10000_0304": 94,
     "BN35_10000_0305": 106,
     "BN35_10000_0401": 106,
     "BN35_10000_0402": 99,
     "BN35_10000_0404": 104,
     "BN35_10000_0405": 95,
     "BN35_10000_0501": 102,
     "BN35_10000_0502": 112,
     "BN35_10000_0503": 97,
     "BN35_10000_0504": 107,
     "BN35_10000_0505": 93,
     "BN36_10000_0101": 104,
     "BN36_10000_0102": 88,
     "BN36_10000_0103": 103,
     "BN36_10000_0104": 98,
     "BN36_10000_0105": 75,
     "BN36_10000_0201": 74,
     "BN36_10000_0202": 96,
     "BN36_10000_0203": 103,
     "BN36_10000_0204": 99,
     "BN36_10000_0205": 100,
     "BN36_10000_0301": 110,
     "BN36_10000_0302": 106,
     "BN36_10000_0303": 104,
     "BN36_10000_0304": 91,
     "BN36_10000_0305": 92,
     "BN36_10000_0401": 92,
     "BN36_10000_0402": 103,
     "BN36_10000_0403": 116,
     "BN36_10000_0404": 102,
     "BN36_10000_0405": 98,
     "BN36_10000_0501": 99,
     "BN36_10000_0502": 103,
     "BN36_10000_0503": 96,
     "BN36_10000_0504": 87,
     "BN36_10000_0505": 99,
     "BN37_10000_0101": 101,
     "BN37_10000_0102": 99,
     "BN37_10000_0103": 110,
     "BN37_10000_0104": 111,
     "BN37_10000_0105": 61,
     "BN37_10000_0201": 89,
     "BN37_10000_0202": 105,
     "BN37_10000_0203": 97,
     "BN37_10000_0204": 43,
     "BN37_10000_0301": 87,
     "BN37_10000_0302": 78,
     "BN37_10000_0303": 30,
     "BN37_10000_0401": 76,
     "BN37_10000_0402": 23,
     "BN37_10000_0501": 10,
     "BN38_10000_0101": 39,
     "BN38_10000_0102": 12,
     "BP22_10000_0102": 10,
     "BP22_10000_0103": 80,
     "BP22_10000_0104": 85,
     "BP22_10000_0105": 99,
     "BP22_10000_0202": 18,
     "BP22_10000_0203": 102,
     "BP22_10000_0204": 86,
     "BP22_10000_0205": 86,
     "BP22_10000_0302": 18,
     "BP22_10000_0303": 73,
     "BP22_10000_0304": 98,
     "BP22_10000_0305": 95,
     "BP22_10000_0402": 12,
     "BP22_10000_0403": 85,
     "BP22_10000_0404": 90,
     "BP22_10000_0405": 78,
     "BP22_10000_0502": 25,
     "BP22_10000_0503": 94,
     "BP22_10000_0504": 103,
     "BP22_10000_0505": 91,
     "BP23_10000_0101": 106,
     "BP23_10000_0102": 96,
     "BP23_10000_0103": 99,
     "BP23_10000_0104": 69,
     "BP23_10000_0105": 97,
     "BP23_10000_0201": 102,
     "BP23_10000_0202": 91,
     "BP23_10000_0203": 81,
     "BP23_10000_0204": 104,
     "BP23_10000_0205": 86,
     "BP23_10000_0301": 75,
     "BP23_10000_0302": 100,
     "BP23_10000_0303": 91,
     "BP23_10000_0304": 80,
     "BP23_10000_0305": 95,
     "BP23_10000_0401": 111,
     "BP23_10000_0402": 71,
     "BP23_10000_0403": 80,
     "BP23_10000_0404": 84,
     "BP23_10000_0405": 95,
     "BP23_10000_0501": 84,
     "BP23_10000_0502": 83,
     "BP23_10000_0503": 87,
     "BP23_10000_0504": 102,
     "BP23_10000_0505": 99,
     "BP24_10000_0101": 86,
     "BP24_10000_0102": 97,
     "BP24_10000_0103": 96,
     "BP24_10000_0104": 75,
     "BP24_10000_0105": 88,
     "BP24_10000_0201": 75,
     "BP24_10000_0202": 88,
     "BP24_10000_0203": 102,
     "BP24_10000_0204": 90,
     "BP24_10000_0205": 97,
     "BP24_10000_0301": 83,
     "BP24_10000_0302": 104,
     "BP24_10000_0303": 105,
     "BP24_10000_0304": 65,
     "BP24_10000_0305": 92,
     "BP24_10000_0401": 83,
     "BP24_10000_0402": 88,
     "BP24_10000_0403": 74,
     "BP24_10000_0404": 94,
     "BP24_10000_0405": 111,
     "BP24_10000_0501": 104,
     "BP24_10000_0502": 80,
     "BP24_10000_0503": 101,
     "BP24_10000_0504": 83,
     "BP24_10000_0505": 93,
     "BP25_10000_0101": 71,
     "BP25_10000_0102": 110,
     "BP25_10000_0103": 86,
     "BP25_10000_0104": 31,
     "BP25_10000_0201": 93,
     "BP25_10000_0202": 92,
     "BP25_10000_0203": 87,
     "BP25_10000_0204": 36,
     "BP25_10000_0301": 88,
     "BP25_10000_0302": 93,
     "BP25_10000_0303": 66,
     "BP25_10000_0304": 2,
     "BP25_10000_0401": 97,
     "BP25_10000_0402": 90,
     "BP25_10000_0403": 57,
     "BP25_10000_0404": 2,
     "BP25_10000_0501": 89,
     "BP25_10000_0502": 104,
     "BP25_10000_0503": 62,
     "BP25_10000_0504": 2,
     "BP26_10000_0505": 14,
     "BP27_10000_0305": 12,
     "BP27_10000_0402": 4,
     "BP27_10000_0403": 40,
     "BP27_10000_0404": 34,
     "BP27_10000_0405": 52,
     "BP27_10000_0501": 16,
     "BP27_10000_0502": 80,
     "BP27_10000_0503": 82,
     "BP27_10000_0504": 124,
     "BP27_10000_0505": 74,
     "BP28_10000_0102": 62,
     "BP28_10000_0103": 53,
     "BP28_10000_0104": 14,
     "BP28_10000_0105": 6,
     "BP28_10000_0202": 25,
     "BP28_10000_0203": 17,
     "BP28_10000_0204": 26,
     "BP28_10000_0205": 17,
     "BP28_10000_0301": 50,
     "BP28_10000_0302": 38,
     "BP28_10000_0303": 35,
     "BP28_10000_0304": 5,
     "BP28_10000_0305": 23,
     "BP28_10000_0401": 68,
     "BP28_10000_0402": 34,
     "BP28_10000_0403": 44,
     "BP28_10000_0404": 12,
     "BP28_10000_0405": 10,
     "BP28_10000_0501": 89,
     "BP28_10000_0502": 54,
     "BP28_10000_0503": 32,
     "BP28_10000_0504": 58,
     "BP28_10000_0505": 65,
     "BP29_10000_0201": 5,
     "BP29_10000_0202": 2,
     "BP29_10000_0301": 16,
     "BP29_10000_0302": 30,
     "BP29_10000_0303": 38,
     "BP29_10000_0304": 14,
     "BP29_10000_0401": 38,
     "BP29_10000_0402": 92,
     "BP29_10000_0403": 99,
     "BP29_10000_0404": 66,
     "BP29_10000_0405": 38,
     "BP29_10000_0501": 90,
     "BP29_10000_0502": 86,
     "BP29_10000_0503": 79,
     "BP29_10000_0504": 19,
     "BP29_10000_0505": 7,
     "BP30_10000_0402": 1,
     "BP30_10000_0501": 8,
     "BP30_10000_0502": 25,
     "BP31_10000_0404": 3,
     "BP31_10000_0405": 7,
     "BP31_10000_0504": 21,
     "BP31_10000_0505": 63,
     "BP32_10000_0101": 9,
     "BP32_10000_0102": 16,
     "BP32_10000_0103": 26,
     "BP32_10000_0104": 71,
     "BP32_10000_0105": 99,
     "BP32_10000_0203": 82,
     "BP32_10000_0204": 106,
     "BP32_10000_0205": 93,
     "BP32_10000_0301": 2,
     "BP32_10000_0302": 48,
     "BP32_10000_0303": 100,
     "BP32_10000_0304": 100,
     "BP32_10000_0305": 102,
     "BP32_10000_0401": 68,
     "BP32_10000_0402": 91,
     "BP32_10000_0403": 110,
     "BP32_10000_0404": 100,
     "BP32_10000_0405": 106,
     "BP32_10000_0501": 66,
     "BP32_10000_0502": 103,
     "BP32_10000_0503": 86,
     "BP32_10000_0504": 98,
     "BP32_10000_0505": 92,
     "BP33_10000_0101": 84,
     "BP33_10000_0102": 113,
     "BP33_10000_0103": 118,
     "BP33_10000_0104": 97,
     "BP33_10000_0105": 96,
     "BP33_10000_0201": 91,
     "BP33_10000_0202": 92,
     "BP33_10000_0203": 102,
     "BP33_10000_0204": 102,
     "BP33_10000_0205": 113,
     "BP33_10000_0301": 82,
     "BP33_10000_0302": 101,
     "BP33_10000_0303": 109,
     "BP33_10000_0304": 98,
     "BP33_10000_0305": 109,
     "BP33_10000_0401": 107,
     "BP33_10000_0402": 120,
     "BP33_10000_0403": 101,
     "BP33_10000_0404": 99,
     "BP33_10000_0405": 81,
     "BP33_10000_0501": 111,
     "BP33_10000_0502": 96,
     "BP33_10000_0503": 95,
     "BP33_10000_0504": 57,
     "BP33_10000_0505": 44,
     "BP34_10000_0101": 92,
     "BP34_10000_0102": 102,
     "BP34_10000_0103": 100,
     "BP34_10000_0104": 85,
     "BP34_10000_0105": 100,
     "BP34_10000_0201": 108,
     "BP34_10000_0202": 87,
     "BP34_10000_0203": 64,
     "BP34_10000_0204": 81,
     "BP34_10000_0205": 83,
     "BP34_10000_0301": 85,
     "BP34_10000_0302": 67,
     "BP34_10000_0303": 39,
     "BP34_10000_0304": 51,
     "BP34_10000_0305": 73,
     "BP34_10000_0401": 49,
     "BP34_10000_0402": 78,
     "BP34_10000_0403": 67,
     "BP34_10000_0404": 89,
     "BP34_10000_0405": 87,
     "BP34_10000_0501": 56,
     "BP34_10000_0502": 113,
     "BP34_10000_0503": 84,
     "BP34_10000_0504": 94,
     "BP34_10000_0505": 77,
     "BP35_10000_0101": 110,
     "BP35_10000_0102": 115,
     "BP35_10000_0103": 100,
     "BP35_10000_0104": 107,
     "BP35_10000_0105": 101,
     "BP35_10000_0201": 88,
     "BP35_10000_0202": 107,
     "BP35_10000_0203": 103,
     "BP35_10000_0204": 114,
     "BP35_10000_0205": 75,
     "BP35_10000_0301": 86,
     "BP35_10000_0302": 100,
     "BP35_10000_0303": 93,
     "BP35_10000_0304": 100,
     "BP35_10000_0305": 96,
     "BP35_10000_0401": 94,
     "BP35_10000_0402": 90,
     "BP35_10000_0403": 94,
     "BP35_10000_0404": 103,
     "BP35_10000_0405": 94,
     "BP35_10000_0501": 114,
     "BP35_10000_0502": 107,
     "BP35_10000_0503": 86,
     "BP35_10000_0504": 91,
     "BP35_10000_0505": 71,
     "BP36_10000_0101": 101,
     "BP36_10000_0102": 98,
     "BP36_10000_0103": 111,
     "BP36_10000_0104": 116,
     "BP36_10000_0105": 52,
     "BP36_10000_0201": 91,
     "BP36_10000_0202": 111,
     "BP36_10000_0203": 83,
     "BP36_10000_0204": 60,
     "BP36_10000_0205": 5,
     "BP36_10000_0301": 83,
     "BP36_10000_0302": 108,
     "BP36_10000_0303": 45,
     "BP36_10000_0304": 1,
     "BP36_10000_0401": 113,
     "BP36_10000_0402": 70,
     "BP36_10000_0403": 2,
     "BP36_10000_0501": 72,
     "BP36_10000_0502": 23,
     "BQ21_10000_0505": 25,
     "BQ22_10000_0102": 14,
     "BQ22_10000_0103": 66,
     "BQ22_10000_0104": 93,
     "BQ22_10000_0105": 75,
     "BQ22_10000_0202": 16,
     "BQ22_10000_0203": 81,
     "BQ22_10000_0204": 94,
     "BQ22_10000_0205": 102,
     "BQ22_10000_0302": 23,
     "BQ22_10000_0303": 89,
     "BQ22_10000_0304": 76,
     "BQ22_10000_0305": 90,
     "BQ22_10000_0401": 15,
     "BQ22_10000_0402": 84,
     "BQ22_10000_0403": 73,
     "BQ22_10000_0404": 62,
     "BQ22_10000_0405": 79,
     "BQ22_10000_0501": 92,
     "BQ22_10000_0502": 100,
     "BQ22_10000_0503": 71,
     "BQ22_10000_0504": 80,
     "BQ22_10000_0505": 90,
     "BQ23_10000_0101": 82,
     "BQ23_10000_0102": 80,
     "BQ23_10000_0103": 105,
     "BQ23_10000_0104": 96,
     "BQ23_10000_0105": 112,
     "BQ23_10000_0201": 93,
     "BQ23_10000_0202": 80,
     "BQ23_10000_0203": 99,
     "BQ23_10000_0204": 96,
     "BQ23_10000_0205": 100,
     "BQ23_10000_0301": 79,
     "BQ23_10000_0302": 91,
     "BQ23_10000_0303": 82,
     "BQ23_10000_0304": 84,
     "BQ23_10000_0305": 100,
     "BQ23_10000_0401": 83,
     "BQ23_10000_0402": 106,
     "BQ23_10000_0403": 94,
     "BQ23_10000_0404": 76,
     "BQ23_10000_0405": 88,
     "BQ23_10000_0501": 122,
     "BQ23_10000_0502": 94,
     "BQ23_10000_0503": 82,
     "BQ23_10000_0504": 103,
     "BQ23_10000_0505": 100,
     "BQ24_10000_0101": 108,
     "BQ24_10000_0102": 100,
     "BQ24_10000_0103": 71,
     "BQ24_10000_0104": 100,
     "BQ24_10000_0105": 106,
     "BQ24_10000_0201": 83,
     "BQ24_10000_0202": 78,
     "BQ24_10000_0203": 98,
     "BQ24_10000_0204": 94,
     "BQ24_10000_0205": 97,
     "BQ24_10000_0301": 88,
     "BQ24_10000_0302": 99,
     "BQ24_10000_0303": 121,
     "BQ24_10000_0304": 96,
     "BQ24_10000_0305": 99,
     "BQ24_10000_0401": 100,
     "BQ24_10000_0402": 95,
     "BQ24_10000_0403": 103,
     "BQ24_10000_0404": 93,
     "BQ24_10000_0405": 84,
     "BQ24_10000_0501": 72,
     "BQ24_10000_0502": 98,
     "BQ24_10000_0503": 104,
     "BQ24_10000_0504": 66,
     "BQ24_10000_0505": 96,
     "BQ25_10000_0101": 99,
     "BQ25_10000_0102": 69,
     "BQ25_10000_0103": 81,
     "BQ25_10000_0104": 49,
     "BQ25_10000_0201": 94,
     "BQ25_10000_0202": 83,
     "BQ25_10000_0203": 64,
     "BQ25_10000_0204": 76,
     "BQ25_10000_0205": 33,
     "BQ25_10000_0301": 83,
     "BQ25_10000_0302": 101,
     "BQ25_10000_0303": 90,
     "BQ25_10000_0304": 89,
     "BQ25_10000_0305": 68,
     "BQ25_10000_0401": 92,
     "BQ25_10000_0402": 104,
     "BQ25_10000_0403": 94,
     "BQ25_10000_0404": 88,
     "BQ25_10000_0405": 75,
     "BQ25_10000_0501": 78,
     "BQ25_10000_0502": 88,
     "BQ25_10000_0503": 110,
     "BQ25_10000_0504": 95,
     "BQ25_10000_0505": 87,
     "BQ26_10000_0104": 46,
     "BQ26_10000_0105": 88,
     "BQ26_10000_0201": 4,
     "BQ26_10000_0202": 13,
     "BQ26_10000_0203": 56,
     "BQ26_10000_0204": 102,
     "BQ26_10000_0205": 90,
     "BQ26_10000_0301": 54,
     "BQ26_10000_0302": 63,
     "BQ26_10000_0303": 85,
     "BQ26_10000_0304": 81,
     "BQ26_10000_0305": 85,
     "BQ26_10000_0401": 102,
     "BQ26_10000_0402": 116,
     "BQ26_10000_0403": 92,
     "BQ26_10000_0404": 84,
     "BQ26_10000_0405": 102,
     "BQ26_10000_0501": 95,
     "BQ26_10000_0502": 82,
     "BQ26_10000_0503": 98,
     "BQ26_10000_0504": 94,
     "BQ26_10000_0505": 92,
     "BQ27_10000_0101": 103,
     "BQ27_10000_0102": 94,
     "BQ27_10000_0103": 110,
     "BQ27_10000_0104": 81,
     "BQ27_10000_0105": 101,
     "BQ27_10000_0201": 78,
     "BQ27_10000_0202": 91,
     "BQ27_10000_0203": 93,
     "BQ27_10000_0204": 93,
     "BQ27_10000_0205": 82,
     "BQ27_10000_0301": 100,
     "BQ27_10000_0302": 106,
     "BQ27_10000_0303": 98,
     "BQ27_10000_0304": 86,
     "BQ27_10000_0305": 86,
     "BQ27_10000_0401": 77,
     "BQ27_10000_0402": 95,
     "BQ27_10000_0403": 103,
     "BQ27_10000_0404": 100,
     "BQ27_10000_0405": 96,
     "BQ27_10000_0501": 101,
     "BQ27_10000_0502": 85,
     "BQ27_10000_0503": 100,
     "BQ27_10000_0504": 53,
     "BQ27_10000_0505": 109,
     "BQ28_10000_0101": 85,
     "BQ28_10000_0102": 76,
     "BQ28_10000_0103": 37,
     "BQ28_10000_0104": 43,
     "BQ28_10000_0105": 38,
     "BQ28_10000_0201": 71,
     "BQ28_10000_0202": 52,
     "BQ28_10000_0203": 52,
     "BQ28_10000_0204": 85,
     "BQ28_10000_0205": 42,
     "BQ28_10000_0301": 107,
     "BQ28_10000_0302": 97,
     "BQ28_10000_0303": 91,
     "BQ28_10000_0304": 87,
     "BQ28_10000_0305": 90,
     "BQ28_10000_0401": 87,
     "BQ28_10000_0402": 92,
     "BQ28_10000_0403": 98,
     "BQ28_10000_0404": 91,
     "BQ28_10000_0405": 99,
     "BQ28_10000_0501": 93,
     "BQ28_10000_0502": 80,
     "BQ28_10000_0503": 69,
     "BQ28_10000_0504": 79,
     "BQ28_10000_0505": 84,
     "BQ29_10000_0101": 20,
     "BQ29_10000_0102": 38,
     "BQ29_10000_0103": 30,
     "BQ29_10000_0104": 14,
     "BQ29_10000_0105": 30,
     "BQ29_10000_0201": 43,
     "BQ29_10000_0202": 64,
     "BQ29_10000_0203": 49,
     "BQ29_10000_0204": 56,
     "BQ29_10000_0205": 25,
     "BQ29_10000_0301": 84,
     "BQ29_10000_0302": 56,
     "BQ29_10000_0303": 9,
     "BQ29_10000_0304": 25,
     "BQ29_10000_0401": 66,
     "BQ29_10000_0402": 4,
     "BQ29_10000_0501": 33,
     "BQ30_10000_0101": 32,
     "BQ30_10000_0102": 16,
     "BQ31_10000_0103": 22,
     "BQ31_10000_0104": 87,
     "BQ31_10000_0105": 95,
     "BQ31_10000_0201": 9,
     "BQ31_10000_0202": 75,
     "BQ31_10000_0203": 112,
     "BQ31_10000_0204": 75,
     "BQ31_10000_0205": 26,
     "BQ31_10000_0301": 5,
     "BQ31_10000_0302": 60,
     "BQ31_10000_0303": 56,
     "BQ31_10000_0304": 71,
     "BQ31_10000_0305": 19,
     "BQ31_10000_0403": 4,
     "BQ31_10000_0405": 6,
     "BQ32_10000_0101": 95,
     "BQ32_10000_0102": 109,
     "BQ32_10000_0103": 97,
     "BQ32_10000_0104": 95,
     "BQ32_10000_0105": 93,
     "BQ32_10000_0201": 51,
     "BQ32_10000_0202": 94,
     "BQ32_10000_0203": 118,
     "BQ32_10000_0204": 92,
     "BQ32_10000_0205": 100,
     "BQ32_10000_0301": 76,
     "BQ32_10000_0302": 90,
     "BQ32_10000_0303": 105,
     "BQ32_10000_0304": 69,
     "BQ32_10000_0305": 88,
     "BQ32_10000_0401": 103,
     "BQ32_10000_0402": 80,
     "BQ32_10000_0403": 56,
     "BQ32_10000_0404": 32,
     "BQ32_10000_0405": 58,
     "BQ32_10000_0501": 6,
     "BQ32_10000_0502": 8,
     "BQ33_10000_0101": 94,
     "BQ33_10000_0102": 74,
     "BQ33_10000_0103": 51,
     "BQ33_10000_0104": 81,
     "BQ33_10000_0105": 50,
     "BQ33_10000_0201": 68,
     "BQ33_10000_0202": 50,
     "BQ33_10000_0203": 66,
     "BQ33_10000_0204": 76,
     "BQ33_10000_0205": 82,
     "BQ33_10000_0301": 93,
     "BQ33_10000_0302": 80,
     "BQ33_10000_0303": 91,
     "BQ33_10000_0304": 69,
     "BQ33_10000_0305": 118,
     "BQ33_10000_0401": 71,
     "BQ33_10000_0402": 74,
     "BQ33_10000_0403": 85,
     "BQ33_10000_0404": 94,
     "BQ33_10000_0405": 89,
     "BQ33_10000_0501": 9,
     "BQ33_10000_0502": 59,
     "BQ33_10000_0503": 90,
     "BQ33_10000_0504": 110,
     "BQ33_10000_0505": 90,
     "BQ34_10000_0101": 84,
     "BQ34_10000_0102": 97,
     "BQ34_10000_0103": 89,
     "BQ34_10000_0104": 91,
     "BQ34_10000_0105": 97,
     "BQ34_10000_0201": 59,
     "BQ34_10000_0202": 101,
     "BQ34_10000_0203": 118,
     "BQ34_10000_0204": 84,
     "BQ34_10000_0205": 99,
     "BQ34_10000_0301": 96,
     "BQ34_10000_0302": 101,
     "BQ34_10000_0303": 89,
     "BQ34_10000_0304": 99,
     "BQ34_10000_0305": 79,
     "BQ34_10000_0401": 109,
     "BQ34_10000_0402": 95,
     "BQ34_10000_0403": 84,
     "BQ34_10000_0404": 87,
     "BQ34_10000_0405": 95,
     "BQ34_10000_0501": 101,
     "BQ34_10000_0502": 98,
     "BQ34_10000_0503": 90,
     "BQ34_10000_0504": 54,
     "BQ34_10000_0505": 10,
     "BQ35_10000_0101": 88,
     "BQ35_10000_0102": 101,
     "BQ35_10000_0103": 98,
     "BQ35_10000_0104": 106,
     "BQ35_10000_0105": 83,
     "BQ35_10000_0201": 106,
     "BQ35_10000_0202": 92,
     "BQ35_10000_0203": 82,
     "BQ35_10000_0204": 68,
     "BQ35_10000_0205": 21,
     "BQ35_10000_0301": 92,
     "BQ35_10000_0302": 81,
     "BQ35_10000_0303": 60,
     "BQ35_10000_0401": 70,
     "BQ35_10000_0402": 27,
     "BQ36_10000_0101": 36,
     "BR20_10000_0402": 2,
     "BR20_10000_0403": 10,
     "BR20_10000_0404": 22,
     "BR20_10000_0405": 16,
     "BR20_10000_0501": 17,
     "BR20_10000_0502": 73,
     "BR20_10000_0503": 71,
     "BR20_10000_0504": 83,
     "BR20_10000_0505": 70,
     "BR21_10000_0104": 8,
     "BR21_10000_0105": 80,
     "BR21_10000_0203": 4,
     "BR21_10000_0204": 69,
     "BR21_10000_0205": 79,
     "BR21_10000_0302": 25,
     "BR21_10000_0303": 47,
     "BR21_10000_0304": 107,
     "BR21_10000_0305": 84,
     "BR21_10000_0401": 66,
     "BR21_10000_0402": 82,
     "BR21_10000_0403": 92,
     "BR21_10000_0404": 87,
     "BR21_10000_0405": 91,
     "BR21_10000_0501": 75,
     "BR21_10000_0502": 106,
     "BR21_10000_0503": 73,
     "BR21_10000_0504": 86,
     "BR21_10000_0505": 74,
     "BR22_10000_0101": 77,
     "BR22_10000_0102": 98,
     "BR22_10000_0103": 93,
     "BR22_10000_0104": 111,
     "BR22_10000_0105": 105,
     "BR22_10000_0201": 65,
     "BR22_10000_0202": 57,
     "BR22_10000_0203": 85,
     "BR22_10000_0204": 94,
     "BR22_10000_0205": 102,
     "BR22_10000_0301": 70,
     "BR22_10000_0302": 77,
     "BR22_10000_0303": 85,
     "BR22_10000_0304": 85,
     "BR22_10000_0305": 89,
     "BR22_10000_0401": 75,
     "BR22_10000_0402": 90,
     "BR22_10000_0403": 84,
     "BR22_10000_0404": 93,
     "BR22_10000_0405": 82,
     "BR22_10000_0501": 105,
     "BR22_10000_0502": 93,
     "BR22_10000_0503": 104,
     "BR22_10000_0504": 99,
     "BR22_10000_0505": 97,
     "BR23_10000_0101": 118,
     "BR23_10000_0102": 93,
     "BR23_10000_0103": 81,
     "BR23_10000_0104": 105,
     "BR23_10000_0105": 61,
     "BR23_10000_0201": 79,
     "BR23_10000_0202": 109,
     "BR23_10000_0203": 90,
     "BR23_10000_0204": 103,
     "BR23_10000_0205": 98,
     "BR23_10000_0301": 86,
     "BR23_10000_0302": 107,
     "BR23_10000_0303": 83,
     "BR23_10000_0304": 108,
     "BR23_10000_0305": 94,
     "BR23_10000_0401": 83,
     "BR23_10000_0402": 82,
     "BR23_10000_0403": 104,
     "BR23_10000_0404": 96,
     "BR23_10000_0405": 80,
     "BR23_10000_0501": 101,
     "BR23_10000_0502": 92,
     "BR23_10000_0503": 87,
     "BR23_10000_0504": 96,
     "BR23_10000_0505": 88,
     "BR24_10000_0101": 84,
     "BR24_10000_0102": 84,
     "BR24_10000_0103": 97,
     "BR24_10000_0104": 109,
     "BR24_10000_0105": 83,
     "BR24_10000_0201": 81,
     "BR24_10000_0202": 106,
     "BR24_10000_0203": 96,
     "BR24_10000_0204": 86,
     "BR24_10000_0205": 81,
     "BR24_10000_0301": 83,
     "BR24_10000_0302": 96,
     "BR24_10000_0303": 69,
     "BR24_10000_0304": 87,
     "BR24_10000_0305": 86,
     "BR24_10000_0401": 100,
     "BR24_10000_0402": 100,
     "BR24_10000_0403": 94,
     "BR24_10000_0404": 84,
     "BR24_10000_0405": 101,
     "BR24_10000_0501": 101,
     "BR24_10000_0502": 92,
     "BR24_10000_0503": 83,
     "BR24_10000_0504": 84,
     "BR24_10000_0505": 84,
     "BR25_10000_0101": 100,
     "BR25_10000_0102": 76,
     "BR25_10000_0103": 90,
     "BR25_10000_0104": 89,
     "BR25_10000_0105": 109,
     "BR25_10000_0201": 118,
     "BR25_10000_0202": 65,
     "BR25_10000_0203": 83,
     "BR25_10000_0204": 73,
     "BR25_10000_0205": 93,
     "BR25_10000_0301": 86,
     "BR25_10000_0302": 78,
     "BR25_10000_0303": 61,
     "BR25_10000_0304": 78,
     "BR25_10000_0305": 94,
     "BR25_10000_0401": 87,
     "BR25_10000_0402": 68,
     "BR25_10000_0403": 96,
     "BR25_10000_0404": 81,
     "BR25_10000_0405": 88,
     "BR25_10000_0501": 76,
     "BR25_10000_0502": 96,
     "BR25_10000_0503": 90,
     "BR25_10000_0504": 86,
     "BR25_10000_0505": 112,
     "BR26_10000_0101": 96,
     "BR26_10000_0102": 105,
     "BR26_10000_0103": 87,
     "BR26_10000_0104": 101,
     "BR26_10000_0105": 97,
     "BR26_10000_0201": 102,
     "BR26_10000_0202": 79,
     "BR26_10000_0203": 93,
     "BR26_10000_0204": 95,
     "BR26_10000_0205": 81,
     "BR26_10000_0301": 97,
     "BR26_10000_0302": 91,
     "BR26_10000_0303": 78,
     "BR26_10000_0304": 89,
     "BR26_10000_0305": 91,
     "BR26_10000_0401": 97,
     "BR26_10000_0402": 102,
     "BR26_10000_0403": 89,
     "BR26_10000_0404": 91,
     "BR26_10000_0405": 93,
     "BR26_10000_0501": 95,
     "BR26_10000_0502": 109,
     "BR26_10000_0503": 73,
     "BR26_10000_0504": 95,
     "BR26_10000_0505": 101,
     "BR27_10000_0101": 97,
     "BR27_10000_0102": 111,
     "BR27_10000_0103": 85,
     "BR27_10000_0104": 83,
     "BR27_10000_0105": 72,
     "BR27_10000_0201": 77,
     "BR27_10000_0202": 76,
     "BR27_10000_0203": 66,
     "BR27_10000_0204": 78,
     "BR27_10000_0205": 62,
     "BR27_10000_0301": 89,
     "BR27_10000_0302": 101,
     "BR27_10000_0303": 94,
     "BR27_10000_0304": 96,
     "BR27_10000_0305": 73,
     "BR27_10000_0401": 98,
     "BR27_10000_0402": 90,
     "BR27_10000_0403": 107,
     "BR27_10000_0404": 105,
     "BR27_10000_0405": 98,
     "BR27_10000_0501": 100,
     "BR27_10000_0502": 82,
     "BR27_10000_0503": 87,
     "BR27_10000_0504": 102,
     "BR27_10000_0505": 89,
     "BR28_10000_0101": 94,
     "BR28_10000_0102": 65,
     "BR28_10000_0103": 64,
     "BR28_10000_0104": 60,
     "BR28_10000_0105": 66,
     "BR28_10000_0201": 59,
     "BR28_10000_0202": 56,
     "BR28_10000_0203": 86,
     "BR28_10000_0204": 77,
     "BR28_10000_0205": 94,
     "BR28_10000_0301": 85,
     "BR28_10000_0302": 89,
     "BR28_10000_0303": 85,
     "BR28_10000_0304": 91,
     "BR28_10000_0305": 87,
     "BR28_10000_0401": 89,
     "BR28_10000_0402": 78,
     "BR28_10000_0403": 101,
     "BR28_10000_0404": 78,
     "BR28_10000_0405": 57,
     "BR28_10000_0501": 97,
     "BR28_10000_0502": 99,
     "BR28_10000_0503": 87,
     "BR28_10000_0504": 76,
     "BR28_10000_0505": 82,
     "BR29_10000_0101": 56,
     "BR29_10000_0102": 7,
     "BR29_10000_0103": 5,
     "BR29_10000_0201": 82,
     "BR29_10000_0202": 62,
     "BR29_10000_0203": 41,
     "BR29_10000_0301": 89,
     "BR29_10000_0302": 89,
     "BR29_10000_0303": 50,
     "BR29_10000_0401": 58,
     "BR29_10000_0402": 72,
     "BR29_10000_0403": 71,
     "BR29_10000_0404": 37,
     "BR29_10000_0405": 6,
     "BR29_10000_0501": 90,
     "BR29_10000_0502": 74,
     "BR29_10000_0503": 71,
     "BR29_10000_0504": 59,
     "BR29_10000_0505": 8,
     "BR33_10000_0101": 18,
     "BR33_10000_0102": 106,
     "BR33_10000_0103": 108,
     "BR33_10000_0104": 101,
     "BR33_10000_0105": 110,
     "BR33_10000_0202": 90,
     "BR33_10000_0203": 91,
     "BR33_10000_0204": 48,
     "BR33_10000_0205": 43,
     "BR33_10000_0302": 1,
     "BR33_10000_0303": 9,
     "BR34_10000_0101": 87,
     "BR34_10000_0102": 47,
     "BR34_10000_0103": 20,
     "BR34_10000_0201": 14,
     "BS19_10000_0305": 8,
     "BS19_10000_0405": 44,
     "BS19_10000_0504": 16,
     "BS19_10000_0505": 89,
     "BS20_10000_0101": 22,
     "BS20_10000_0102": 96,
     "BS20_10000_0103": 70,
     "BS20_10000_0104": 78,
     "BS20_10000_0105": 79,
     "BS20_10000_0201": 42,
     "BS20_10000_0202": 82,
     "BS20_10000_0203": 68,
     "BS20_10000_0204": 64,
     "BS20_10000_0205": 69,
     "BS20_10000_0301": 89,
     "BS20_10000_0302": 90,
     "BS20_10000_0303": 97,
     "BS20_10000_0304": 76,
     "BS20_10000_0305": 89,
     "BS20_10000_0401": 96,
     "BS20_10000_0402": 79,
     "BS20_10000_0403": 91,
     "BS20_10000_0404": 76,
     "BS20_10000_0405": 83,
     "BS20_10000_0501": 85,
     "BS20_10000_0502": 94,
     "BS20_10000_0503": 71,
     "BS20_10000_0504": 79,
     "BS20_10000_0505": 70,
     "BS21_10000_0101": 117,
     "BS21_10000_0102": 90,
     "BS21_10000_0103": 99,
     "BS21_10000_0104": 100,
     "BS21_10000_0105": 109,
     "BS21_10000_0201": 91,
     "BS21_10000_0202": 96,
     "BS21_10000_0203": 80,
     "BS21_10000_0204": 81,
     "BS21_10000_0205": 86,
     "BS21_10000_0301": 71,
     "BS21_10000_0302": 80,
     "BS21_10000_0303": 78,
     "BS21_10000_0304": 83,
     "BS21_10000_0305": 66,
     "BS21_10000_0401": 84,
     "BS21_10000_0402": 90,
     "BS21_10000_0403": 99,
     "BS21_10000_0404": 89,
     "BS21_10000_0405": 75,
     "BS21_10000_0501": 60,
     "BS21_10000_0502": 106,
     "BS21_10000_0503": 79,
     "BS21_10000_0504": 68,
     "BS21_10000_0505": 114,
     "BS22_10000_0101": 88,
     "BS22_10000_0102": 81,
     "BS22_10000_0103": 89,
     "BS22_10000_0104": 117,
     "BS22_10000_0105": 89,
     "BS22_10000_0201": 83,
     "BS22_10000_0202": 67,
     "BS22_10000_0203": 107,
     "BS22_10000_0204": 90,
     "BS22_10000_0205": 111,
     "BS22_10000_0301": 76,
     "BS22_10000_0302": 94,
     "BS22_10000_0303": 92,
     "BS22_10000_0304": 99,
     "BS22_10000_0305": 86,
     "BS22_10000_0401": 109,
     "BS22_10000_0402": 97,
     "BS22_10000_0403": 86,
     "BS22_10000_0404": 90,
     "BS22_10000_0405": 76,
     "BS22_10000_0501": 71,
     "BS22_10000_0502": 72,
     "BS22_10000_0503": 68,
     "BS22_10000_0504": 73,
     "BS22_10000_0505": 96,
     "BS23_10000_0101": 97,
     "BS23_10000_0102": 68,
     "BS23_10000_0103": 93,
     "BS23_10000_0104": 95,
     "BS23_10000_0105": 98,
     "BS23_10000_0201": 89,
     "BS23_10000_0202": 99,
     "BS23_10000_0203": 105,
     "BS23_10000_0204": 106,
     "BS23_10000_0205": 112,
     "BS23_10000_0301": 84,
     "BS23_10000_0302": 110,
     "BS23_10000_0303": 97,
     "BS23_10000_0304": 73,
     "BS23_10000_0305": 77,
     "BS23_10000_0401": 106,
     "BS23_10000_0402": 82,
     "BS23_10000_0403": 95,
     "BS23_10000_0404": 84,
     "BS23_10000_0405": 90,
     "BS23_10000_0501": 89,
     "BS23_10000_0502": 102,
     "BS23_10000_0503": 82,
     "BS23_10000_0504": 88,
     "BS23_10000_0505": 115,
     "BS24_10000_0101": 71,
     "BS24_10000_0102": 77,
     "BS24_10000_0103": 83,
     "BS24_10000_0104": 90,
     "BS24_10000_0105": 84,
     "BS24_10000_0201": 105,
     "BS24_10000_0202": 75,
     "BS24_10000_0203": 82,
     "BS24_10000_0204": 81,
     "BS24_10000_0205": 89,
     "BS24_10000_0301": 74,
     "BS24_10000_0302": 84,
     "BS24_10000_0303": 94,
     "BS24_10000_0304": 83,
     "BS24_10000_0305": 82,
     "BS24_10000_0401": 96,
     "BS24_10000_0402": 97,
     "BS24_10000_0403": 79,
     "BS24_10000_0404": 84,
     "BS24_10000_0405": 78,
     "BS24_10000_0501": 85,
     "BS24_10000_0502": 88,
     "BS24_10000_0503": 75,
     "BS24_10000_0504": 89,
     "BS24_10000_0505": 82,
     "BS25_10000_0101": 68,
     "BS25_10000_0102": 99,
     "BS25_10000_0103": 78,
     "BS25_10000_0104": 94,
     "BS25_10000_0105": 105,
     "BS25_10000_0201": 98,
     "BS25_10000_0202": 93,
     "BS25_10000_0203": 101,
     "BS25_10000_0204": 88,
     "BS25_10000_0205": 102,
     "BS25_10000_0301": 92,
     "BS25_10000_0302": 89,
     "BS25_10000_0303": 98,
     "BS25_10000_0304": 77,
     "BS25_10000_0305": 84,
     "BS25_10000_0401": 94,
     "BS25_10000_0402": 92,
     "BS25_10000_0403": 88,
     "BS25_10000_0404": 82,
     "BS25_10000_0405": 89,
     "BS25_10000_0501": 79,
     "BS25_10000_0502": 82,
     "BS25_10000_0503": 91,
     "BS25_10000_0504": 85,
     "BS25_10000_0505": 87,
     "BS26_10000_0101": 93,
     "BS26_10000_0102": 81,
     "BS26_10000_0103": 94,
     "BS26_10000_0104": 119,
     "BS26_10000_0105": 87,
     "BS26_10000_0201": 82,
     "BS26_10000_0202": 98,
     "BS26_10000_0203": 83,
     "BS26_10000_0204": 94,
     "BS26_10000_0205": 105,
     "BS26_10000_0301": 91,
     "BS26_10000_0302": 124,
     "BS26_10000_0303": 94,
     "BS26_10000_0304": 79,
     "BS26_10000_0305": 98,
     "BS26_10000_0401": 115,
     "BS26_10000_0402": 94,
     "BS26_10000_0403": 82,
     "BS26_10000_0404": 84,
     "BS26_10000_0405": 107,
     "BS26_10000_0501": 76,
     "BS26_10000_0502": 87,
     "BS26_10000_0503": 81,
     "BS26_10000_0504": 88,
     "BS26_10000_0505": 87,
     "BS27_10000_0101": 75,
     "BS27_10000_0102": 120,
     "BS27_10000_0103": 101,
     "BS27_10000_0104": 90,
     "BS27_10000_0105": 94,
     "BS27_10000_0201": 101,
     "BS27_10000_0202": 96,
     "BS27_10000_0203": 97,
     "BS27_10000_0204": 102,
     "BS27_10000_0205": 82,
     "BS27_10000_0301": 76,
     "BS27_10000_0302": 91,
     "BS27_10000_0303": 102,
     "BS27_10000_0304": 87,
     "BS27_10000_0305": 84,
     "BS27_10000_0401": 81,
     "BS27_10000_0402": 90,
     "BS27_10000_0403": 98,
     "BS27_10000_0404": 96,
     "BS27_10000_0405": 97,
     "BS27_10000_0501": 72,
     "BS27_10000_0502": 86,
     "BS27_10000_0503": 106,
     "BS27_10000_0504": 91,
     "BS27_10000_0505": 82,
     "BS28_10000_0101": 94,
     "BS28_10000_0102": 97,
     "BS28_10000_0103": 81,
     "BS28_10000_0104": 89,
     "BS28_10000_0105": 80,
     "BS28_10000_0201": 94,
     "BS28_10000_0202": 73,
     "BS28_10000_0203": 87,
     "BS28_10000_0204": 90,
     "BS28_10000_0205": 78,
     "BS28_10000_0301": 89,
     "BS28_10000_0302": 90,
     "BS28_10000_0303": 104,
     "BS28_10000_0304": 83,
     "BS28_10000_0305": 79,
     "BS28_10000_0401": 100,
     "BS28_10000_0402": 99,
     "BS28_10000_0403": 98,
     "BS28_10000_0404": 88,
     "BS28_10000_0405": 32,
     "BS28_10000_0501": 89,
     "BS28_10000_0502": 100,
     "BS28_10000_0503": 83,
     "BS28_10000_0504": 44,
     "BS29_10000_0101": 85,
     "BS29_10000_0102": 80,
     "BS29_10000_0103": 68,
     "BS29_10000_0104": 8,
     "BS29_10000_0201": 82,
     "BS29_10000_0202": 66,
     "BS29_10000_0203": 7,
     "BS29_10000_0301": 32,
     "BS29_10000_0302": 4,
     "BT19_10000_0104": 40,
     "BT19_10000_0105": 94,
     "BT19_10000_0204": 34,
     "BT19_10000_0205": 92,
     "BT19_10000_0303": 5,
     "BT19_10000_0304": 74,
     "BT19_10000_0305": 90,
     "BT19_10000_0402": 1,
     "BT19_10000_0403": 49,
     "BT19_10000_0404": 84,
     "BT19_10000_0405": 78,
     "BT19_10000_0502": 35,
     "BT19_10000_0503": 77,
     "BT19_10000_0504": 90,
     "BT19_10000_0505": 86,
     "BT20_10000_0101": 94,
     "BT20_10000_0102": 100,
     "BT20_10000_0103": 75,
     "BT20_10000_0104": 82,
     "BT20_10000_0105": 60,
     "BT20_10000_0201": 92,
     "BT20_10000_0202": 91,
     "BT20_10000_0203": 71,
     "BT20_10000_0204": 51,
     "BT20_10000_0205": 97,
     "BT20_10000_0301": 80,
     "BT20_10000_0302": 87,
     "BT20_10000_0303": 69,
     "BT20_10000_0304": 75,
     "BT20_10000_0305": 82,
     "BT20_10000_0401": 99,
     "BT20_10000_0402": 88,
     "BT20_10000_0403": 90,
     "BT20_10000_0404": 84,
     "BT20_10000_0405": 85,
     "BT20_10000_0501": 87,
     "BT20_10000_0502": 80,
     "BT20_10000_0503": 74,
     "BT20_10000_0504": 65,
     "BT20_10000_0505": 95,
     "BT21_10000_0101": 87,
     "BT21_10000_0102": 100,
     "BT21_10000_0103": 95,
     "BT21_10000_0104": 84,
     "BT21_10000_0105": 92,
     "BT21_10000_0201": 99,
     "BT21_10000_0202": 83,
     "BT21_10000_0203": 91,
     "BT21_10000_0204": 88,
     "BT21_10000_0205": 90,
     "BT21_10000_0301": 73,
     "BT21_10000_0302": 74,
     "BT21_10000_0303": 75,
     "BT21_10000_0304": 90,
     "BT21_10000_0305": 90,
     "BT21_10000_0401": 88,
     "BT21_10000_0402": 77,
     "BT21_10000_0403": 96,
     "BT21_10000_0404": 66,
     "BT21_10000_0405": 101,
     "BT21_10000_0501": 78,
     "BT21_10000_0502": 91,
     "BT21_10000_0503": 70,
     "BT21_10000_0504": 107,
     "BT21_10000_0505": 86,
     "BT22_10000_0101": 88,
     "BT22_10000_0102": 84,
     "BT22_10000_0103": 63,
     "BT22_10000_0104": 77,
     "BT22_10000_0105": 85,
     "BT22_10000_0201": 84,
     "BT22_10000_0202": 86,
     "BT22_10000_0203": 62,
     "BT22_10000_0204": 69,
     "BT22_10000_0205": 68,
     "BT22_10000_0301": 83,
     "BT22_10000_0302": 70,
     "BT22_10000_0303": 68,
     "BT22_10000_0304": 109,
     "BT22_10000_0305": 76,
     "BT22_10000_0401": 77,
     "BT22_10000_0402": 82,
     "BT22_10000_0403": 75,
     "BT22_10000_0404": 65,
     "BT22_10000_0405": 90,
     "BT22_10000_0501": 88,
     "BT22_10000_0502": 73,
     "BT22_10000_0503": 81,
     "BT22_10000_0504": 91,
     "BT22_10000_0505": 76,
     "BT23_10000_0101": 93,
     "BT23_10000_0102": 93,
     "BT23_10000_0103": 94,
     "BT23_10000_0104": 95,
     "BT23_10000_0105": 98,
     "BT23_10000_0201": 90,
     "BT23_10000_0202": 76,
     "BT23_10000_0203": 84,
     "BT23_10000_0204": 83,
     "BT23_10000_0205": 82,
     "BT23_10000_0301": 92,
     "BT23_10000_0302": 112,
     "BT23_10000_0303": 73,
     "BT23_10000_0304": 76,
     "BT23_10000_0305": 98,
     "BT23_10000_0401": 87,
     "BT23_10000_0402": 77,
     "BT23_10000_0403": 91,
     "BT23_10000_0404": 102,
     "BT23_10000_0405": 82,
     "BT23_10000_0501": 84,
     "BT23_10000_0502": 73,
     "BT23_10000_0503": 76,
     "BT23_10000_0504": 95,
     "BT23_10000_0505": 79,
     "BT24_10000_0101": 91,
     "BT24_10000_0102": 96,
     "BT24_10000_0103": 82,
     "BT24_10000_0104": 81,
     "BT24_10000_0105": 85,
     "BT24_10000_0201": 79,
     "BT24_10000_0202": 84,
     "BT24_10000_0203": 95,
     "BT24_10000_0204": 95,
     "BT24_10000_0205": 86,
     "BT24_10000_0301": 93,
     "BT24_10000_0302": 90,
     "BT24_10000_0303": 74,
     "BT24_10000_0304": 95,
     "BT24_10000_0305": 89,
     "BT24_10000_0401": 106,
     "BT24_10000_0402": 91,
     "BT24_10000_0403": 87,
     "BT24_10000_0404": 94,
     "BT24_10000_0405": 92,
     "BT24_10000_0501": 92,
     "BT24_10000_0502": 85,
     "BT24_10000_0503": 93,
     "BT24_10000_0504": 103,
     "BT24_10000_0505": 101,
     "BT25_10000_0101": 88,
     "BT25_10000_0102": 106,
     "BT25_10000_0103": 83,
     "BT25_10000_0104": 115,
     "BT25_10000_0105": 99,
     "BT25_10000_0201": 84,
     "BT25_10000_0202": 91,
     "BT25_10000_0203": 91,
     "BT25_10000_0204": 101,
     "BT25_10000_0205": 96,
     "BT25_10000_0301": 97,
     "BT25_10000_0302": 95,
     "BT25_10000_0303": 106,
     "BT25_10000_0304": 82,
     "BT25_10000_0305": 99,
     "BT25_10000_0401": 110,
     "BT25_10000_0402": 89,
     "BT25_10000_0403": 115,
     "BT25_10000_0404": 100,
     "BT25_10000_0405": 82,
     "BT25_10000_0501": 101,
     "BT25_10000_0502": 88,
     "BT25_10000_0503": 77,
     "BT25_10000_0504": 96,
     "BT25_10000_0505": 83,
     "BT26_10000_0101": 89,
     "BT26_10000_0102": 86,
     "BT26_10000_0103": 93,
     "BT26_10000_0104": 96,
     "BT26_10000_0105": 79,
     "BT26_10000_0201": 90,
     "BT26_10000_0202": 85,
     "BT26_10000_0203": 81,
     "BT26_10000_0204": 95,
     "BT26_10000_0205": 81,
     "BT26_10000_0301": 76,
     "BT26_10000_0302": 102,
     "BT26_10000_0303": 95,
     "BT26_10000_0304": 92,
     "BT26_10000_0305": 100,
     "BT26_10000_0401": 92,
     "BT26_10000_0402": 92,
     "BT26_10000_0403": 82,
     "BT26_10000_0404": 82,
     "BT26_10000_0405": 82,
     "BT26_10000_0501": 83,
     "BT26_10000_0502": 73,
     "BT26_10000_0503": 74,
     "BT26_10000_0504": 93,
     "BT26_10000_0505": 80,
     "BT27_10000_0101": 101,
     "BT27_10000_0102": 86,
     "BT27_10000_0103": 89,
     "BT27_10000_0104": 102,
     "BT27_10000_0105": 82,
     "BT27_10000_0201": 92,
     "BT27_10000_0202": 83,
     "BT27_10000_0203": 100,
     "BT27_10000_0204": 83,
     "BT27_10000_0205": 76,
     "BT27_10000_0301": 85,
     "BT27_10000_0302": 77,
     "BT27_10000_0303": 94,
     "BT27_10000_0304": 73,
     "BT27_10000_0305": 93,
     "BT27_10000_0401": 98,
     "BT27_10000_0402": 97,
     "BT27_10000_0403": 75,
     "BT27_10000_0404": 78,
     "BT27_10000_0405": 48,
     "BT27_10000_0501": 87,
     "BT27_10000_0502": 82,
     "BT27_10000_0503": 55,
     "BT27_10000_0504": 16,
     "BT27_10000_0505": 6,
     "BT28_10000_0101": 93,
     "BT28_10000_0102": 85,
     "BT28_10000_0103": 61,
     "BT28_10000_0104": 32,
     "BT28_10000_0201": 80,
     "BT28_10000_0202": 71,
     "BT28_10000_0203": 12,
     "BT28_10000_0301": 32,
     "BU18_10000_0305": 27,
     "BU18_10000_0404": 52,
     "BU18_10000_0405": 78,
     "BU18_10000_0502": 1,
     "BU18_10000_0503": 58,
     "BU18_10000_0504": 71,
     "BU18_10000_0505": 74,
     "BU19_10000_0102": 67,
     "BU19_10000_0103": 91,
     "BU19_10000_0104": 83,
     "BU19_10000_0105": 96,
     "BU19_10000_0201": 36,
     "BU19_10000_0202": 89,
     "BU19_10000_0203": 69,
     "BU19_10000_0204": 68,
     "BU19_10000_0205": 61,
     "BU19_10000_0301": 52,
     "BU19_10000_0302": 78,
     "BU19_10000_0303": 90,
     "BU19_10000_0304": 63,
     "BU19_10000_0305": 76,
     "BU19_10000_0401": 59,
     "BU19_10000_0402": 75,
     "BU19_10000_0403": 89,
     "BU19_10000_0404": 68,
     "BU19_10000_0405": 66,
     "BU19_10000_0501": 80,
     "BU19_10000_0502": 104,
     "BU19_10000_0503": 97,
     "BU19_10000_0504": 82,
     "BU19_10000_0505": 93,
     "BU20_10000_0101": 84,
     "BU20_10000_0102": 82,
     "BU20_10000_0103": 72,
     "BU20_10000_0104": 74,
     "BU20_10000_0105": 86,
     "BU20_10000_0201": 68,
     "BU20_10000_0202": 92,
     "BU20_10000_0203": 84,
     "BU20_10000_0204": 83,
     "BU20_10000_0205": 78,
     "BU20_10000_0301": 68,
     "BU20_10000_0302": 48,
     "BU20_10000_0303": 90,
     "BU20_10000_0304": 81,
     "BU20_10000_0305": 102,
     "BU20_10000_0401": 68,
     "BU20_10000_0402": 76,
     "BU20_10000_0403": 73,
     "BU20_10000_0404": 70,
     "BU20_10000_0405": 104,
     "BU20_10000_0501": 89,
     "BU20_10000_0502": 85,
     "BU20_10000_0503": 95,
     "BU20_10000_0504": 84,
     "BU20_10000_0505": 100,
     "BU21_10000_0101": 59,
     "BU21_10000_0102": 85,
     "BU21_10000_0103": 65,
     "BU21_10000_0104": 83,
     "BU21_10000_0105": 80,
     "BU21_10000_0201": 91,
     "BU21_10000_0202": 77,
     "BU21_10000_0203": 79,
     "BU21_10000_0204": 92,
     "BU21_10000_0205": 100,
     "BU21_10000_0301": 84,
     "BU21_10000_0302": 93,
     "BU21_10000_0303": 72,
     "BU21_10000_0304": 76,
     "BU21_10000_0305": 89,
     "BU21_10000_0401": 104,
     "BU21_10000_0402": 101,
     "BU21_10000_0403": 83,
     "BU21_10000_0404": 94,
     "BU21_10000_0405": 92,
     "BU21_10000_0501": 87,
     "BU21_10000_0502": 82,
     "BU21_10000_0503": 88,
     "BU21_10000_0504": 78,
     "BU21_10000_0505": 82,
     "BU22_10000_0101": 73,
     "BU22_10000_0102": 92,
     "BU22_10000_0103": 78,
     "BU22_10000_0104": 90,
     "BU22_10000_0105": 91,
     "BU22_10000_0201": 106,
     "BU22_10000_0202": 92,
     "BU22_10000_0203": 70,
     "BU22_10000_0204": 83,
     "BU22_10000_0205": 67,
     "BU22_10000_0301": 83,
     "BU22_10000_0302": 93,
     "BU22_10000_0303": 86,
     "BU22_10000_0304": 96,
     "BU22_10000_0305": 91,
     "BU22_10000_0401": 100,
     "BU22_10000_0402": 90,
     "BU22_10000_0403": 83,
     "BU22_10000_0404": 77,
     "BU22_10000_0405": 82,
     "BU22_10000_0501": 81,
     "BU22_10000_0502": 89,
     "BU22_10000_0503": 75,
     "BU22_10000_0504": 97,
     "BU22_10000_0505": 85,
     "BU23_10000_0101": 94,
     "BU23_10000_0102": 100,
     "BU23_10000_0103": 78,
     "BU23_10000_0104": 98,
     "BU23_10000_0105": 99,
     "BU23_10000_0201": 102,
     "BU23_10000_0202": 99,
     "BU23_10000_0203": 85,
     "BU23_10000_0204": 89,
     "BU23_10000_0205": 97,
     "BU23_10000_0301": 89,
     "BU23_10000_0302": 98,
     "BU23_10000_0303": 96,
     "BU23_10000_0304": 83,
     "BU23_10000_0305": 103,
     "BU23_10000_0401": 94,
     "BU23_10000_0402": 80,
     "BU23_10000_0403": 89,
     "BU23_10000_0404": 88,
     "BU23_10000_0405": 96,
     "BU23_10000_0501": 100,
     "BU23_10000_0502": 92,
     "BU23_10000_0503": 91,
     "BU23_10000_0504": 95,
     "BU23_10000_0505": 105,
     "BU24_10000_0101": 106,
     "BU24_10000_0102": 98,
     "BU24_10000_0103": 98,
     "BU24_10000_0104": 76,
     "BU24_10000_0105": 84,
     "BU24_10000_0201": 89,
     "BU24_10000_0202": 81,
     "BU24_10000_0203": 91,
     "BU24_10000_0204": 100,
     "BU24_10000_0205": 89,
     "BU24_10000_0301": 97,
     "BU24_10000_0302": 82,
     "BU24_10000_0303": 100,
     "BU24_10000_0304": 89,
     "BU24_10000_0305": 102,
     "BU24_10000_0401": 101,
     "BU24_10000_0402": 79,
     "BU24_10000_0403": 97,
     "BU24_10000_0404": 86,
     "BU24_10000_0405": 78,
     "BU24_10000_0501": 91,
     "BU24_10000_0502": 77,
     "BU24_10000_0503": 82,
     "BU24_10000_0504": 83,
     "BU24_10000_0505": 68,
     "BU25_10000_0101": 85,
     "BU25_10000_0102": 78,
     "BU25_10000_0103": 83,
     "BU25_10000_0104": 81,
     "BU25_10000_0105": 92,
     "BU25_10000_0201": 83,
     "BU25_10000_0202": 87,
     "BU25_10000_0203": 89,
     "BU25_10000_0204": 78,
     "BU25_10000_0205": 90,
     "BU25_10000_0301": 94,
     "BU25_10000_0302": 71,
     "BU25_10000_0303": 77,
     "BU25_10000_0304": 78,
     "BU25_10000_0305": 83,
     "BU25_10000_0401": 78,
     "BU25_10000_0402": 76,
     "BU25_10000_0403": 80,
     "BU25_10000_0404": 83,
     "BU25_10000_0405": 90,
     "BU25_10000_0501": 72,
     "BU25_10000_0502": 76,
     "BU25_10000_0503": 83,
     "BU25_10000_0504": 94,
     "BU25_10000_0505": 86,
     "BU26_10000_0101": 76,
     "BU26_10000_0102": 87,
     "BU26_10000_0103": 116,
     "BU26_10000_0104": 99,
     "BU26_10000_0105": 89,
     "BU26_10000_0201": 86,
     "BU26_10000_0202": 102,
     "BU26_10000_0203": 88,
     "BU26_10000_0204": 90,
     "BU26_10000_0205": 88,
     "BU26_10000_0301": 84,
     "BU26_10000_0302": 78,
     "BU26_10000_0303": 91,
     "BU26_10000_0304": 77,
     "BU26_10000_0305": 81,
     "BU26_10000_0401": 71,
     "BU26_10000_0402": 80,
     "BU26_10000_0403": 98,
     "BU26_10000_0404": 52,
     "BU26_10000_0405": 44,
     "BU26_10000_0501": 77,
     "BU26_10000_0502": 68,
     "BU26_10000_0503": 100,
     "BU26_10000_0504": 75,
     "BU26_10000_0505": 9,
     "BU27_10000_0101": 89,
     "BU27_10000_0102": 35,
     "BU27_10000_0201": 70,
     "BU27_10000_0202": 6,
     "BU27_10000_0301": 30,
     "BV16_10000_0405": 2,
     "BV16_10000_0503": 2,
     "BV16_10000_0504": 40,
     "BV16_10000_0505": 84,
     "BV17_10000_0205": 14,
     "BV17_10000_0303": 17,
     "BV17_10000_0304": 35,
     "BV17_10000_0305": 83,
     "BV17_10000_0401": 14,
     "BV17_10000_0402": 34,
     "BV17_10000_0403": 67,
     "BV17_10000_0404": 72,
     "BV17_10000_0405": 88,
     "BV17_10000_0501": 77,
     "BV17_10000_0502": 81,
     "BV17_10000_0503": 85,
     "BV17_10000_0504": 83,
     "BV17_10000_0505": 75,
     "BV18_10000_0102": 41,
     "BV18_10000_0103": 76,
     "BV18_10000_0104": 70,
     "BV18_10000_0105": 83,
     "BV18_10000_0201": 56,
     "BV18_10000_0202": 57,
     "BV18_10000_0203": 67,
     "BV18_10000_0204": 66,
     "BV18_10000_0205": 73,
     "BV18_10000_0301": 67,
     "BV18_10000_0302": 90,
     "BV18_10000_0303": 109,
     "BV18_10000_0304": 85,
     "BV18_10000_0305": 58,
     "BV18_10000_0401": 100,
     "BV18_10000_0402": 88,
     "BV18_10000_0403": 86,
     "BV18_10000_0404": 98,
     "BV18_10000_0405": 87,
     "BV18_10000_0501": 76,
     "BV18_10000_0502": 90,
     "BV18_10000_0503": 86,
     "BV18_10000_0504": 99,
     "BV18_10000_0505": 87,
     "BV19_10000_0101": 58,
     "BV19_10000_0102": 74,
     "BV19_10000_0103": 99,
     "BV19_10000_0104": 90,
     "BV19_10000_0105": 96,
     "BV19_10000_0201": 78,
     "BV19_10000_0202": 91,
     "BV19_10000_0203": 89,
     "BV19_10000_0204": 112,
     "BV19_10000_0205": 113,
     "BV19_10000_0301": 79,
     "BV19_10000_0302": 97,
     "BV19_10000_0303": 105,
     "BV19_10000_0304": 67,
     "BV19_10000_0305": 92,
     "BV19_10000_0401": 103,
     "BV19_10000_0402": 100,
     "BV19_10000_0403": 92,
     "BV19_10000_0404": 93,
     "BV19_10000_0405": 88,
     "BV19_10000_0501": 90,
     "BV19_10000_0502": 81,
     "BV19_10000_0503": 94,
     "BV19_10000_0504": 100,
     "BV19_10000_0505": 92,
     "BV20_10000_0101": 93,
     "BV20_10000_0102": 114,
     "BV20_10000_0103": 77,
     "BV20_10000_0104": 109,
     "BV20_10000_0105": 80,
     "BV20_10000_0201": 93,
     "BV20_10000_0202": 84,
     "BV20_10000_0203": 96,
     "BV20_10000_0204": 84,
     "BV20_10000_0205": 87,
     "BV20_10000_0301": 82,
     "BV20_10000_0302": 78,
     "BV20_10000_0303": 84,
     "BV20_10000_0304": 81,
     "BV20_10000_0305": 100,
     "BV20_10000_0401": 97,
     "BV20_10000_0402": 87,
     "BV20_10000_0403": 90,
     "BV20_10000_0404": 85,
     "BV20_10000_0405": 90,
     "BV20_10000_0501": 93,
     "BV20_10000_0502": 101,
     "BV20_10000_0503": 65,
     "BV20_10000_0504": 77,
     "BV20_10000_0505": 63,
     "BV21_10000_0101": 78,
     "BV21_10000_0102": 81,
     "BV21_10000_0103": 115,
     "BV21_10000_0104": 95,
     "BV21_10000_0105": 84,
     "BV21_10000_0201": 91,
     "BV21_10000_0202": 86,
     "BV21_10000_0203": 78,
     "BV21_10000_0204": 86,
     "BV21_10000_0205": 97,
     "BV21_10000_0301": 85,
     "BV21_10000_0302": 87,
     "BV21_10000_0303": 76,
     "BV21_10000_0304": 109,
     "BV21_10000_0305": 79,
     "BV21_10000_0401": 91,
     "BV21_10000_0402": 99,
     "BV21_10000_0403": 92,
     "BV21_10000_0404": 90,
     "BV21_10000_0405": 83,
     "BV21_10000_0501": 85,
     "BV21_10000_0502": 79,
     "BV21_10000_0503": 86,
     "BV21_10000_0504": 92,
     "BV21_10000_0505": 98,
     "BV22_10000_0101": 101,
     "BV22_10000_0102": 73,
     "BV22_10000_0103": 84,
     "BV22_10000_0104": 115,
     "BV22_10000_0105": 95,
     "BV22_10000_0201": 89,
     "BV22_10000_0202": 83,
     "BV22_10000_0203": 80,
     "BV22_10000_0204": 85,
     "BV22_10000_0205": 72,
     "BV22_10000_0301": 90,
     "BV22_10000_0302": 75,
     "BV22_10000_0303": 102,
     "BV22_10000_0304": 95,
     "BV22_10000_0305": 76,
     "BV22_10000_0401": 97,
     "BV22_10000_0402": 103,
     "BV22_10000_0403": 93,
     "BV22_10000_0404": 94,
     "BV22_10000_0405": 81,
     "BV22_10000_0501": 79,
     "BV22_10000_0502": 82,
     "BV22_10000_0503": 98,
     "BV22_10000_0504": 87,
     "BV22_10000_0505": 109,
     "BV23_10000_0101": 77,
     "BV23_10000_0102": 91,
     "BV23_10000_0103": 91,
     "BV23_10000_0104": 91,
     "BV23_10000_0105": 83,
     "BV23_10000_0201": 93,
     "BV23_10000_0202": 89,
     "BV23_10000_0203": 87,
     "BV23_10000_0204": 104,
     "BV23_10000_0205": 52,
     "BV23_10000_0301": 101,
     "BV23_10000_0302": 90,
     "BV23_10000_0303": 82,
     "BV23_10000_0304": 102,
     "BV23_10000_0305": 78,
     "BV23_10000_0401": 84,
     "BV23_10000_0402": 102,
     "BV23_10000_0403": 89,
     "BV23_10000_0404": 84,
     "BV23_10000_0405": 91,
     "BV23_10000_0501": 87,
     "BV23_10000_0502": 84,
     "BV23_10000_0503": 81,
     "BV23_10000_0504": 79,
     "BV23_10000_0505": 86,
     "BV24_10000_0101": 93,
     "BV24_10000_0102": 82,
     "BV24_10000_0103": 76,
     "BV24_10000_0104": 65,
     "BV24_10000_0105": 77,
     "BV24_10000_0201": 85,
     "BV24_10000_0202": 75,
     "BV24_10000_0203": 95,
     "BV24_10000_0204": 94,
     "BV24_10000_0205": 81,
     "BV24_10000_0301": 71,
     "BV24_10000_0302": 74,
     "BV24_10000_0303": 77,
     "BV24_10000_0304": 83,
     "BV24_10000_0305": 97,
     "BV24_10000_0401": 78,
     "BV24_10000_0402": 66,
     "BV24_10000_0403": 81,
     "BV24_10000_0404": 86,
     "BV24_10000_0405": 96,
     "BV24_10000_0501": 88,
     "BV24_10000_0502": 79,
     "BV24_10000_0503": 76,
     "BV24_10000_0504": 92,
     "BV24_10000_0505": 92,
     "BV25_10000_0101": 91,
     "BV25_10000_0102": 84,
     "BV25_10000_0103": 75,
     "BV25_10000_0104": 102,
     "BV25_10000_0105": 92,
     "BV25_10000_0201": 91,
     "BV25_10000_0202": 66,
     "BV25_10000_0203": 109,
     "BV25_10000_0204": 91,
     "BV25_10000_0205": 76,
     "BV25_10000_0301": 99,
     "BV25_10000_0302": 85,
     "BV25_10000_0303": 87,
     "BV25_10000_0304": 95,
     "BV25_10000_0305": 88,
     "BV25_10000_0401": 95,
     "BV25_10000_0402": 104,
     "BV25_10000_0403": 94,
     "BV25_10000_0404": 70,
     "BV25_10000_0405": 23,
     "BV25_10000_0501": 68,
     "BV25_10000_0502": 40,
     "BV25_10000_0503": 15,
     "BV26_10000_0101": 70,
     "BV26_10000_0102": 80,
     "BV26_10000_0103": 80,
     "BV26_10000_0104": 18,
     "BV26_10000_0201": 93,
     "BV26_10000_0202": 75,
     "BV26_10000_0203": 38,
     "BV26_10000_0301": 85,
     "BV26_10000_0302": 49,
     "BV26_10000_0303": 5,
     "BW14_10000_0505": 7,
     "BW15_10000_0205": 9,
     "BW15_10000_0304": 28,
     "BW15_10000_0305": 75,
     "BW15_10000_0402": 3,
     "BW15_10000_0403": 41,
     "BW15_10000_0404": 81,
     "BW15_10000_0405": 61,
     "BW15_10000_0501": 18,
     "BW15_10000_0502": 53,
     "BW15_10000_0503": 66,
     "BW15_10000_0504": 57,
     "BW15_10000_0505": 87,
     "BW16_10000_0101": 11,
     "BW16_10000_0102": 50,
     "BW16_10000_0103": 61,
     "BW16_10000_0104": 66,
     "BW16_10000_0105": 73,
     "BW16_10000_0201": 57,
     "BW16_10000_0202": 85,
     "BW16_10000_0203": 76,
     "BW16_10000_0204": 77,
     "BW16_10000_0205": 81,
     "BW16_10000_0301": 87,
     "BW16_10000_0302": 59,
     "BW16_10000_0303": 67,
     "BW16_10000_0304": 70,
     "BW16_10000_0305": 66,
     "BW16_10000_0401": 81,
     "BW16_10000_0402": 92,
     "BW16_10000_0403": 96,
     "BW16_10000_0404": 92,
     "BW16_10000_0405": 95,
     "BW16_10000_0501": 71,
     "BW16_10000_0502": 106,
     "BW16_10000_0503": 79,
     "BW16_10000_0504": 91,
     "BW16_10000_0505": 88,
     "BW17_10000_0101": 87,
     "BW17_10000_0102": 52,
     "BW17_10000_0103": 90,
     "BW17_10000_0104": 82,
     "BW17_10000_0105": 100,
     "BW17_10000_0201": 77,
     "BW17_10000_0202": 57,
     "BW17_10000_0203": 104,
     "BW17_10000_0204": 105,
     "BW17_10000_0205": 85,
     "BW17_10000_0301": 87,
     "BW17_10000_0302": 109,
     "BW17_10000_0303": 88,
     "BW17_10000_0304": 100,
     "BW17_10000_0305": 98,
     "BW17_10000_0401": 87,
     "BW17_10000_0402": 72,
     "BW17_10000_0403": 76,
     "BW17_10000_0404": 93,
     "BW17_10000_0405": 84,
     "BW17_10000_0501": 81,
     "BW17_10000_0502": 105,
     "BW17_10000_0503": 101,
     "BW17_10000_0504": 102,
     "BW17_10000_0505": 82,
     "BW18_10000_0101": 102,
     "BW18_10000_0102": 99,
     "BW18_10000_0103": 89,
     "BW18_10000_0104": 110,
     "BW18_10000_0105": 80,
     "BW18_10000_0201": 108,
     "BW18_10000_0202": 100,
     "BW18_10000_0203": 71,
     "BW18_10000_0204": 96,
     "BW18_10000_0205": 94,
     "BW18_10000_0301": 93,
     "BW18_10000_0302": 77,
     "BW18_10000_0303": 97,
     "BW18_10000_0304": 104,
     "BW18_10000_0305": 119,
     "BW18_10000_0401": 97,
     "BW18_10000_0402": 88,
     "BW18_10000_0403": 84,
     "BW18_10000_0404": 70,
     "BW18_10000_0405": 87,
     "BW18_10000_0501": 112,
     "BW18_10000_0502": 73,
     "BW18_10000_0503": 93,
     "BW18_10000_0504": 83,
     "BW18_10000_0505": 95,
     "BW19_10000_0101": 90,
     "BW19_10000_0102": 112,
     "BW19_10000_0103": 101,
     "BW19_10000_0104": 98,
     "BW19_10000_0105": 77,
     "BW19_10000_0201": 114,
     "BW19_10000_0202": 87,
     "BW19_10000_0203": 74,
     "BW19_10000_0204": 70,
     "BW19_10000_0205": 74,
     "BW19_10000_0301": 61,
     "BW19_10000_0302": 61,
     "BW19_10000_0303": 97,
     "BW19_10000_0304": 72,
     "BW19_10000_0305": 76,
     "BW19_10000_0401": 102,
     "BW19_10000_0402": 81,
     "BW19_10000_0403": 77,
     "BW19_10000_0404": 79,
     "BW19_10000_0405": 98,
     "BW19_10000_0501": 68,
     "BW19_10000_0502": 110,
     "BW19_10000_0503": 78,
     "BW19_10000_0504": 77,
     "BW19_10000_0505": 105,
     "BW20_10000_0101": 89,
     "BW20_10000_0102": 70,
     "BW20_10000_0103": 95,
     "BW20_10000_0104": 79,
     "BW20_10000_0105": 91,
     "BW20_10000_0201": 108,
     "BW20_10000_0202": 109,
     "BW20_10000_0203": 95,
     "BW20_10000_0204": 92,
     "BW20_10000_0205": 76,
     "BW20_10000_0301": 85,
     "BW20_10000_0302": 62,
     "BW20_10000_0303": 77,
     "BW20_10000_0304": 73,
     "BW20_10000_0305": 88,
     "BW20_10000_0401": 97,
     "BW20_10000_0402": 95,
     "BW20_10000_0403": 66,
     "BW20_10000_0404": 62,
     "BW20_10000_0405": 92,
     "BW20_10000_0501": 75,
     "BW20_10000_0502": 85,
     "BW20_10000_0503": 79,
     "BW20_10000_0504": 107,
     "BW20_10000_0505": 72,
     "BW21_10000_0101": 77,
     "BW21_10000_0102": 83,
     "BW21_10000_0103": 90,
     "BW21_10000_0104": 87,
     "BW21_10000_0105": 97,
     "BW21_10000_0201": 97,
     "BW21_10000_0202": 96,
     "BW21_10000_0203": 84,
     "BW21_10000_0204": 101,
     "BW21_10000_0205": 104,
     "BW21_10000_0301": 104,
     "BW21_10000_0302": 77,
     "BW21_10000_0303": 93,
     "BW21_10000_0304": 64,
     "BW21_10000_0305": 93,
     "BW21_10000_0401": 103,
     "BW21_10000_0402": 72,
     "BW21_10000_0403": 76,
     "BW21_10000_0404": 85,
     "BW21_10000_0405": 68,
     "BW21_10000_0501": 85,
     "BW21_10000_0502": 91,
     "BW21_10000_0503": 100,
     "BW21_10000_0504": 85,
     "BW21_10000_0505": 83,
     "BW22_10000_0101": 75,
     "BW22_10000_0102": 84,
     "BW22_10000_0103": 70,
     "BW22_10000_0104": 99,
     "BW22_10000_0105": 80,
     "BW22_10000_0201": 76,
     "BW22_10000_0202": 104,
     "BW22_10000_0203": 104,
     "BW22_10000_0204": 81,
     "BW22_10000_0205": 82,
     "BW22_10000_0301": 64,
     "BW22_10000_0302": 67,
     "BW22_10000_0303": 77,
     "BW22_10000_0304": 67,
     "BW22_10000_0305": 87,
     "BW22_10000_0401": 60,
     "BW22_10000_0402": 64,
     "BW22_10000_0403": 57,
     "BW22_10000_0404": 76,
     "BW22_10000_0405": 58,
     "BW22_10000_0501": 84,
     "BW22_10000_0502": 55,
     "BW22_10000_0503": 70,
     "BW22_10000_0504": 60,
     "BW22_10000_0505": 64,
     "BW23_10000_0101": 102,
     "BW23_10000_0102": 81,
     "BW23_10000_0103": 83,
     "BW23_10000_0104": 87,
     "BW23_10000_0105": 65,
     "BW23_10000_0201": 78,
     "BW23_10000_0202": 71,
     "BW23_10000_0203": 79,
     "BW23_10000_0204": 66,
     "BW23_10000_0205": 73,
     "BW23_10000_0301": 56,
     "BW23_10000_0302": 73,
     "BW23_10000_0303": 81,
     "BW23_10000_0304": 66,
     "BW23_10000_0305": 46,
     "BW23_10000_0401": 56,
     "BW23_10000_0402": 36,
     "BW23_10000_0403": 45,
     "BW23_10000_0404": 75,
     "BW23_10000_0405": 58,
     "BW23_10000_0501": 55,
     "BW23_10000_0502": 51,
     "BW23_10000_0503": 61,
     "BW23_10000_0504": 58,
     "BW23_10000_0505": 58,
     "BW24_10000_0101": 78,
     "BW24_10000_0102": 80,
     "BW24_10000_0103": 84,
     "BW24_10000_0104": 71,
     "BW24_10000_0105": 26,
     "BW24_10000_0201": 68,
     "BW24_10000_0202": 67,
     "BW24_10000_0203": 77,
     "BW24_10000_0204": 28,
     "BW24_10000_0301": 54,
     "BW24_10000_0302": 65,
     "BW24_10000_0303": 73,
     "BW24_10000_0401": 64,
     "BW24_10000_0402": 84,
     "BW24_10000_0403": 43,
     "BW24_10000_0501": 59,
     "BW24_10000_0502": 98,
     "BW24_10000_0503": 52,
     "BW25_10000_0101": 2,
     "BX12_10000_0505": 6,
     "BX13_10000_0402": 3,
     "BX13_10000_0403": 22,
     "BX13_10000_0404": 29,
     "BX13_10000_0405": 67,
     "BX13_10000_0501": 29,
     "BX13_10000_0502": 75,
     "BX13_10000_0503": 92,
     "BX13_10000_0504": 86,
     "BX13_10000_0505": 93,
     "BX14_10000_0103": 1,
     "BX14_10000_0104": 41,
     "BX14_10000_0105": 73,
     "BX14_10000_0203": 39,
     "BX14_10000_0204": 85,
     "BX14_10000_0205": 86,
     "BX14_10000_0301": 5,
     "BX14_10000_0302": 46,
     "BX14_10000_0303": 83,
     "BX14_10000_0304": 83,
     "BX14_10000_0305": 64,
     "BX14_10000_0401": 87,
     "BX14_10000_0402": 96,
     "BX14_10000_0403": 86,
     "BX14_10000_0404": 75,
     "BX14_10000_0405": 127,
     "BX14_10000_0501": 90,
     "BX14_10000_0502": 88,
     "BX14_10000_0503": 110,
     "BX14_10000_0504": 94,
     "BX14_10000_0505": 120,
     "BX15_10000_0101": 60,
     "BX15_10000_0102": 68,
     "BX15_10000_0103": 85,
     "BX15_10000_0104": 84,
     "BX15_10000_0105": 106,
     "BX15_10000_0201": 70,
     "BX15_10000_0202": 84,
     "BX15_10000_0203": 76,
     "BX15_10000_0204": 70,
     "BX15_10000_0205": 120,
     "BX15_10000_0301": 92,
     "BX15_10000_0302": 93,
     "BX15_10000_0303": 115,
     "BX15_10000_0304": 94,
     "BX15_10000_0305": 81,
     "BX15_10000_0401": 105,
     "BX15_10000_0402": 110,
     "BX15_10000_0403": 108,
     "BX15_10000_0404": 104,
     "BX15_10000_0405": 80,
     "BX15_10000_0501": 121,
     "BX15_10000_0502": 90,
     "BX15_10000_0503": 88,
     "BX15_10000_0504": 105,
     "BX15_10000_0505": 71,
     "BX16_10000_0101": 86,
     "BX16_10000_0102": 97,
     "BX16_10000_0103": 109,
     "BX16_10000_0104": 111,
     "BX16_10000_0105": 99,
     "BX16_10000_0201": 93,
     "BX16_10000_0202": 117,
     "BX16_10000_0203": 90,
     "BX16_10000_0204": 97,
     "BX16_10000_0205": 100,
     "BX16_10000_0301": 102,
     "BX16_10000_0302": 76,
     "BX16_10000_0303": 103,
     "BX16_10000_0304": 85,
     "BX16_10000_0305": 89,
     "BX16_10000_0401": 89,
     "BX16_10000_0402": 91,
     "BX16_10000_0403": 94,
     "BX16_10000_0404": 99,
     "BX16_10000_0405": 76,
     "BX16_10000_0501": 93,
     "BX16_10000_0502": 92,
     "BX16_10000_0503": 75,
     "BX16_10000_0504": 122,
     "BX16_10000_0505": 69,
     "BX17_10000_0101": 76,
     "BX17_10000_0102": 89,
     "BX17_10000_0103": 92,
     "BX17_10000_0104": 107,
     "BX17_10000_0105": 91,
     "BX17_10000_0201": 94,
     "BX17_10000_0202": 104,
     "BX17_10000_0203": 92,
     "BX17_10000_0204": 79,
     "BX17_10000_0205": 95,
     "BX17_10000_0301": 96,
     "BX17_10000_0302": 96,
     "BX17_10000_0303": 108,
     "BX17_10000_0304": 76,
     "BX17_10000_0305": 67,
     "BX17_10000_0401": 102,
     "BX17_10000_0402": 56,
     "BX17_10000_0403": 109,
     "BX17_10000_0404": 72,
     "BX17_10000_0405": 67,
     "BX17_10000_0501": 84,
     "BX17_10000_0502": 90,
     "BX17_10000_0503": 84,
     "BX17_10000_0504": 71,
     "BX17_10000_0505": 78,
     "BX18_10000_0101": 68,
     "BX18_10000_0102": 117,
     "BX18_10000_0103": 50,
     "BX18_10000_0104": 77,
     "BX18_10000_0105": 92,
     "BX18_10000_0201": 89,
     "BX18_10000_0202": 107,
     "BX18_10000_0203": 85,
     "BX18_10000_0204": 88,
     "BX18_10000_0205": 72,
     "BX18_10000_0301": 67,
     "BX18_10000_0302": 75,
     "BX18_10000_0303": 95,
     "BX18_10000_0304": 89,
     "BX18_10000_0305": 93,
     "BX18_10000_0401": 102,
     "BX18_10000_0402": 72,
     "BX18_10000_0403": 77,
     "BX18_10000_0404": 88,
     "BX18_10000_0405": 59,
     "BX18_10000_0501": 74,
     "BX18_10000_0502": 93,
     "BX18_10000_0503": 75,
     "BX18_10000_0504": 90,
     "BX18_10000_0505": 105,
     "BX19_10000_0101": 70,
     "BX19_10000_0102": 85,
     "BX19_10000_0103": 76,
     "BX19_10000_0104": 80,
     "BX19_10000_0105": 51,
     "BX19_10000_0201": 93,
     "BX19_10000_0202": 69,
     "BX19_10000_0203": 83,
     "BX19_10000_0204": 61,
     "BX19_10000_0205": 76,
     "BX19_10000_0301": 66,
     "BX19_10000_0302": 100,
     "BX19_10000_0303": 78,
     "BX19_10000_0304": 90,
     "BX19_10000_0305": 86,
     "BX19_10000_0401": 81,
     "BX19_10000_0402": 94,
     "BX19_10000_0403": 86,
     "BX19_10000_0404": 103,
     "BX19_10000_0405": 70,
     "BX19_10000_0501": 84,
     "BX19_10000_0502": 101,
     "BX19_10000_0503": 74,
     "BX19_10000_0504": 74,
     "BX19_10000_0505": 66,
     "BX20_10000_0101": 108,
     "BX20_10000_0102": 112,
     "BX20_10000_0103": 91,
     "BX20_10000_0104": 62,
     "BX20_10000_0105": 86,
     "BX20_10000_0201": 77,
     "BX20_10000_0202": 99,
     "BX20_10000_0203": 80,
     "BX20_10000_0204": 64,
     "BX20_10000_0205": 66,
     "BX20_10000_0301": 88,
     "BX20_10000_0302": 94,
     "BX20_10000_0303": 59,
     "BX20_10000_0304": 68,
     "BX20_10000_0305": 72,
     "BX20_10000_0401": 71,
     "BX20_10000_0402": 75,
     "BX20_10000_0403": 32,
     "BX20_10000_0404": 44,
     "BX20_10000_0405": 48,
     "BX20_10000_0501": 55,
     "BX20_10000_0502": 41,
     "BX20_10000_0503": 58,
     "BX20_10000_0504": 52,
     "BX20_10000_0505": 48,
     "BX21_10000_0101": 87,
     "BX21_10000_0102": 87,
     "BX21_10000_0103": 71,
     "BX21_10000_0104": 97,
     "BX21_10000_0105": 78,
     "BX21_10000_0201": 71,
     "BX21_10000_0202": 74,
     "BX21_10000_0203": 52,
     "BX21_10000_0204": 63,
     "BX21_10000_0205": 74,
     "BX21_10000_0301": 51,
     "BX21_10000_0302": 50,
     "BX21_10000_0303": 77,
     "BX21_10000_0304": 48,
     "BX21_10000_0305": 59,
     "BX21_10000_0401": 41,
     "BX21_10000_0402": 38,
     "BX21_10000_0403": 45,
     "BX21_10000_0404": 64,
     "BX21_10000_0405": 47,
     "BX21_10000_0501": 59,
     "BX21_10000_0502": 62,
     "BX21_10000_0503": 40,
     "BX21_10000_0504": 48,
     "BX21_10000_0505": 58,
     "BX22_10000_0101": 69,
     "BX22_10000_0102": 40,
     "BX22_10000_0103": 53,
     "BX22_10000_0104": 36,
     "BX22_10000_0105": 51,
     "BX22_10000_0201": 43,
     "BX22_10000_0202": 40,
     "BX22_10000_0203": 57,
     "BX22_10000_0204": 47,
     "BX22_10000_0205": 61,
     "BX22_10000_0301": 62,
     "BX22_10000_0302": 47,
     "BX22_10000_0303": 32,
     "BX22_10000_0304": 61,
     "BX22_10000_0305": 61,
     "BX22_10000_0401": 33,
     "BX22_10000_0402": 38,
     "BX22_10000_0403": 43,
     "BX22_10000_0404": 43,
     "BX22_10000_0405": 40,
     "BX22_10000_0501": 54,
     "BX22_10000_0502": 67,
     "BX22_10000_0503": 52,
     "BX22_10000_0504": 47,
     "BX22_10000_0505": 39,
     "BX23_10000_0101": 43,
     "BX23_10000_0102": 57,
     "BX23_10000_0103": 58,
     "BX23_10000_0104": 48,
     "BX23_10000_0105": 76,
     "BX23_10000_0201": 59,
     "BX23_10000_0202": 55,
     "BX23_10000_0203": 41,
     "BX23_10000_0204": 65,
     "BX23_10000_0205": 60,
     "BX23_10000_0301": 70,
     "BX23_10000_0302": 63,
     "BX23_10000_0303": 54,
     "BX23_10000_0304": 55,
     "BX23_10000_0305": 56,
     "BX23_10000_0401": 49,
     "BX23_10000_0402": 56,
     "BX23_10000_0403": 52,
     "BX23_10000_0404": 88,
     "BX23_10000_0405": 80,
     "BX23_10000_0501": 39,
     "BX23_10000_0502": 44,
     "BX23_10000_0503": 33,
     "BX23_10000_0504": 37,
     "BX23_10000_0505": 37,
     "BX24_10000_0101": 46,
     "BX24_10000_0102": 66,
     "BX24_10000_0103": 53,
     "BX24_10000_0201": 67,
     "BX24_10000_0202": 68,
     "BX24_10000_0203": 78,
     "BX24_10000_0204": 5,
     "BX24_10000_0301": 97,
     "BX24_10000_0302": 67,
     "BX24_10000_0303": 36,
     "BX24_10000_0304": 36,
     "BX24_10000_0305": 14,
     "BX24_10000_0401": 79,
     "BX24_10000_0402": 76,
     "BX24_10000_0403": 74,
     "BX24_10000_0404": 69,
     "BX24_10000_0405": 73,
     "BX24_10000_0501": 85,
     "BX24_10000_0502": 84,
     "BX24_10000_0503": 94,
     "BX24_10000_0504": 80,
     "BX24_10000_0505": 97,
     "BX25_10000_0301": 11,
     "BX25_10000_0302": 4,
     "BX25_10000_0303": 1,
     "BX25_10000_0401": 74,
     "BX25_10000_0402": 64,
     "BX25_10000_0403": 45,
     "BX25_10000_0404": 29,
     "BX25_10000_0405": 4,
     "BX25_10000_0501": 102,
     "BX25_10000_0502": 80,
     "BX25_10000_0503": 96,
     "BX25_10000_0504": 98,
     "BX25_10000_0505": 23,
     "BY10_10000_0503": 7,
     "BY10_10000_0504": 32,
     "BY10_10000_0505": 30,
     "BY11_10000_0305": 6,
     "BY11_10000_0404": 30,
     "BY11_10000_0405": 66,
     "BY11_10000_0501": 16,
     "BY11_10000_0502": 23,
     "BY11_10000_0503": 55,
     "BY11_10000_0504": 79,
     "BY11_10000_0505": 92,
     "BY12_10000_0103": 9,
     "BY12_10000_0104": 37,
     "BY12_10000_0105": 87,
     "BY12_10000_0202": 12,
     "BY12_10000_0203": 66,
     "BY12_10000_0204": 74,
     "BY12_10000_0205": 75,
     "BY12_10000_0301": 45,
     "BY12_10000_0302": 75,
     "BY12_10000_0303": 86,
     "BY12_10000_0304": 80,
     "BY12_10000_0305": 82,
     "BY12_10000_0401": 64,
     "BY12_10000_0402": 67,
     "BY12_10000_0403": 69,
     "BY12_10000_0404": 98,
     "BY12_10000_0405": 85,
     "BY12_10000_0501": 94,
     "BY12_10000_0502": 120,
     "BY12_10000_0503": 79,
     "BY12_10000_0504": 90,
     "BY12_10000_0505": 100,
     "BY13_10000_0101": 87,
     "BY13_10000_0102": 87,
     "BY13_10000_0103": 84,
     "BY13_10000_0104": 103,
     "BY13_10000_0105": 94,
     "BY13_10000_0201": 81,
     "BY13_10000_0202": 108,
     "BY13_10000_0203": 91,
     "BY13_10000_0204": 81,
     "BY13_10000_0205": 122,
     "BY13_10000_0301": 93,
     "BY13_10000_0302": 103,
     "BY13_10000_0303": 107,
     "BY13_10000_0304": 71,
     "BY13_10000_0305": 100,
     "BY13_10000_0401": 96,
     "BY13_10000_0402": 106,
     "BY13_10000_0403": 104,
     "BY13_10000_0404": 87,
     "BY13_10000_0405": 103,
     "BY13_10000_0501": 99,
     "BY13_10000_0502": 78,
     "BY13_10000_0503": 95,
     "BY13_10000_0504": 67,
     "BY13_10000_0505": 81,
     "BY14_10000_0101": 105,
     "BY14_10000_0102": 101,
     "BY14_10000_0103": 95,
     "BY14_10000_0104": 99,
     "BY14_10000_0105": 97,
     "BY14_10000_0201": 67,
     "BY14_10000_0202": 101,
     "BY14_10000_0203": 86,
     "BY14_10000_0204": 93,
     "BY14_10000_0205": 76,
     "BY14_10000_0301": 95,
     "BY14_10000_0302": 85,
     "BY14_10000_0303": 92,
     "BY14_10000_0304": 89,
     "BY14_10000_0305": 110,
     "BY14_10000_0401": 96,
     "BY14_10000_0402": 89,
     "BY14_10000_0403": 86,
     "BY14_10000_0404": 109,
     "BY14_10000_0405": 97,
     "BY14_10000_0501": 94,
     "BY14_10000_0503": 81,
     "BY14_10000_0504": 96,
     "BY14_10000_0505": 95,
     "BY15_10000_0101": 108,
     "BY15_10000_0102": 94,
     "BY15_10000_0103": 106,
     "BY15_10000_0104": 70,
     "BY15_10000_0105": 104,
     "BY15_10000_0201": 107,
     "BY15_10000_0202": 103,
     "BY15_10000_0203": 101,
     "BY15_10000_0204": 101,
     "BY15_10000_0205": 88,
     "BY15_10000_0301": 101,
     "BY15_10000_0302": 104,
     "BY15_10000_0303": 76,
     "BY15_10000_0304": 106,
     "BY15_10000_0305": 74,
     "BY15_10000_0401": 69,
     "BY15_10000_0402": 129,
     "BY15_10000_0403": 79,
     "BY15_10000_0404": 70,
     "BY15_10000_0405": 73,
     "BY15_10000_0501": 65,
     "BY15_10000_0502": 92,
     "BY15_10000_0503": 75,
     "BY15_10000_0504": 72,
     "BY15_10000_0505": 64,
     "BY16_10000_0101": 71,
     "BY16_10000_0102": 110,
     "BY16_10000_0103": 65,
     "BY16_10000_0104": 118,
     "BY16_10000_0105": 88,
     "BY16_10000_0201": 103,
     "BY16_10000_0202": 81,
     "BY16_10000_0203": 70,
     "BY16_10000_0204": 110,
     "BY16_10000_0205": 106,
     "BY16_10000_0301": 77,
     "BY16_10000_0302": 56,
     "BY16_10000_0303": 66,
     "BY16_10000_0304": 73,
     "BY16_10000_0305": 76,
     "BY16_10000_0401": 52,
     "BY16_10000_0402": 65,
     "BY16_10000_0403": 77,
     "BY16_10000_0404": 56,
     "BY16_10000_0405": 64,
     "BY16_10000_0501": 37,
     "BY16_10000_0502": 68,
     "BY16_10000_0503": 71,
     "BY16_10000_0504": 74,
     "BY16_10000_0505": 72,
     "BY17_10000_0101": 66,
     "BY17_10000_0102": 79,
     "BY17_10000_0103": 65,
     "BY17_10000_0104": 73,
     "BY17_10000_0105": 85,
     "BY17_10000_0201": 70,
     "BY17_10000_0202": 40,
     "BY17_10000_0203": 81,
     "BY17_10000_0204": 110,
     "BY17_10000_0205": 107,
     "BY17_10000_0301": 54,
     "BY17_10000_0302": 53,
     "BY17_10000_0303": 79,
     "BY17_10000_0304": 87,
     "BY17_10000_0305": 101,
     "BY17_10000_0401": 86,
     "BY17_10000_0402": 80,
     "BY17_10000_0403": 101,
     "BY17_10000_0404": 76,
     "BY17_10000_0405": 85,
     "BY17_10000_0501": 75,
     "BY17_10000_0502": 85,
     "BY17_10000_0503": 97,
     "BY17_10000_0504": 85,
     "BY17_10000_0505": 88,
     "BY18_10000_0101": 86,
     "BY18_10000_0102": 86,
     "BY18_10000_0103": 104,
     "BY18_10000_0104": 99,
     "BY18_10000_0105": 104,
     "BY18_10000_0201": 82,
     "BY18_10000_0202": 83,
     "BY18_10000_0203": 79,
     "BY18_10000_0204": 93,
     "BY18_10000_0205": 110,
     "BY18_10000_0301": 80,
     "BY18_10000_0302": 68,
     "BY18_10000_0303": 79,
     "BY18_10000_0304": 95,
     "BY18_10000_0305": 80,
     "BY18_10000_0401": 66,
     "BY18_10000_0402": 71,
     "BY18_10000_0403": 91,
     "BY18_10000_0404": 96,
     "BY18_10000_0405": 112,
     "BY18_10000_0501": 70,
     "BY18_10000_0502": 85,
     "BY18_10000_0503": 108,
     "BY18_10000_0504": 91,
     "BY18_10000_0505": 101,
     "BY19_10000_0101": 77,
     "BY19_10000_0102": 83,
     "BY19_10000_0103": 91,
     "BY19_10000_0104": 83,
     "BY19_10000_0105": 79,
     "BY19_10000_0201": 88,
     "BY19_10000_0202": 95,
     "BY19_10000_0203": 80,
     "BY19_10000_0204": 65,
     "BY19_10000_0205": 53,
     "BY19_10000_0301": 95,
     "BY19_10000_0302": 105,
     "BY19_10000_0303": 79,
     "BY19_10000_0304": 63,
     "BY19_10000_0305": 46,
     "BY19_10000_0401": 88,
     "BY19_10000_0402": 80,
     "BY19_10000_0403": 74,
     "BY19_10000_0404": 61,
     "BY19_10000_0405": 51,
     "BY19_10000_0501": 94,
     "BY19_10000_0502": 72,
     "BY19_10000_0503": 74,
     "BY19_10000_0504": 43,
     "BY19_10000_0505": 39,
     "BY20_10000_0101": 58,
     "BY20_10000_0102": 54,
     "BY20_10000_0103": 51,
     "BY20_10000_0104": 26,
     "BY20_10000_0105": 59,
     "BY20_10000_0201": 42,
     "BY20_10000_0202": 42,
     "BY20_10000_0203": 56,
     "BY20_10000_0204": 58,
     "BY20_10000_0205": 34,
     "BY20_10000_0301": 58,
     "BY20_10000_0302": 61,
     "BY20_10000_0303": 39,
     "BY20_10000_0304": 48,
     "BY20_10000_0305": 53,
     "BY20_10000_0401": 51,
     "BY20_10000_0402": 73,
     "BY20_10000_0403": 71,
     "BY20_10000_0404": 37,
     "BY20_10000_0405": 48,
     "BY20_10000_0501": 45,
     "BY20_10000_0502": 44,
     "BY20_10000_0503": 47,
     "BY20_10000_0504": 50,
     "BY20_10000_0505": 57,
     "BY21_10000_0101": 50,
     "BY21_10000_0102": 41,
     "BY21_10000_0103": 51,
     "BY21_10000_0104": 22,
     "BY21_10000_0105": 29,
     "BY21_10000_0201": 32,
     "BY21_10000_0202": 64,
     "BY21_10000_0203": 62,
     "BY21_10000_0204": 29,
     "BY21_10000_0205": 26,
     "BY21_10000_0301": 31,
     "BY21_10000_0302": 43,
     "BY21_10000_0303": 40,
     "BY21_10000_0304": 25,
     "BY21_10000_0305": 20,
     "BY21_10000_0401": 44,
     "BY21_10000_0402": 40,
     "BY21_10000_0403": 42,
     "BY21_10000_0404": 36,
     "BY21_10000_0405": 21,
     "BY21_10000_0501": 34,
     "BY21_10000_0502": 29,
     "BY21_10000_0503": 24,
     "BY21_10000_0504": 10,
     "BY22_10000_0101": 33,
     "BY22_10000_0102": 28,
     "BY22_10000_0103": 48,
     "BY22_10000_0104": 46,
     "BY22_10000_0105": 35,
     "BY22_10000_0201": 33,
     "BY22_10000_0202": 29,
     "BY22_10000_0203": 27,
     "BY22_10000_0204": 49,
     "BY22_10000_0205": 50,
     "BY22_10000_0301": 20,
     "BY22_10000_0302": 28,
     "BY22_10000_0303": 20,
     "BY22_10000_0304": 11,
     "BY22_10000_0305": 9,
     "BY22_10000_0401": 11,
     "BY22_10000_0402": 3,
     "BY23_10000_0101": 48,
     "BY23_10000_0102": 52,
     "BY23_10000_0103": 31,
     "BY23_10000_0104": 22,
     "BY23_10000_0105": 26,
     "BY23_10000_0201": 36,
     "BY23_10000_0202": 42,
     "BY23_10000_0203": 42,
     "BY23_10000_0204": 17,
     "BY23_10000_0205": 18,
     "BY24_10000_0101": 44,
     "BY24_10000_0102": 68,
     "BY24_10000_0103": 53,
     "BY24_10000_0104": 58,
     "BY24_10000_0105": 99,
     "BY24_10000_0201": 23,
     "BY24_10000_0202": 3,
     "BY24_10000_0203": 1,
     "BY24_10000_0204": 21,
     "BY24_10000_0205": 46,
     "BY25_10000_0101": 80,
     "BY25_10000_0102": 29,
     "BY25_10000_0103": 79,
     "BY25_10000_0104": 95,
     "BY25_10000_0105": 28,
     "BY25_10000_0201": 40,
     "BY25_10000_0202": 32,
     "BY25_10000_0203": 40,
     "BY25_10000_0204": 23,
     "BY25_10000_0302": 5,
     "BZ09_10000_0105": 10,
     "BZ09_10000_0204": 6,
     "BZ09_10000_0205": 47,
     "BZ09_10000_0303": 10,
     "BZ09_10000_0304": 53,
     "BZ09_10000_0305": 77,
     "BZ09_10000_0402": 32,
     "BZ09_10000_0403": 82,
     "BZ09_10000_0404": 103,
     "BZ09_10000_0405": 79,
     "BZ09_10000_0501": 9,
     "BZ09_10000_0502": 73,
     "BZ09_10000_0503": 88,
     "BZ09_10000_0504": 95,
     "BZ09_10000_0505": 90,
     "BZ10_10000_0101": 56,
     "BZ10_10000_0102": 61,
     "BZ10_10000_0103": 58,
     "BZ10_10000_0104": 82,
     "BZ10_10000_0105": 68,
     "BZ10_10000_0201": 78,
     "BZ10_10000_0202": 75,
     "BZ10_10000_0203": 99,
     "BZ10_10000_0204": 66,
     "BZ10_10000_0205": 95,
     "BZ10_10000_0301": 70,
     "BZ10_10000_0302": 61,
     "BZ10_10000_0303": 91,
     "BZ10_10000_0304": 83,
     "BZ10_10000_0305": 80,
     "BZ10_10000_0401": 95,
     "BZ10_10000_0402": 109,
     "BZ10_10000_0403": 96,
     "BZ10_10000_0404": 101,
     "BZ10_10000_0405": 87,
     "BZ10_10000_0501": 84,
     "BZ10_10000_0502": 76,
     "BZ10_10000_0503": 77,
     "BZ10_10000_0504": 90,
     "BZ10_10000_0505": 93,
     "BZ11_10000_0101": 83,
     "BZ11_10000_0102": 97,
     "BZ11_10000_0103": 91,
     "BZ11_10000_0104": 100,
     "BZ11_10000_0105": 97,
     "BZ11_10000_0201": 82,
     "BZ11_10000_0202": 80,
     "BZ11_10000_0203": 88,
     "BZ11_10000_0204": 103,
     "BZ11_10000_0205": 83,
     "BZ11_10000_0301": 105,
     "BZ11_10000_0302": 75,
     "BZ11_10000_0303": 128,
     "BZ11_10000_0304": 115,
     "BZ11_10000_0305": 97,
     "BZ11_10000_0401": 101,
     "BZ11_10000_0402": 86,
     "BZ11_10000_0403": 129,
     "BZ11_10000_0404": 92,
     "BZ11_10000_0405": 95,
     "BZ11_10000_0501": 98,
     "BZ11_10000_0502": 115,
     "BZ11_10000_0503": 118,
     "BZ11_10000_0504": 96,
     "BZ12_10000_0101": 95,
     "BZ12_10000_0102": 103,
     "BZ12_10000_0103": 95,
     "BZ12_10000_0104": 83,
     "BZ12_10000_0105": 100,
     "BZ12_10000_0201": 89,
     "BZ12_10000_0202": 107,
     "BZ12_10000_0203": 89,
     "BZ12_10000_0204": 90,
     "BZ12_10000_0205": 93,
     "BZ12_10000_0301": 102,
     "BZ13_10000_0101": 105,
     "BZ13_10000_0102": 64,
     "BZ13_10000_0103": 103,
     "BZ13_10000_0104": 97,
     "BZ13_10000_0105": 108,
     "BZ13_10000_0201": 102,
     "BZ13_10000_0202": 105,
     "BZ13_10000_0203": 82,
     "BZ13_10000_0305": 86,
     "BZ14_10000_0102": 66,
     "BZ14_10000_0103": 102,
     "BZ14_10000_0104": 91,
     "BZ14_10000_0105": 92,
     "BZ14_10000_0201": 85,
     "BZ14_10000_0202": 90,
     "BZ14_10000_0203": 66,
     "BZ14_10000_0204": 93,
     "BZ14_10000_0205": 90,
     "BZ14_10000_0301": 100,
     "BZ14_10000_0302": 93,
     "BZ14_10000_0303": 84,
     "BZ14_10000_0304": 98,
     "BZ14_10000_0305": 63,
     "BZ14_10000_0401": 80,
     "BZ14_10000_0402": 95,
     "BZ14_10000_0403": 80,
     "BZ14_10000_0404": 76,
     "BZ14_10000_0405": 67,
     "BZ14_10000_0501": 86,
     "BZ14_10000_0502": 99,
     "BZ14_10000_0503": 88,
     "BZ14_10000_0504": 83,
     "BZ14_10000_0505": 75,
     "BZ15_10000_0101": 88,
     "BZ15_10000_0102": 73,
     "BZ15_10000_0103": 92,
     "BZ15_10000_0104": 63,
     "BZ15_10000_0105": 48,
     "BZ15_10000_0201": 78,
     "BZ15_10000_0202": 72,
     "BZ15_10000_0203": 79,
     "BZ15_10000_0204": 67,
     "BZ15_10000_0205": 62,
     "BZ15_10000_0301": 52,
     "BZ15_10000_0302": 76,
     "BZ15_10000_0303": 66,
     "BZ15_10000_0304": 79,
     "BZ15_10000_0305": 71,
     "BZ15_10000_0401": 84,
     "BZ15_10000_0402": 81,
     "BZ15_10000_0403": 79,
     "BZ15_10000_0404": 79,
     "BZ15_10000_0405": 61,
     "BZ15_10000_0501": 73,
     "BZ15_10000_0502": 82,
     "BZ15_10000_0503": 95,
     "BZ15_10000_0504": 111,
     "BZ15_10000_0505": 63,
     "BZ16_10000_0101": 27,
     "BZ16_10000_0102": 74,
     "BZ16_10000_0103": 81,
     "BZ16_10000_0104": 72,
     "BZ16_10000_0105": 60,
     "BZ16_10000_0201": 59,
     "BZ16_10000_0202": 71,
     "BZ16_10000_0203": 93,
     "BZ16_10000_0204": 49,
     "BZ16_10000_0205": 76,
     "BZ16_10000_0301": 78,
     "BZ16_10000_0302": 57,
     "BZ16_10000_0303": 74,
     "BZ16_10000_0304": 77,
     "BZ16_10000_0305": 70,
     "BZ16_10000_0401": 79,
     "BZ16_10000_0402": 87,
     "BZ16_10000_0403": 87,
     "BZ16_10000_0404": 89,
     "BZ16_10000_0405": 100,
     "BZ16_10000_0501": 84,
     "BZ16_10000_0502": 61,
     "BZ16_10000_0503": 83,
     "BZ16_10000_0504": 93,
     "BZ16_10000_0505": 102,
     "BZ17_10000_0101": 48,
     "BZ17_10000_0102": 84,
     "BZ17_10000_0103": 74,
     "BZ17_10000_0104": 102,
     "BZ17_10000_0105": 82,
     "BZ17_10000_0201": 63,
     "BZ17_10000_0202": 85,
     "BZ17_10000_0203": 82,
     "BZ17_10000_0204": 96,
     "BZ17_10000_0205": 94,
     "BZ17_10000_0301": 86,
     "BZ17_10000_0302": 88,
     "BZ17_10000_0303": 66,
     "BZ17_10000_0304": 89,
     "BZ17_10000_0305": 88,
     "BZ17_10000_0401": 74,
     "BZ17_10000_0402": 71,
     "BZ17_10000_0403": 69,
     "BZ17_10000_0404": 87,
     "BZ17_10000_0405": 71,
     "BZ17_10000_0501": 80,
     "BZ17_10000_0502": 74,
     "BZ17_10000_0503": 85,
     "BZ17_10000_0504": 102,
     "BZ17_10000_0505": 66,
     "BZ18_10000_0101": 65,
     "BZ18_10000_0102": 85,
     "BZ18_10000_0103": 99,
     "BZ18_10000_0104": 84,
     "BZ18_10000_0105": 104,
     "BZ18_10000_0201": 93,
     "BZ18_10000_0202": 78,
     "BZ18_10000_0203": 95,
     "BZ18_10000_0204": 82,
     "BZ18_10000_0205": 87,
     "BZ18_10000_0301": 71,
     "BZ18_10000_0302": 65,
     "BZ18_10000_0303": 101,
     "BZ18_10000_0304": 104,
     "BZ18_10000_0305": 90,
     "BZ18_10000_0401": 78,
     "BZ18_10000_0402": 71,
     "BZ18_10000_0403": 79,
     "BZ18_10000_0404": 77,
     "BZ18_10000_0405": 93,
     "BZ18_10000_0501": 78,
     "BZ18_10000_0502": 84,
     "BZ18_10000_0503": 61,
     "BZ18_10000_0504": 84,
     "BZ18_10000_0505": 100,
     "BZ19_10000_0101": 92,
     "BZ19_10000_0102": 79,
     "BZ19_10000_0103": 70,
     "BZ19_10000_0104": 56,
     "BZ19_10000_0105": 40,
     "BZ19_10000_0201": 75,
     "BZ19_10000_0202": 76,
     "BZ19_10000_0203": 75,
     "BZ19_10000_0204": 53,
     "BZ19_10000_0205": 53,
     "BZ19_10000_0301": 75,
     "BZ19_10000_0302": 69,
     "BZ19_10000_0303": 54,
     "BZ19_10000_0304": 67,
     "BZ19_10000_0305": 74,
     "BZ19_10000_0401": 74,
     "BZ19_10000_0402": 73,
     "BZ19_10000_0403": 74,
     "BZ19_10000_0404": 71,
     "BZ19_10000_0405": 55,
     "BZ19_10000_0501": 82,
     "BZ19_10000_0502": 71,
     "BZ19_10000_0503": 67,
     "BZ19_10000_0504": 47,
     "BZ20_10000_0101": 44,
     "BZ20_10000_0102": 25,
     "BZ20_10000_0103": 41,
     "BZ20_10000_0104": 47,
     "BZ20_10000_0105": 49,
     "BZ20_10000_0201": 53,
     "BZ20_10000_0202": 39,
     "BZ20_10000_0203": 46,
     "BZ20_10000_0204": 15,
     "BZ20_10000_0301": 58,
     "BZ20_10000_0302": 26,
     "BZ20_10000_0401": 6,
     "BZ21_10000_0101": 16,
     "BZ21_10000_0102": 5,
     "CA10_10000_0101": 68,
     "CA10_10000_0102": 77,
     "CA10_10000_0103": 99,
     "CA10_10000_0104": 98,
     "CA10_10000_0105": 96,
     "CA10_10000_0201": 93,
     "CA10_10000_0202": 90,
     "CA10_10000_0203": 115,
     "CA10_10000_0204": 114,
     "CA10_10000_0205": 114,
     "CA10_10000_0301": 96,
     "CA10_10000_0302": 97,
     "CA10_10000_0303": 84,
     "CA10_10000_0304": 109,
     "CA11_10000_0101": 131,
     "CA11_10000_0102": 95,
     "CA11_10000_0103": 111,
     "CA11_10000_0104": 100,
     "CA11_10000_0201": 96,
     "CA11_10000_0202": 91,
     "CA12_10000_0504": 73,
     "CA12_10000_0505": 79,
     "CA13_10000_0401": 61,
     "CA13_10000_0402": 49,
     "CA13_10000_0501": 80,
     "CA13_10000_0502": 84,
     "CA14_10000_0101": 87,
     "CA14_10000_0102": 95,
     "CA14_10000_0103": 90,
     "CA14_10000_0104": 100,
     "CA14_10000_0105": 80,
     "CA14_10000_0201": 99,
     "CA14_10000_0202": 105,
     "CA14_10000_0203": 97,
     "CA14_10000_0204": 99,
     "CA14_10000_0205": 76,
     "CA14_10000_0302": 88,
     "CA14_10000_0303": 108,
     "CA14_10000_0304": 95,
     "CA14_10000_0305": 90,
     "CA14_10000_0402": 95,
     "CA14_10000_0403": 86,
     "CA14_10000_0404": 70,
     "CA14_10000_0405": 93,
     "CA14_10000_0503": 87,
     "CA14_10000_0504": 87,
     "CA14_10000_0505": 97,
     "CA15_10000_0101": 94,
     "CA15_10000_0102": 92,
     "CA15_10000_0103": 101,
     "CA15_10000_0104": 71,
     "CA15_10000_0105": 65,
     "CA15_10000_0201": 108,
     "CA15_10000_0202": 70,
     "CA15_10000_0203": 85,
     "CA15_10000_0204": 106,
     "CA15_10000_0205": 86,
     "CA15_10000_0301": 99,
     "CA15_10000_0302": 88,
     "CA15_10000_0303": 61,
     "CA15_10000_0304": 81,
     "CA15_10000_0305": 83,
     "CA15_10000_0401": 92,
     "CA15_10000_0402": 65,
     "CA15_10000_0403": 79,
     "CA15_10000_0404": 78,
     "CA15_10000_0405": 93,
     "CA15_10000_0501": 94,
     "CA15_10000_0502": 85,
     "CA15_10000_0503": 88,
     "CA15_10000_0504": 69,
     "CA15_10000_0505": 79,
     "CA16_10000_0101": 74,
     "CA16_10000_0102": 57,
     "CA16_10000_0103": 87,
     "CA16_10000_0104": 78,
     "CA16_10000_0105": 87,
     "CA16_10000_0201": 67,
     "CA16_10000_0202": 80,
     "CA16_10000_0203": 87,
     "CA16_10000_0204": 90,
     "CA16_10000_0205": 54,
     "CA16_10000_0301": 65,
     "CA16_10000_0302": 100,
     "CA16_10000_0303": 84,
     "CA16_10000_0304": 81,
     "CA16_10000_0305": 102,
     "CA16_10000_0401": 75,
     "CA16_10000_0402": 74,
     "CA16_10000_0403": 65,
     "CA16_10000_0404": 79,
     "CA16_10000_0405": 88,
     "CA16_10000_0501": 87,
     "CA16_10000_0502": 62,
     "CA16_10000_0503": 88,
     "CA16_10000_0504": 72,
     "CA16_10000_0505": 80,
     "CA17_10000_0101": 92,
     "CA17_10000_0102": 90,
     "CA17_10000_0103": 107,
     "CA17_10000_0104": 88,
     "CA17_10000_0105": 61,
     "CA17_10000_0201": 91,
     "CA17_10000_0202": 87,
     "CA17_10000_0203": 73,
     "CA17_10000_0204": 72,
     "CA17_10000_0205": 112,
     "CA17_10000_0301": 79,
     "CA17_10000_0302": 66,
     "CA17_10000_0303": 68,
     "CA17_10000_0304": 80,
     "CA17_10000_0305": 97,
     "CA17_10000_0401": 76,
     "CA17_10000_0402": 74,
     "CA17_10000_0403": 70,
     "CA17_10000_0404": 91,
     "CA17_10000_0405": 80,
     "CA17_10000_0501": 80,
     "CA17_10000_0502": 105,
     "CA17_10000_0503": 91,
     "CA17_10000_0504": 80,
     "CA17_10000_0505": 80,
     "CA18_10000_0101": 92,
     "CA18_10000_0102": 74,
     "CA18_10000_0103": 87,
     "CA18_10000_0104": 76,
     "CA18_10000_0105": 81,
     "CA18_10000_0201": 70,
     "CA18_10000_0202": 73,
     "CA18_10000_0203": 70,
     "CA18_10000_0204": 71,
     "CA18_10000_0205": 67,
     "CA18_10000_0301": 82,
     "CA18_10000_0302": 91,
     "CA18_10000_0303": 87,
     "CA18_10000_0304": 61,
     "CA18_10000_0305": 75,
     "CA18_10000_0401": 85,
     "CA18_10000_0402": 91,
     "CA18_10000_0403": 76,
     "CA18_10000_0404": 70,
     "CA18_10000_0405": 69,
     "CA18_10000_0501": 66,
     "CA18_10000_0502": 86,
     "CA18_10000_0503": 92,
     "CA18_10000_0504": 89,
     "CA18_10000_0505": 64,
     "CA19_10000_0101": 84,
     "CA19_10000_0102": 75,
     "CA19_10000_0103": 58,
     "CA19_10000_0104": 36,
     "CA19_10000_0201": 85,
     "CA19_10000_0202": 56,
     "CA19_10000_0203": 61,
     "CA19_10000_0204": 9,
     "CA19_10000_0301": 69,
     "CA19_10000_0302": 75,
     "CA19_10000_0303": 32,
     "CA19_10000_0401": 69,
     "CA19_10000_0402": 70,
     "CA19_10000_0403": 22,
     "CA19_10000_0501": 65,
     "CA19_10000_0502": 60,
     "CA19_10000_0503": 32,
     "CB08_10000_0104": 72,
     "CB08_10000_0105": 98,
     "CB08_10000_0204": 80,
     "CB08_10000_0205": 124,
     "CB08_10000_0304": 101,
     "CB08_10000_0305": 95,
     "CB08_10000_0404": 90,
     "CB08_10000_0405": 110,
     "CB08_10000_0502": 96,
     "CB08_10000_0503": 83,
     "CB08_10000_0504": 89,
     "CB08_10000_0505": 85,
     "CB09_10000_0201": 95,
     "CB09_10000_0301": 72,
     "CB09_10000_0302": 97,
     "CB09_10000_0303": 96,
     "CB09_10000_0401": 98,
     "CB09_10000_0402": 108,
     "CB09_10000_0403": 108,
     "CB09_10000_0501": 97,
     "CB09_10000_0502": 97,
     "CB09_10000_0503": 90,
     "CB09_10000_0504": 114,
     "CB11_10000_0501": 97,
     "CB11_10000_0502": 99,
     "CB11_10000_0503": 90,
     "CB11_10000_0504": 73,
     "CB11_10000_0505": 83,
     "CB12_10000_0104": 77,
     "CB12_10000_0105": 83,
     "CB12_10000_0203": 100,
     "CB12_10000_0204": 93,
     "CB12_10000_0205": 78,
     "CB12_10000_0302": 83,
     "CB12_10000_0303": 118,
     "CB12_10000_0401": 88,
     "CB12_10000_0402": 94,
     "CB12_10000_0403": 82,
     "CB12_10000_0501": 78,
     "CB12_10000_0502": 86,
     "CB13_10000_0101": 81,
     "CB13_10000_0102": 81,
     "CB13_10000_0201": 74,
     "CB13_10000_0202": 83,
     "CB13_10000_0504": 74,
     "CB13_10000_0505": 81,
     "CB14_10000_0103": 98,
     "CB14_10000_0104": 93,
     "CB14_10000_0105": 79,
     "CB14_10000_0204": 101,
     "CB14_10000_0205": 89,
     "CB14_10000_0302": 89,
     "CB14_10000_0303": 79,
     "CB14_10000_0304": 67,
     "CB14_10000_0305": 89,
     "CB14_10000_0401": 82,
     "CB14_10000_0402": 111,
     "CB14_10000_0403": 80,
     "CB14_10000_0404": 79,
     "CB14_10000_0405": 85,
     "CB14_10000_0501": 69,
     "CB14_10000_0502": 79,
     "CB14_10000_0503": 58,
     "CB14_10000_0504": 70,
     "CB14_10000_0505": 78,
     "CB15_10000_0101": 90,
     "CB15_10000_0102": 90,
     "CB15_10000_0103": 66,
     "CB15_10000_0104": 74,
     "CB15_10000_0105": 74,
     "CB15_10000_0201": 67,
     "CB15_10000_0202": 94,
     "CB15_10000_0203": 69,
     "CB15_10000_0204": 74,
     "CB15_10000_0205": 89,
     "CB15_10000_0301": 70,
     "CB15_10000_0302": 84,
     "CB15_10000_0303": 86,
     "CB15_10000_0304": 80,
     "CB15_10000_0305": 80,
     "CB15_10000_0401": 94,
     "CB15_10000_0402": 98,
     "CB15_10000_0403": 79,
     "CB15_10000_0404": 98,
     "CB15_10000_0405": 78,
     "CB15_10000_0501": 73,
     "CB15_10000_0502": 94,
     "CB15_10000_0503": 99,
     "CB15_10000_0504": 81,
     "CB15_10000_0505": 79,
     "CB16_10000_0101": 85,
     "CB16_10000_0102": 97,
     "CB16_10000_0103": 67,
     "CB16_10000_0104": 101,
     "CB16_10000_0105": 76,
     "CB16_10000_0201": 54,
     "CB16_10000_0202": 64,
     "CB16_10000_0203": 83,
     "CB16_10000_0204": 77,
     "CB16_10000_0205": 89,
     "CB16_10000_0301": 93,
     "CB16_10000_0302": 99,
     "CB16_10000_0303": 110,
     "CB16_10000_0304": 78,
     "CB16_10000_0305": 79,
     "CB16_10000_0401": 92,
     "CB16_10000_0402": 68,
     "CB16_10000_0403": 75,
     "CB16_10000_0404": 90,
     "CB16_10000_0405": 81,
     "CB16_10000_0504": 84,
     "CB16_10000_0505": 83,
     "CB17_10000_0101": 83,
     "CB17_10000_0102": 84,
     "CB17_10000_0103": 62,
     "CB17_10000_0104": 85,
     "CB17_10000_0105": 87,
     "CB17_10000_0201": 74,
     "CB17_10000_0202": 91,
     "CB17_10000_0203": 96,
     "CB17_10000_0204": 73,
     "CB17_10000_0205": 87,
     "CB17_10000_0301": 101,
     "CB17_10000_0302": 78,
     "CB17_10000_0303": 66,
     "CB17_10000_0304": 85,
     "CB17_10000_0305": 79,
     "CB17_10000_0401": 87,
     "CB17_10000_0402": 92,
     "CB17_10000_0403": 82,
     "CB17_10000_0404": 86,
     "CB17_10000_0405": 85,
     "CB17_10000_0501": 80,
     "CB17_10000_0502": 90,
     "CB17_10000_0503": 100,
     "CB18_10000_0101": 88,
     "CB18_10000_0102": 82,
     "CB18_10000_0103": 95,
     "CB18_10000_0104": 98,
     "CB18_10000_0105": 95,
     "CB18_10000_0201": 81,
     "CB18_10000_0202": 78,
     "CB18_10000_0203": 92,
     "CB18_10000_0204": 76,
     "CB18_10000_0205": 79,
     "CB18_10000_0301": 91,
     "CB18_10000_0302": 77,
     "CB18_10000_0303": 77,
     "CB18_10000_0304": 58,
     "CB18_10000_0305": 63,
     "CB18_10000_0402": 98,
     "CB18_10000_0403": 99,
     "CB18_10000_0404": 70,
     "CB18_10000_0405": 55,
     "CB18_10000_0501": 84,
     "CB18_10000_0502": 89,
     "CB18_10000_0504": 87,
     "CB18_10000_0505": 57,
     "CB19_10000_0101": 70,
     "CB19_10000_0102": 64,
     "CB19_10000_0103": 21,
     "CB19_10000_0201": 68,
     "CB19_10000_0202": 62,
     "CB19_10000_0203": 24,
     "CB19_10000_0301": 71,
     "CB19_10000_0302": 63,
     "CB19_10000_0303": 35,
     "CB19_10000_0401": 60,
     "CB19_10000_0402": 64,
     "CB19_10000_0403": 2,
     "CB19_10000_0501": 59,
     "CB19_10000_0502": 15,
     "CC07_10000_0105": 87,
     "CC07_10000_0203": 71,
     "CC07_10000_0204": 75,
     "CC07_10000_0205": 113,
     "CC07_10000_0302": 96,
     "CC07_10000_0303": 95,
     "CC07_10000_0304": 80,
     "CC07_10000_0305": 81,
     "CC07_10000_0402": 86,
     "CC07_10000_0403": 100,
     "CC07_10000_0404": 83,
     "CC07_10000_0405": 87,
     "CC07_10000_0502": 103,
     "CC07_10000_0503": 94,
     "CC07_10000_0504": 99,
     "CC07_10000_0505": 95,
     "CC08_10000_0101": 107,
     "CC08_10000_0102": 103,
     "CC08_10000_0103": 85,
     "CC08_10000_0104": 64,
     "CC08_10000_0105": 76,
     "CC08_10000_0201": 89,
     "CC08_10000_0202": 72,
     "CC08_10000_0203": 80,
     "CC08_10000_0204": 69,
     "CC08_10000_0205": 74,
     "CC08_10000_0301": 90,
     "CC08_10000_0302": 66,
     "CC08_10000_0303": 47,
     "CC08_10000_0304": 100,
     "CC08_10000_0305": 93,
     "CC08_10000_0401": 49,
     "CC08_10000_0402": 44,
     "CC08_10000_0403": 54,
     "CC08_10000_0404": 80,
     "CC08_10000_0405": 73,
     "CC08_10000_0501": 90,
     "CC08_10000_0502": 22,
     "CC08_10000_0503": 48,
     "CC08_10000_0504": 82,
     "CC08_10000_0505": 81,
     "CC09_10000_0101": 88,
     "CC09_10000_0102": 84,
     "CC09_10000_0103": 66,
     "CC09_10000_0104": 84,
     "CC09_10000_0105": 84,
     "CC09_10000_0201": 91,
     "CC09_10000_0202": 91,
     "CC09_10000_0203": 113,
     "CC09_10000_0204": 60,
     "CC09_10000_0205": 89,
     "CC09_10000_0301": 73,
     "CC09_10000_0302": 92,
     "CC09_10000_0303": 85,
     "CC09_10000_0304": 91,
     "CC09_10000_0305": 106,
     "CC09_10000_0401": 84,
     "CC09_10000_0402": 109,
     "CC09_10000_0403": 70,
     "CC09_10000_0404": 79,
     "CC09_10000_0405": 62,
     "CC09_10000_0501": 94,
     "CC09_10000_0502": 95,
     "CC09_10000_0503": 101,
     "CC09_10000_0504": 97,
     "CC09_10000_0505": 80,
     "CC10_10000_0101": 63,
     "CC10_10000_0201": 68,
     "CC10_10000_0301": 90,
     "CC10_10000_0401": 95,
     "CC10_10000_0501": 101,
     "CC10_10000_0505": 89,
     "CC11_10000_0101": 69,
     "CC11_10000_0102": 110,
     "CC11_10000_0103": 80,
     "CC11_10000_0104": 92,
     "CC11_10000_0105": 102,
     "CC11_10000_0201": 62,
     "CC11_10000_0202": 47,
     "CC11_10000_0203": 103,
     "CC11_10000_0204": 75,
     "CC11_10000_0205": 88,
     "CC11_10000_0303": 77,
     "CC11_10000_0304": 83,
     "CC11_10000_0501": 87,
     "CC11_10000_0502": 103,
     "CC11_10000_0503": 42,
     "CC12_10000_0101": 95,
     "CC12_10000_0102": 84,
     "CC12_10000_0305": 105,
     "CC12_10000_0404": 64,
     "CC12_10000_0405": 85,
     "CC12_10000_0503": 67,
     "CC12_10000_0504": 66,
     "CC12_10000_0505": 109,
     "CC13_10000_0103": 75,
     "CC13_10000_0104": 72,
     "CC13_10000_0105": 71,
     "CC13_10000_0203": 87,
     "CC13_10000_0204": 62,
     "CC13_10000_0205": 77,
     "CC13_10000_0301": 87,
     "CC13_10000_0302": 68,
     "CC13_10000_0303": 101,
     "CC13_10000_0304": 60,
     "CC13_10000_0305": 104,
     "CC13_10000_0401": 95,
     "CC13_10000_0402": 96,
     "CC13_10000_0403": 93,
     "CC13_10000_0404": 100,
     "CC13_10000_0405": 93,
     "CC13_10000_0501": 75,
     "CC13_10000_0502": 74,
     "CC13_10000_0503": 105,
     "CC13_10000_0504": 99,
     "CC13_10000_0505": 98,
     "CC14_10000_0101": 66,
     "CC14_10000_0102": 65,
     "CC14_10000_0103": 75,
     "CC14_10000_0104": 91,
     "CC14_10000_0105": 92,
     "CC14_10000_0201": 89,
     "CC14_10000_0202": 111,
     "CC14_10000_0203": 79,
     "CC14_10000_0204": 100,
     "CC14_10000_0205": 93,
     "CC14_10000_0301": 90,
     "CC14_10000_0302": 81,
     "CC14_10000_0303": 88,
     "CC14_10000_0304": 65,
     "CC14_10000_0305": 75,
     "CC14_10000_0401": 94,
     "CC14_10000_0402": 102,
     "CC14_10000_0403": 62,
     "CC14_10000_0404": 82,
     "CC14_10000_0405": 81,
     "CC14_10000_0501": 93,
     "CC14_10000_0502": 93,
     "CC14_10000_0503": 102,
     "CC14_10000_0504": 80,
     "CC14_10000_0505": 81,
     "CC15_10000_0101": 95,
     "CC15_10000_0102": 75,
     "CC15_10000_0103": 92,
     "CC15_10000_0201": 61,
     "CC15_10000_0202": 81,
     "CC15_10000_0301": 73,
     "CC15_10000_0302": 67,
     "CC15_10000_0401": 88,
     "CC15_10000_0402": 67,
     "CC15_10000_0501": 73,
     "CC15_10000_0502": 86,
     "CC16_10000_0105": 63,
     "CC16_10000_0403": 85,
     "CC16_10000_0502": 65,
     "CC16_10000_0503": 87,
     "CC16_10000_0504": 87,
     "CC17_10000_0101": 109,
     "CC17_10000_0102": 88,
     "CC17_10000_0205": 95,
     "CC17_10000_0304": 75,
     "CC17_10000_0305": 95,
     "CC17_10000_0503": 104,
     "CC17_10000_0504": 96,
     "CC17_10000_0505": 97,
     "CC18_10000_0101": 85,
     "CC18_10000_0102": 86,
     "CC18_10000_0103": 89,
     "CC18_10000_0104": 70,
     "CC18_10000_0105": 41,
     "CC18_10000_0201": 78,
     "CC18_10000_0202": 88,
     "CC18_10000_0203": 75,
     "CC18_10000_0204": 51,
     "CC18_10000_0205": 8,
     "CC18_10000_0301": 81,
     "CC18_10000_0302": 73,
     "CC18_10000_0303": 50,
     "CC18_10000_0304": 9,
     "CC18_10000_0401": 100,
     "CC18_10000_0402": 90,
     "CC18_10000_0403": 43,
     "CC18_10000_0501": 94,
     "CC18_10000_0502": 67,
     "CC18_10000_0503": 9,
     "CC19_10000_0101": 4,
     "CD06_10000_0305": 78,
     "CD06_10000_0404": 58,
     "CD06_10000_0405": 68,
     "CD06_10000_0504": 84,
     "CD06_10000_0505": 62,
     "CD07_10000_0101": 66,
     "CD07_10000_0102": 90,
     "CD07_10000_0103": 81,
     "CD07_10000_0104": 75,
     "CD07_10000_0105": 92,
     "CD07_10000_0201": 79,
     "CD07_10000_0202": 84,
     "CD07_10000_0203": 65,
     "CD07_10000_0204": 62,
     "CD07_10000_0205": 73,
     "CD07_10000_0301": 89,
     "CD07_10000_0302": 76,
     "CD07_10000_0303": 91,
     "CD07_10000_0304": 82,
     "CD07_10000_0305": 86,
     "CD07_10000_0401": 76,
     "CD07_10000_0402": 71,
     "CD07_10000_0403": 46,
     "CD07_10000_0404": 49,
     "CD07_10000_0405": 67,
     "CD07_10000_0501": 87,
     "CD07_10000_0502": 68,
     "CD07_10000_0503": 59,
     "CD07_10000_0504": 54,
     "CD07_10000_0505": 63,
     "CD08_10000_0101": 58,
     "CD08_10000_0102": 53,
     "CD08_10000_0103": 80,
     "CD08_10000_0104": 85,
     "CD08_10000_0105": 84,
     "CD08_10000_0201": 72,
     "CD08_10000_0202": 41,
     "CD08_10000_0203": 66,
     "CD08_10000_0204": 81,
     "CD08_10000_0205": 96,
     "CD08_10000_0301": 84,
     "CD08_10000_0302": 67,
     "CD08_10000_0303": 80,
     "CD08_10000_0304": 75,
     "CD08_10000_0305": 94,
     "CD08_10000_0401": 81,
     "CD08_10000_0402": 79,
     "CD08_10000_0403": 80,
     "CD08_10000_0404": 74,
     "CD08_10000_0405": 86,
     "CD08_10000_0501": 91,
     "CD08_10000_0502": 75,
     "CD08_10000_0503": 90,
     "CD08_10000_0504": 99,
     "CD08_10000_0505": 83,
     "CD09_10000_0101": 73,
     "CD09_10000_0102": 85,
     "CD09_10000_0103": 78,
     "CD09_10000_0104": 105,
     "CD09_10000_0105": 81,
     "CD09_10000_0201": 101,
     "CD09_10000_0202": 78,
     "CD09_10000_0203": 85,
     "CD09_10000_0204": 83,
     "CD09_10000_0205": 89,
     "CD09_10000_0301": 68,
     "CD09_10000_0302": 85,
     "CD09_10000_0303": 68,
     "CD09_10000_0304": 92,
     "CD09_10000_0305": 87,
     "CD09_10000_0401": 86,
     "CD09_10000_0402": 81,
     "CD09_10000_0403": 75,
     "CD09_10000_0404": 90,
     "CD09_10000_0405": 99,
     "CD09_10000_0501": 98,
     "CD09_10000_0502": 69,
     "CD09_10000_0503": 89,
     "CD09_10000_0504": 101,
     "CD09_10000_0505": 67,
     "CD10_10000_0101": 91,
     "CD10_10000_0102": 68,
     "CD10_10000_0103": 92,
     "CD10_10000_0104": 83,
     "CD10_10000_0105": 108,
     "CD10_10000_0201": 84,
     "CD10_10000_0202": 53,
     "CD10_10000_0203": 83,
     "CD10_10000_0204": 98,
     "CD10_10000_0205": 108,
     "CD10_10000_0301": 79,
     "CD10_10000_0302": 87,
     "CD10_10000_0303": 93,
     "CD10_10000_0304": 97,
     "CD10_10000_0305": 97,
     "CD10_10000_0401": 106,
     "CD10_10000_0402": 109,
     "CD10_10000_0403": 109,
     "CD10_10000_0404": 94,
     "CD10_10000_0405": 101,
     "CD10_10000_0501": 96,
     "CD10_10000_0502": 94,
     "CD10_10000_0503": 74,
     "CD10_10000_0504": 81,
     "CD10_10000_0505": 77,
     "CD11_10000_0101": 116,
     "CD11_10000_0102": 95,
     "CD11_10000_0103": 81,
     "CD11_10000_0104": 74,
     "CD11_10000_0201": 104,
     "CD11_10000_0202": 117,
     "CD11_10000_0203": 75,
     "CD11_10000_0204": 89,
     "CD11_10000_0205": 104,
     "CD11_10000_0301": 103,
     "CD11_10000_0302": 107,
     "CD11_10000_0303": 104,
     "CD11_10000_0304": 110,
     "CD11_10000_0305": 85,
     "CD11_10000_0401": 114,
     "CD11_10000_0402": 114,
     "CD11_10000_0403": 91,
     "CD11_10000_0404": 75,
     "CD11_10000_0405": 99,
     "CD11_10000_0501": 100,
     "CD11_10000_0502": 108,
     "CD11_10000_0503": 87,
     "CD11_10000_0504": 103,
     "CD11_10000_0505": 97,
     "CD12_10000_0102": 77,
     "CD12_10000_0103": 69,
     "CD12_10000_0104": 88,
     "CD12_10000_0105": 81,
     "CD12_10000_0201": 90,
     "CD12_10000_0202": 69,
     "CD12_10000_0203": 63,
     "CD12_10000_0204": 103,
     "CD12_10000_0205": 94,
     "CD12_10000_0301": 79,
     "CD12_10000_0302": 70,
     "CD12_10000_0303": 87,
     "CD12_10000_0304": 103,
     "CD12_10000_0305": 99,
     "CD12_10000_0401": 99,
     "CD12_10000_0402": 84,
     "CD12_10000_0403": 90,
     "CD12_10000_0404": 104,
     "CD12_10000_0405": 84,
     "CD12_10000_0501": 92,
     "CD12_10000_0502": 116,
     "CD12_10000_0503": 80,
     "CD12_10000_0504": 93,
     "CD12_10000_0505": 93,
     "CD13_10000_0101": 78,
     "CD13_10000_0102": 109,
     "CD13_10000_0103": 97,
     "CD13_10000_0104": 77,
     "CD13_10000_0105": 88,
     "CD13_10000_0201": 81,
     "CD13_10000_0202": 96,
     "CD13_10000_0203": 96,
     "CD13_10000_0204": 90,
     "CD13_10000_0205": 100,
     "CD13_10000_0301": 105,
     "CD13_10000_0302": 76,
     "CD13_10000_0303": 95,
     "CD13_10000_0304": 95,
     "CD13_10000_0305": 95,
     "CD13_10000_0403": 107,
     "CD13_10000_0404": 95,
     "CD13_10000_0405": 81,
     "CD13_10000_0503": 97,
     "CD13_10000_0504": 110,
     "CD13_10000_0505": 101,
     "CD14_10000_0101": 96,
     "CD14_10000_0102": 93,
     "CD14_10000_0103": 106,
     "CD14_10000_0104": 101,
     "CD14_10000_0105": 92,
     "CD14_10000_0201": 90,
     "CD14_10000_0202": 93,
     "CD14_10000_0203": 102,
     "CD14_10000_0204": 105,
     "CD14_10000_0301": 64,
     "CD14_10000_0302": 101,
     "CD14_10000_0303": 115,
     "CD14_10000_0304": 81,
     "CD14_10000_0401": 95,
     "CD14_10000_0402": 94,
     "CD14_10000_0403": 106,
     "CD14_10000_0404": 92,
     "CD14_10000_0501": 99,
     "CD14_10000_0502": 73,
     "CD14_10000_0503": 76,
     "CD14_10000_0504": 87,
     "CD15_10000_0101": 71,
     "CD15_10000_0205": 85,
     "CD15_10000_0305": 65,
     "CD15_10000_0403": 94,
     "CD15_10000_0404": 97,
     "CD15_10000_0405": 88,
     "CD15_10000_0503": 110,
     "CD16_10000_0101": 66,
     "CD16_10000_0102": 75,
     "CD16_10000_0103": 98,
     "CD16_10000_0105": 109,
     "CD16_10000_0201": 84,
     "CD16_10000_0202": 95,
     "CD16_10000_0203": 70,
     "CD16_10000_0301": 61,
     "CD16_10000_0302": 84,
     "CD16_10000_0401": 97,
     "CD16_10000_0402": 91,
     "CD16_10000_0501": 88,
     "CD16_10000_0502": 91,
     "CD17_10000_0101": 91,
     "CD17_10000_0102": 93,
     "CD17_10000_0103": 82,
     "CD17_10000_0104": 85,
     "CD17_10000_0105": 94,
     "CD17_10000_0201": 78,
     "CD17_10000_0202": 93,
     "CD17_10000_0203": 101,
     "CD17_10000_0204": 88,
     "CD17_10000_0205": 84,
     "CD17_10000_0301": 74,
     "CD17_10000_0302": 94,
     "CD17_10000_0303": 90,
     "CD17_10000_0304": 95,
     "CD17_10000_0305": 99,
     "CD17_10000_0401": 84,
     "CD17_10000_0402": 90,
     "CD17_10000_0403": 84,
     "CD17_10000_0404": 88,
     "CD17_10000_0405": 97,
     "CD17_10000_0501": 95,
     "CD17_10000_0502": 97,
     "CD17_10000_0503": 97,
     "CD17_10000_0504": 88,
     "CD17_10000_0505": 41,
     "CD18_10000_0101": 83,
     "CD18_10000_0102": 73,
     "CD18_10000_0103": 34,
     "CD18_10000_0201": 79,
     "CD18_10000_0202": 80,
     "CD18_10000_0203": 1,
     "CD18_10000_0301": 78,
     "CD18_10000_0302": 30,
     "CD18_10000_0401": 30,
     "CE06_10000_0104": 79,
     "CE06_10000_0105": 96,
     "CE07_10000_0101": 99,
     "CE07_10000_0102": 83,
     "CE07_10000_0103": 95,
     "CE07_10000_0104": 72,
     "CE07_10000_0105": 87,
     "CE07_10000_0204": 79,
     "CE07_10000_0205": 68,
     "CE07_10000_0304": 77,
     "CE07_10000_0305": 74,
     "CE07_10000_0404": 90,
     "CE07_10000_0405": 88,
     "CE07_10000_0503": 83,
     "CE07_10000_0504": 73,
     "CE07_10000_0505": 75,
     "CE08_10000_0101": 84,
     "CE08_10000_0102": 67,
     "CE08_10000_0103": 87,
     "CE08_10000_0104": 102,
     "CE08_10000_0105": 71,
     "CE08_10000_0201": 106,
     "CE08_10000_0202": 92,
     "CE08_10000_0203": 82,
     "CE08_10000_0204": 97,
     "CE08_10000_0205": 84,
     "CE08_10000_0301": 96,
     "CE08_10000_0302": 78,
     "CE08_10000_0303": 87,
     "CE08_10000_0304": 67,
     "CE08_10000_0305": 93,
     "CE08_10000_0401": 89,
     "CE08_10000_0402": 73,
     "CE08_10000_0403": 90,
     "CE08_10000_0404": 90,
     "CE08_10000_0405": 103,
     "CE08_10000_0501": 80,
     "CE08_10000_0502": 82,
     "CE08_10000_0503": 75,
     "CE08_10000_0504": 81,
     "CE08_10000_0505": 87,
     "CE09_10000_0101": 89,
     "CE09_10000_0102": 79,
     "CE09_10000_0103": 70,
     "CE09_10000_0104": 64,
     "CE09_10000_0105": 86,
     "CE09_10000_0201": 101,
     "CE09_10000_0202": 83,
     "CE09_10000_0203": 67,
     "CE09_10000_0204": 73,
     "CE09_10000_0205": 70,
     "CE09_10000_0301": 98,
     "CE09_10000_0302": 91,
     "CE09_10000_0303": 83,
     "CE09_10000_0304": 78,
     "CE09_10000_0305": 88,
     "CE09_10000_0401": 89,
     "CE09_10000_0402": 100,
     "CE09_10000_0403": 91,
     "CE09_10000_0404": 86,
     "CE09_10000_0405": 73,
     "CE09_10000_0501": 77,
     "CE09_10000_0502": 91,
     "CE09_10000_0503": 63,
     "CE09_10000_0504": 93,
     "CE09_10000_0505": 77,
     "CE10_10000_0101": 80,
     "CE10_10000_0102": 85,
     "CE10_10000_0103": 61,
     "CE10_10000_0104": 104,
     "CE10_10000_0105": 93,
     "CE10_10000_0201": 90,
     "CE10_10000_0202": 78,
     "CE10_10000_0203": 54,
     "CE10_10000_0204": 82,
     "CE10_10000_0205": 86,
     "CE10_10000_0301": 91,
     "CE10_10000_0302": 85,
     "CE10_10000_0303": 81,
     "CE10_10000_0304": 66,
     "CE10_10000_0305": 81,
     "CE10_10000_0401": 77,
     "CE10_10000_0402": 102,
     "CE10_10000_0403": 68,
     "CE10_10000_0404": 68,
     "CE10_10000_0405": 94,
     "CE10_10000_0501": 70,
     "CE10_10000_0502": 76,
     "CE10_10000_0503": 68,
     "CE10_10000_0504": 70,
     "CE10_10000_0505": 84,
     "CE11_10000_0101": 96,
     "CE11_10000_0102": 107,
     "CE11_10000_0103": 97,
     "CE11_10000_0104": 82,
     "CE11_10000_0105": 82,
     "CE11_10000_0201": 98,
     "CE11_10000_0202": 92,
     "CE11_10000_0203": 90,
     "CE11_10000_0204": 102,
     "CE11_10000_0205": 114,
     "CE11_10000_0301": 69,
     "CE11_10000_0302": 87,
     "CE11_10000_0303": 75,
     "CE11_10000_0304": 66,
     "CE11_10000_0305": 81,
     "CE11_10000_0401": 80,
     "CE11_10000_0402": 73,
     "CE11_10000_0403": 68,
     "CE11_10000_0404": 67,
     "CE11_10000_0405": 83,
     "CE11_10000_0501": 95,
     "CE11_10000_0502": 80,
     "CE11_10000_0503": 89,
     "CE11_10000_0504": 59,
     "CE11_10000_0505": 72,
     "CE12_10000_0101": 103,
     "CE12_10000_0102": 91,
     "CE12_10000_0103": 101,
     "CE12_10000_0104": 112,
     "CE12_10000_0201": 100,
     "CE12_10000_0202": 108,
     "CE12_10000_0203": 74,
     "CE12_10000_0301": 95,
     "CE12_10000_0302": 73,
     "CE12_10000_0303": 89,
     "CE12_10000_0304": 97,
     "CE12_10000_0401": 98,
     "CE12_10000_0402": 88,
     "CE12_10000_0403": 92,
     "CE12_10000_0404": 96,
     "CE12_10000_0405": 79,
     "CE12_10000_0501": 88,
     "CE12_10000_0502": 91,
     "CE12_10000_0503": 88,
     "CE12_10000_0504": 99,
     "CE12_10000_0505": 81,
     "CE13_10000_0104": 89,
     "CE13_10000_0105": 82,
     "CE13_10000_0401": 63,
     "CE13_10000_0402": 84,
     "CE13_10000_0501": 78,
     "CE13_10000_0502": 93,
     "CE14_10000_0101": 88,
     "CE14_10000_0102": 113,
     "CE14_10000_0103": 94,
     "CE14_10000_0201": 106,
     "CE14_10000_0202": 81,
     "CE15_10000_0405": 94,
     "CE15_10000_0502": 109,
     "CE15_10000_0503": 85,
     "CE15_10000_0504": 94,
     "CE15_10000_0505": 100,
     "CE16_10000_0302": 78,
     "CE16_10000_0303": 80,
     "CE16_10000_0304": 78,
     "CE16_10000_0305": 82,
     "CE16_10000_0401": 96,
     "CE16_10000_0402": 76,
     "CE16_10000_0403": 78,
     "CE16_10000_0404": 74,
     "CE16_10000_0405": 72,
     "CE16_10000_0501": 72,
     "CE16_10000_0502": 74,
     "CE16_10000_0503": 76,
     "CE16_10000_0504": 53,
     "CE16_10000_0505": 11,
     "CE17_10000_0101": 82,
     "CE17_10000_0102": 84,
     "CE17_10000_0103": 86,
     "CE17_10000_0104": 44,
     "CE17_10000_0105": 2,
     "CE17_10000_0201": 88,
     "CE17_10000_0202": 75,
     "CE17_10000_0203": 83,
     "CE17_10000_0204": 71,
     "CE17_10000_0205": 38,
     "CE17_10000_0301": 100,
     "CE17_10000_0302": 66,
     "CE17_10000_0303": 82,
     "CE17_10000_0304": 52,
     "CE17_10000_0305": 40,
     "CE17_10000_0401": 84,
     "CE17_10000_0402": 53,
     "CE17_10000_0403": 22,
     "CE17_10000_0404": 21,
     "CE17_10000_0405": 22,
     "CE18_10000_0201": 32,
     "CE18_10000_0301": 53,
     "CE18_10000_0302": 1,
     "CF07_10000_0102": 62,
     "CF07_10000_0103": 82,
     "CF07_10000_0104": 97,
     "CF07_10000_0105": 71,
     "CF07_10000_0202": 62,
     "CF07_10000_0203": 79,
     "CF07_10000_0204": 77,
     "CF07_10000_0205": 97,
     "CF07_10000_0301": 91,
     "CF07_10000_0302": 89,
     "CF07_10000_0303": 86,
     "CF07_10000_0304": 108,
     "CF07_10000_0305": 83,
     "CF07_10000_0402": 66,
     "CF07_10000_0403": 71,
     "CF07_10000_0404": 77,
     "CF07_10000_0405": 74,
     "CF07_10000_0502": 52,
     "CF07_10000_0503": 12,
     "CF07_10000_0505": 1,
     "CF08_10000_0101": 95,
     "CF08_10000_0102": 69,
     "CF08_10000_0103": 67,
     "CF08_10000_0104": 90,
     "CF08_10000_0105": 95,
     "CF08_10000_0201": 88,
     "CF08_10000_0202": 93,
     "CF08_10000_0203": 77,
     "CF08_10000_0204": 87,
     "CF08_10000_0205": 87,
     "CF08_10000_0301": 88,
     "CF08_10000_0302": 81,
     "CF08_10000_0303": 94,
     "CF08_10000_0304": 66,
     "CF08_10000_0305": 79,
     "CF08_10000_0401": 84,
     "CF08_10000_0402": 89,
     "CF08_10000_0403": 90,
     "CF08_10000_0404": 73,
     "CF08_10000_0405": 78,
     "CF08_10000_0501": 22,
     "CF08_10000_0502": 52,
     "CF08_10000_0503": 79,
     "CF08_10000_0504": 73,
     "CF08_10000_0505": 89,
     "CF09_10000_0101": 80,
     "CF09_10000_0102": 85,
     "CF09_10000_0103": 88,
     "CF09_10000_0104": 59,
     "CF09_10000_0105": 66,
     "CF09_10000_0201": 80,
     "CF09_10000_0202": 65,
     "CF09_10000_0203": 45,
     "CF09_10000_0204": 50,
     "CF09_10000_0205": 42,
     "CF09_10000_0301": 93,
     "CF09_10000_0302": 102,
     "CF09_10000_0303": 47,
     "CF09_10000_0304": 30,
     "CF09_10000_0305": 54,
     "CF09_10000_0401": 80,
     "CF09_10000_0402": 61,
     "CF09_10000_0403": 84,
     "CF09_10000_0404": 58,
     "CF09_10000_0405": 68,
     "CF09_10000_0501": 80,
     "CF09_10000_0502": 84,
     "CF09_10000_0503": 74,
     "CF09_10000_0504": 75,
     "CF09_10000_0505": 61,
     "CF10_10000_0101": 80,
     "CF10_10000_0102": 71,
     "CF10_10000_0103": 67,
     "CF10_10000_0104": 68,
     "CF10_10000_0105": 94,
     "CF10_10000_0201": 46,
     "CF10_10000_0202": 64,
     "CF10_10000_0203": 66,
     "CF10_10000_0204": 79,
     "CF10_10000_0205": 75,
     "CF10_10000_0301": 35,
     "CF10_10000_0302": 56,
     "CF10_10000_0303": 63,
     "CF10_10000_0304": 74,
     "CF10_10000_0305": 82,
     "CF10_10000_0401": 55,
     "CF10_10000_0402": 65,
     "CF10_10000_0403": 55,
     "CF10_10000_0404": 70,
     "CF10_10000_0405": 65,
     "CF10_10000_0501": 65,
     "CF10_10000_0502": 57,
     "CF10_10000_0503": 64,
     "CF10_10000_0504": 64,
     "CF10_10000_0505": 71,
     "CF11_10000_0101": 79,
     "CF11_10000_0102": 70,
     "CF11_10000_0103": 86,
     "CF11_10000_0104": 88,
     "CF11_10000_0105": 72,
     "CF11_10000_0201": 89,
     "CF11_10000_0202": 82,
     "CF11_10000_0203": 73,
     "CF11_10000_0204": 112,
     "CF11_10000_0205": 80,
     "CF11_10000_0301": 95,
     "CF11_10000_0302": 83,
     "CF11_10000_0303": 89,
     "CF11_10000_0304": 71,
     "CF11_10000_0305": 83,
     "CF11_10000_0401": 93,
     "CF11_10000_0402": 75,
     "CF11_10000_0403": 83,
     "CF11_10000_0404": 84,
     "CF11_10000_0405": 96,
     "CF11_10000_0501": 83,
     "CF11_10000_0502": 84,
     "CF11_10000_0503": 93,
     "CF11_10000_0504": 99,
     "CF11_10000_0505": 76,
     "CF12_10000_0101": 82,
     "CF12_10000_0102": 92,
     "CF12_10000_0103": 68,
     "CF12_10000_0104": 102,
     "CF12_10000_0105": 66,
     "CF12_10000_0201": 86,
     "CF12_10000_0202": 70,
     "CF12_10000_0203": 75,
     "CF12_10000_0204": 92,
     "CF12_10000_0205": 107,
     "CF12_10000_0301": 98,
     "CF12_10000_0302": 79,
     "CF12_10000_0303": 77,
     "CF12_10000_0304": 78,
     "CF12_10000_0305": 78,
     "CF12_10000_0401": 75,
     "CF12_10000_0402": 77,
     "CF12_10000_0403": 64,
     "CF12_10000_0404": 79,
     "CF12_10000_0405": 93,
     "CF12_10000_0501": 73,
     "CF12_10000_0502": 92,
     "CF12_10000_0503": 86,
     "CF12_10000_0504": 113,
     "CF12_10000_0505": 92,
     "CF13_10000_0101": 100,
     "CF13_10000_0201": 91,
     "CF13_10000_0301": 106,
     "CF13_10000_0401": 95,
     "CF13_10000_0402": 91,
     "CF13_10000_0501": 97,
     "CF13_10000_0502": 78,
     "CF14_10000_0304": 75,
     "CF14_10000_0305": 91,
     "CF14_10000_0404": 95,
     "CF14_10000_0405": 96,
     "CF14_10000_0504": 90,
     "CF14_10000_0505": 93,
     "CF15_10000_0101": 78,
     "CF15_10000_0102": 108,
     "CF15_10000_0103": 87,
     "CF15_10000_0104": 89,
     "CF15_10000_0105": 94,
     "CF15_10000_0201": 92,
     "CF15_10000_0202": 102,
     "CF15_10000_0203": 87,
     "CF15_10000_0204": 77,
     "CF15_10000_0205": 75,
     "CF15_10000_0301": 87,
     "CF15_10000_0302": 102,
     "CF15_10000_0303": 87,
     "CF15_10000_0304": 84,
     "CF15_10000_0305": 84,
     "CF15_10000_0401": 84,
     "CF15_10000_0402": 101,
     "CF15_10000_0403": 81,
     "CF15_10000_0404": 96,
     "CF15_10000_0405": 73,
     "CF15_10000_0501": 50,
     "CF15_10000_0502": 69,
     "CF15_10000_0503": 56,
     "CF15_10000_0504": 41,
     "CF15_10000_0505": 2,
     "CF16_10000_0101": 77,
     "CF16_10000_0102": 78,
     "CF16_10000_0103": 64,
     "CF16_10000_0104": 4,
     "CF16_10000_0201": 68,
     "CF16_10000_0202": 83,
     "CF16_10000_0203": 35,
     "CF16_10000_0301": 78,
     "CF16_10000_0302": 46,
     "CF16_10000_0303": 7,
     "CF16_10000_0401": 18,
     "CG08_10000_0103": 27,
     "CG08_10000_0104": 79,
     "CG08_10000_0105": 72,
     "CG08_10000_0203": 17,
     "CG08_10000_0204": 77,
     "CG08_10000_0205": 85,
     "CG08_10000_0304": 7,
     "CG08_10000_0305": 5,
     "CG09_10000_0101": 65,
     "CG09_10000_0102": 84,
     "CG09_10000_0103": 73,
     "CG09_10000_0104": 61,
     "CG09_10000_0105": 58,
     "CG09_10000_0201": 73,
     "CG09_10000_0202": 63,
     "CG09_10000_0203": 61,
     "CG09_10000_0204": 29,
     "CG09_10000_0205": 39,
     "CG09_10000_0301": 7,
     "CG09_10000_0303": 4,
     "CG10_10000_0101": 61,
     "CG10_10000_0102": 53,
     "CG10_10000_0103": 65,
     "CG10_10000_0104": 63,
     "CG10_10000_0105": 57,
     "CG10_10000_0201": 62,
     "CG10_10000_0202": 76,
     "CG10_10000_0203": 64,
     "CG10_10000_0204": 78,
     "CG10_10000_0205": 70,
     "CG10_10000_0301": 8,
     "CG10_10000_0302": 71,
     "CG10_10000_0303": 76,
     "CG10_10000_0304": 60,
     "CG10_10000_0305": 67,
     "CG10_10000_0402": 33,
     "CG10_10000_0403": 36,
     "CG10_10000_0404": 72,
     "CG10_10000_0405": 89,
     "CG10_10000_0502": 16,
     "CG10_10000_0503": 54,
     "CG10_10000_0504": 31,
     "CG10_10000_0505": 61,
     "CG11_10000_0101": 74,
     "CG11_10000_0102": 60,
     "CG11_10000_0103": 58,
     "CG11_10000_0104": 49,
     "CG11_10000_0105": 69,
     "CG11_10000_0201": 80,
     "CG11_10000_0202": 80,
     "CG11_10000_0203": 58,
     "CG11_10000_0204": 58,
     "CG11_10000_0205": 79,
     "CG11_10000_0301": 65,
     "CG11_10000_0302": 70,
     "CG11_10000_0303": 60,
     "CG11_10000_0304": 80,
     "CG11_10000_0305": 80,
     "CG11_10000_0401": 59,
     "CG11_10000_0402": 77,
     "CG11_10000_0403": 54,
     "CG11_10000_0404": 62,
     "CG11_10000_0405": 74,
     "CG11_10000_0501": 65,
     "CG11_10000_0502": 66,
     "CG11_10000_0503": 54,
     "CG11_10000_0504": 41,
     "CG11_10000_0505": 41,
     "CG12_10000_0101": 89,
     "CG12_10000_0102": 89,
     "CG12_10000_0103": 99,
     "CG12_10000_0104": 77,
     "CG12_10000_0105": 84,
     "CG12_10000_0201": 79,
     "CG12_10000_0202": 90,
     "CG12_10000_0203": 85,
     "CG12_10000_0204": 110,
     "CG12_10000_0205": 84,
     "CG12_10000_0301": 98,
     "CG12_10000_0302": 91,
     "CG12_10000_0303": 101,
     "CG12_10000_0304": 70,
     "CG12_10000_0305": 86,
     "CG12_10000_0401": 80,
     "CG12_10000_0402": 75,
     "CG12_10000_0403": 73,
     "CG12_10000_0404": 89,
     "CG12_10000_0405": 103,
     "CG12_10000_0501": 51,
     "CG12_10000_0502": 84,
     "CG12_10000_0503": 93,
     "CG12_10000_0504": 83,
     "CG12_10000_0505": 94,
     "CG13_10000_0101": 92,
     "CG13_10000_0102": 101,
     "CG13_10000_0201": 125,
     "CG13_10000_0202": 86,
     "CG13_10000_0301": 91,
     "CG13_10000_0302": 72,
     "CG13_10000_0401": 100,
     "CG13_10000_0402": 93,
     "CG13_10000_0403": 73,
     "CG13_10000_0404": 89,
     "CG13_10000_0405": 99,
     "CG13_10000_0501": 88,
     "CG13_10000_0502": 85,
     "CG13_10000_0503": 89,
     "CG13_10000_0504": 89,
     "CG13_10000_0505": 87,
     "CG14_10000_0104": 89,
     "CG14_10000_0105": 86,
     "CG14_10000_0203": 81,
     "CG14_10000_0204": 103,
     "CG14_10000_0205": 98,
     "CG14_10000_0301": 79,
     "CG14_10000_0302": 96,
     "CG14_10000_0303": 81,
     "CG14_10000_0304": 75,
     "CG14_10000_0305": 97,
     "CG14_10000_0401": 94,
     "CG14_10000_0402": 77,
     "CG14_10000_0403": 87,
     "CG14_10000_0404": 42,
     "CG14_10000_0405": 16,
     "CG14_10000_0501": 43,
     "CG14_10000_0502": 3,
     "CG14_10000_0503": 1,
     "CG15_10000_0101": 73,
     "CG15_10000_0102": 41,
     "CG15_10000_0103": 3,
     "CG15_10000_0201": 73,
     "CG15_10000_0202": 12,
     "CG15_10000_0301": 43,
     "CG15_10000_0302": 4,
     "CH09_10000_0505": 68,
     "CH10_10000_0103": 7,
     "CH10_10000_0104": 13,
     "CH10_10000_0105": 13,
     "CH10_10000_0501": 14,
     "CH11_10000_0101": 6,
     "CH11_10000_0102": 2,
     "CH12_10000_0101": 1,
     "CH12_10000_0102": 53,
     "CH12_10000_0103": 65,
     "CH12_10000_0104": 78,
     "CH12_10000_0105": 55,
     "CH13_10000_0101": 32,
     "CH13_10000_0102": 31,
     "CH13_10000_0103": 19,
     "CH13_10000_0104": 1,
     "CH13_10000_0105": 3,
     "CJ09_10000_0105": 24,
     "CJ10_10000_0101": 8
    },
    "tile_scale": 10000,
    "n_features": 593218,
    "failed": [],
    "layer_url": "https://services3.arcgis.com/fp1tibNcN9mbExhG/ArcGIS/rest/services/REC2_Layers/FeatureServer/0",
    "coverage": "tiles"
   },
   "geometry": {
    "type": "MultiPolygon",
    "coordinates": [
     [
      [
       [
        167.66437673934092,
        -46.300009290227784
       ],
       [
        167.6706654195364,
        -46.300009290227784
       ],
       [
        167.6706654195364,
        -46.235490069187236
       ],
       [
        167.61495200709044,
        -46.235490069187236
       ],
       [
        167.61495200709044,
        -46.232578991049145
       ],
       [
        167.55298104260552,
        -46.232578991049145
       ],
       [
        167.55298104260552,
        -46.22963445778587
       ],
       [
        167.49101981093173,
        -46.22963445778587
       ],
       [
        167.49101981093173,
        -46.16215562878071
       ],
       [
        167.4356014274779,
        -46.16215562878071
       ],
       [
        167.4356014274779,
        -46.223645080372556
       ],
       [
        167.36712697772813,
        -46.223645080372556
       ],
       [
        167.36712697772813,
        -46.22060026384259
       ],
       [
        167.30519559177748,
        -46.22060026384259
       ],
       [
        167.30519559177748,
        -46.153041613067536
       ],
       [
        167.31187197045264,
        -46.153041613067536
       ],
       [
        167.31187197045264,
        -46.08855970210833
       ],
       [
        167.25674735674133,
        -46.08855970210833
       ],
       [
        167.25674735674133,
        -46.020985530920704
       ],
       [
        167.325156506358,
        -46.020985530920704
       ],
       [
        167.325156506358,
        -45.95959146363487
       ],
       [
        167.33176485493726,
        -45.95959146363487
       ],
       [
        167.33176485493726,
        -45.89510514270331
       ],
       [
        167.39992618288142,
        -45.89510514270331
       ],
       [
        167.39992618288142,
        -45.83365452789737
       ],
       [
        167.46793398714505,
        -45.83365452789737
       ],
       [
        167.46793398714505,
        -45.77215599392965
       ],
       [
        167.47433465363716,
        -45.77215599392965
       ],
       [
        167.47433465363716,
        -45.70765182307064
       ],
       [
        167.48071358579801,
        -45.70765182307064
       ],
       [
        167.48071358579801,
        -45.64314622904158
       ],
       [
        167.4257661859351,
        -45.64314622904158
       ],
       [
        167.4257661859351,
        -45.64016211338101
       ],
       [
        167.36447118065084,
        -45.64016211338101
       ],
       [
        167.36447118065084,
        -45.63714525708941
       ],
       [
        167.3031859621954,
        -45.63714525708941
       ],
       [
        167.3031859621954,
        -45.63409567385434
       ],
       [
        167.24191063418107,
        -45.63409567385434
       ],
       [
        167.24191063418107,
        -45.6310133775078
       ],
       [
        167.18064530011262,
        -45.6310133775078
       ],
       [
        167.18064530011262,
        -45.563425431695535
       ],
       [
        167.18732847607424,
        -45.563425431695535
       ],
       [
        167.18732847607424,
        -45.498950987444324
       ],
       [
        167.19398902732482,
        -45.498950987444324
       ],
       [
        167.19398902732482,
        -45.43447505266132
       ],
       [
        167.26168485801728,
        -45.43447505266132
       ],
       [
        167.26168485801728,
        -45.37308489034598
       ],
       [
        167.32923065304072,
        -45.37308489034598
       ],
       [
        167.32923065304072,
        -45.31164711474815
       ],
       [
        167.33568688081309,
        -45.31164711474815
       ],
       [
        167.33568688081309,
        -45.24715304068859
       ],
       [
        167.40299306295725,
        -45.24715304068859
       ],
       [
        167.40299306295725,
        -45.185659734021705
       ],
       [
        167.40933767808446,
        -45.185659734021705
       ],
       [
        167.40933767808446,
        -45.12115606329473
       ],
       [
        167.4156609024828,
        -45.12115606329473
       ],
       [
        167.4156609024828,
        -45.05665096719535
       ],
       [
        167.48264035433382,
        -45.05665096719535
       ],
       [
        167.48264035433382,
        -44.995094577428574
       ],
       [
        167.54947293955257,
        -44.995094577428574
       ],
       [
        167.54947293955257,
        -44.99801268279751
       ],
       [
        167.61010148085487,
        -44.99801268279751
       ],
       [
        167.61010148085487,
        -44.93637125305722
       ],
       [
        167.6767294771122,
        -44.93637125305722
       ],
       [
        167.6767294771122,
        -44.93921889448985
       ],
       [
        167.73730870476987,
        -44.93921889448985
       ],
       [
        167.73730870476987,
        -44.87749301530146
       ],
       [
        167.8037326222125,
        -44.87749301530146
       ],
       [
        167.8037326222125,
        -44.880270439854066
       ],
       [
        167.8642622160063,
        -44.880270439854066
       ],
       [
        167.8642622160063,
        -44.81846070064262
       ],
       [
        167.87001141090713,
        -44.81846070064262
       ],
       [
        167.87001141090713,
        -44.75390416936444
       ],
       [
        167.8757412894163,
        -44.75390416936444
       ],
       [
        167.8757412894163,
        -44.68934632829154
       ],
       [
        167.88145193021822,
        -44.68934632829154
       ],
       [
        167.88145193021822,
        -44.62478717998937
       ],
       [
        167.9474147360553,
        -44.62478717998937
       ],
       [
        167.9474147360553,
        -44.62747651384815
       ],
       [
        168.00769444340264,
        -44.62747651384815
       ],
       [
        168.00769444340264,
        -44.69470529369548
       ],
       [
        168.06249022575707,
        -44.69470529369548
       ],
       [
        168.06249022575707,
        -44.761912879996316
       ],
       [
        168.11740890342983,
        -44.761912879996316
       ],
       [
        168.11740890342983,
        -44.76451876376837
       ],
       [
        168.17784644125263,
        -44.76451876376837
       ],
       [
        168.17784644125263,
        -44.831678877049214
       ],
       [
        168.17245106922888,
        -44.831678877049214
       ],
       [
        168.17245106922888,
        -44.8962637220761
       ],
       [
        168.22761731858319,
        -44.8962637220761
       ],
       [
        168.22761731858319,
        -44.96340660107575
       ],
       [
        168.28290824955383,
        -44.96340660107575
       ],
       [
        168.28290824955383,
        -44.96593378562959
       ],
       [
        168.34357153093805,
        -44.96593378562959
       ],
       [
        168.34357153093805,
        -45.033028201872085
       ],
       [
        168.3383244628455,
        -45.033028201872085
       ],
       [
        168.3383244628455,
        -45.097626327482644
       ],
       [
        168.33305965012195,
        -45.097626327482644
       ],
       [
        168.33305965012195,
        -45.1622232347429
       ],
       [
        168.32777701957266,
        -45.1622232347429
       ],
       [
        168.32777701957266,
        -45.226818921494605
       ],
       [
        168.32247649757582,
        -45.226818921494605
       ],
       [
        168.32247649757582,
        -45.291413385571026
       ],
       [
        168.37817029923437,
        -45.291413385571026
       ],
       [
        168.37817029923437,
        -45.29390407690608
       ],
       [
        168.43919050350775,
        -45.29390407690608
       ],
       [
        168.43919050350775,
        -45.29636227643351
       ],
       [
        168.5002185201859,
        -45.29636227643351
       ],
       [
        168.5002185201859,
        -45.23417700833895
       ],
       [
        168.566297784242,
        -45.23417700833895
       ],
       [
        168.566297784242,
        -45.2365648354722
       ],
       [
        168.6272723001953,
        -45.2365648354722
       ],
       [
        168.6272723001953,
        -45.23892021031859
       ],
       [
        168.68825428889951,
        -45.23892021031859
       ],
       [
        168.68825428889951,
        -45.241243122266006
       ],
       [
        168.7492436477312,
        -45.241243122266006
       ],
       [
        168.7492436477312,
        -45.308165513976434
       ],
       [
        168.8054721888392,
        -45.308165513976434
       ],
       [
        168.8054721888392,
        -45.375064424889004
       ],
       [
        168.86182981670336,
        -45.375064424889004
       ],
       [
        168.86182981670336,
        -45.37729988417428
       ],
       [
        168.9229788377655,
        -45.37729988417428
       ],
       [
        168.9229788377655,
        -45.31485686749319
       ],
       [
        168.98871154727945,
        -45.31485686749319
       ],
       [
        168.98871154727945,
        -45.25237037717695
       ],
       [
        169.05429739649975,
        -45.25237037717695
       ],
       [
        169.05429739649975,
        -45.18984065559123
       ],
       [
        169.11973695816224,
        -45.18984065559123
       ],
       [
        169.11973695816224,
        -45.12726794423494
       ],
       [
        169.18503080343118,
        -45.12726794423494
       ],
       [
        169.18503080343118,
        -45.129321558627026
       ],
       [
        169.24593789945848,
        -45.129321558627026
       ],
       [
        169.24593789945848,
        -45.131342766102705
       ],
       [
        169.30685138546434,
        -45.131342766102705
       ],
       [
        169.30685138546434,
        -45.06865350080268
       ],
       [
        169.3110245477865,
        -45.06865350080268
       ],
       [
        169.3110245477865,
        -45.00397440570475
       ],
       [
        169.37596669288442,
        -45.00397440570475
       ],
       [
        169.37596669288442,
        -44.94123752199664
       ],
       [
        169.4407649018837,
        -44.94123752199664
       ],
       [
        169.4407649018837,
        -44.94314855322795
       ],
       [
        169.50149208232085,
        -44.94314855322795
       ],
       [
        169.50149208232085,
        -44.880333346854336
       ],
       [
        169.56608497368913,
        -44.880333346854336
       ],
       [
        169.56608497368913,
        -44.817476634609456
       ],
       [
        169.6305351369646,
        -44.817476634609456
       ],
       [
        169.6305351369646,
        -44.81928284154465
       ],
       [
        169.69114415797284,
        -44.81928284154465
       ],
       [
        169.69114415797284,
        -44.75634877676
       ],
       [
        169.63430155974146,
        -44.75634877676
       ],
       [
        169.63430155974146,
        -44.68987347764616
       ],
       [
        169.6380553080497,
        -44.68987347764616
       ],
       [
        169.6380553080497,
        -44.62516731861302
       ],
       [
        169.5813946596714,
        -44.62516731861302
       ],
       [
        169.5813946596714,
        -44.558670106187634
       ],
       [
        169.58518996167186,
        -44.558670106187634
       ],
       [
        169.58518996167186,
        -44.49396599385691
       ],
       [
        169.52870965954358,
        -44.49396599385691
       ],
       [
        169.52870965954358,
        -44.427447166070195
       ],
       [
        169.53254580633475,
        -44.427447166070195
       ],
       [
        169.53254580633475,
        -44.362745140612894
       ],
       [
        169.53636909184996,
        -44.362745140612894
       ],
       [
        169.53636909184996,
        -44.29804211880279
       ],
       [
        169.54017956811694,
        -44.29804211880279
       ],
       [
        169.54017956811694,
        -44.23333810181817
       ],
       [
        169.4839838681533,
        -44.23333810181817
       ],
       [
        169.4839838681533,
        -44.166804192617555
       ],
       [
        169.54776229952753,
        -44.166804192617555
       ],
       [
        169.54776229952753,
        -44.1039270870255
       ],
       [
        169.49167177606284,
        -44.1039270870255
       ],
       [
        169.49167177606284,
        -44.10210228909648
       ],
       [
        169.43181459297827,
        -44.10210228909648
       ],
       [
        169.43181459297827,
        -44.164943921513476
       ],
       [
        169.36799543581918,
        -44.164943921513476
       ],
       [
        169.36799543581918,
        -44.163052285693304
       ],
       [
        169.30808484765683,
        -44.163052285693304
       ],
       [
        169.30808484765683,
        -44.16112929346419
       ],
       [
        169.24818027024048,
        -44.16112929346419
       ],
       [
        169.24818027024048,
        -44.15917495326947
       ],
       [
        169.18828180000378,
        -44.15917495326947
       ],
       [
        169.18828180000378,
        -44.15718927368848
       ],
       [
        169.12838953331777,
        -44.15718927368848
       ],
       [
        169.12838953331777,
        -44.155172263436576
       ],
       [
        169.0685035664901,
        -44.155172263436576
       ],
       [
        169.0685035664901,
        -44.153123931364895
       ],
       [
        169.0086239957638,
        -44.153123931364895
       ],
       [
        169.0086239957638,
        -44.21570978947386
       ],
       [
        168.94431321594303,
        -44.21570978947386
       ],
       [
        168.94431321594303,
        -44.27825377388718
       ],
       [
        168.87986366579997,
        -44.27825377388718
       ],
       [
        168.87986366579997,
        -44.340755651193675
       ],
       [
        168.87533057301843,
        -44.340755651193675
       ],
       [
        168.87533057301843,
        -44.40540829826815
       ],
       [
        168.81066073904645,
        -44.40540829826815
       ],
       [
        168.81066073904645,
        -44.4032151871749
       ],
       [
        168.75054611167636,
        -44.4032151871749
       ],
       [
        168.75054611167636,
        -44.46563214680162
       ],
       [
        168.68567703272785,
        -44.46563214680162
       ],
       [
        168.68567703272785,
        -44.46337087060602
       ],
       [
        168.6255105897466,
        -44.46337087060602
       ],
       [
        168.6255105897466,
        -44.461077987968125
       ],
       [
        168.56535135878323,
        -44.461077987968125
       ],
       [
        168.56535135878323,
        -44.523378572491445
       ],
       [
        168.50022375124146,
        -44.523378572491445
       ],
       [
        168.50022375124146,
        -44.521017221724804
       ],
       [
        168.4400132170486,
        -44.521017221724804
       ],
       [
        168.4400132170486,
        -44.51862422490316
       ],
       [
        168.3798102179867,
        -44.51862422490316
       ],
       [
        168.3798102179867,
        -44.51619959260591
       ],
       [
        168.3196148518317,
        -44.51619959260591
       ],
       [
        168.3196148518317,
        -44.44913983739251
       ],
       [
        168.32478850629428,
        -44.44913983739251
       ],
       [
        168.32478850629428,
        -44.38453513005637
       ],
       [
        168.32994483720944,
        -44.38453513005637
       ],
       [
        168.32994483720944,
        -44.31992921566442
       ],
       [
        168.27509340574215,
        -44.31992921566442
       ],
       [
        168.27509340574215,
        -44.3174580098436
       ],
       [
        168.2151106307347,
        -44.3174580098436
       ],
       [
        168.2151106307347,
        -44.31495541137785
       ],
       [
        168.1551356858899,
        -44.31495541137785
       ],
       [
        168.1551356858899,
        -44.31242143126706
       ],
       [
        168.09516866750542,
        -44.31242143126706
       ],
       [
        168.09516866750542,
        -44.3098560806464
       ],
       [
        168.0352096717977,
        -44.3098560806464
       ],
       [
        168.0352096717977,
        -44.242680603815494
       ],
       [
        168.1005514673758,
        -44.242680603815494
       ],
       [
        168.1005514673758,
        -44.18068567542432
       ],
       [
        168.16575316437394,
        -44.18068567542432
       ],
       [
        168.16575316437394,
        -44.11864676493408
       ],
       [
        168.23081528884322,
        -44.11864676493408
       ],
       [
        168.23081528884322,
        -44.05656410856088
       ],
       [
        168.29573836554405,
        -44.05656410856088
       ],
       [
        168.29573836554405,
        -43.99443794172413
       ],
       [
        168.3605229179428,
        -43.99443794172413
       ],
       [
        168.3605229179428,
        -43.99688161162755
       ],
       [
        168.42019669676915,
        -43.99688161162755
       ],
       [
        168.42019669676915,
        -43.99929422572036
       ],
       [
        168.47987786633252,
        -43.99929422572036
       ],
       [
        168.47987786633252,
        -43.93705192472095
       ],
       [
        168.54441055277098,
        -43.93705192472095
       ],
       [
        168.54441055277098,
        -43.93939713141495
       ],
       [
        168.6040419009665,
        -43.93939713141495
       ],
       [
        168.6040419009665,
        -43.941711320345384
       ],
       [
        168.663680327139,
        -43.941711320345384
       ],
       [
        168.663680327139,
        -43.943994481426444
       ],
       [
        168.72332573672426,
        -43.943994481426444
       ],
       [
        168.72332573672426,
        -43.94624660470536
       ],
       [
        168.7829780350874,
        -43.94624660470536
       ],
       [
        168.7829780350874,
        -43.94846768036255
       ],
       [
        168.84263712752391,
        -43.94846768036255
       ],
       [
        168.84263712752391,
        -43.88600219886138
       ],
       [
        168.90674595014798,
        -43.88600219886138
       ],
       [
        168.90674595014798,
        -43.823494882225255
       ],
       [
        168.97071824968998,
        -43.823494882225255
       ],
       [
        168.97071824968998,
        -43.82561323009033
       ],
       [
        169.03026877685127,
        -43.82561323009033
       ],
       [
        169.03026877685127,
        -43.76302868249534
       ],
       [
        169.09404754362822,
        -43.76302868249534
       ],
       [
        169.09404754362822,
        -43.70040289908997
       ],
       [
        169.15769089919442,
        -43.70040289908997
       ],
       [
        169.15769089919442,
        -43.70241930597478
       ],
       [
        169.21713255415543,
        -43.70241930597478
       ],
       [
        169.21713255415543,
        -43.63971722676507
       ],
       [
        169.28058350430578,
        -43.63971722676507
       ],
       [
        169.28058350430578,
        -43.64166756937916
       ],
       [
        169.33997355907258,
        -43.64166756937916
       ],
       [
        169.33997355907258,
        -43.578889759632546
       ],
       [
        169.40323264550852,
        -43.578889759632546
       ],
       [
        169.40323264550852,
        -43.58077428879277
       ],
       [
        169.46257084333993,
        -43.58077428879277
       ],
       [
        169.46257084333993,
        -43.58262808636919
       ],
       [
        169.5219146532741,
        -43.58262808636919
       ],
       [
        169.5219146532741,
        -43.584451144336725
       ],
       [
        169.58126398208054,
        -43.584451144336725
       ],
       [
        169.58126398208054,
        -43.521528567956196
       ],
       [
        169.64421619115183,
        -43.521528567956196
       ],
       [
        169.64421619115183,
        -43.523286169789394
       ],
       [
        169.70351299446162,
        -43.523286169789394
       ],
       [
        169.70351299446162,
        -43.46028938810604
       ],
       [
        169.7070354250146,
        -43.46028938810604
       ],
       [
        169.7070354250146,
        -43.395564735067346
       ],
       [
        169.76972220191988,
        -43.395564735067346
       ],
       [
        169.76972220191988,
        -43.39725333400753
       ],
       [
        169.82890332731796,
        -43.39725333400753
       ],
       [
        169.82890332731796,
        -43.33417823098867
       ],
       [
        169.89140043838844,
        -43.33417823098867
       ],
       [
        169.89140043838844,
        -43.33580202491998
       ],
       [
        169.95052871858275,
        -43.33580202491998
       ],
       [
        169.95052871858275,
        -43.27265399977749
       ],
       [
        170.01283672072856,
        -43.27265399977749
       ],
       [
        170.01283672072856,
        -43.27421324204301
       ],
       [
        170.07191191820212,
        -43.27421324204301
       ],
       [
        170.07191191820212,
        -43.21099285281616
       ],
       [
        170.13403137117993,
        -43.21099285281616
       ],
       [
        170.13403137117993,
        -43.147734354659256
       ],
       [
        170.1960206601692,
        -43.147734354659256
       ],
       [
        170.1960206601692,
        -43.08443796755657
       ],
       [
        170.25788029781347,
        -43.08443796755657
       ],
       [
        170.25788029781347,
        -43.08586565209241
       ],
       [
        170.31678661370566,
        -43.08586565209241
       ],
       [
        170.31678661370566,
        -43.02249817032671
       ],
       [
        170.37845944938547,
        -43.02249817032671
       ],
       [
        170.37845944938547,
        -43.02386220857561
       ],
       [
        170.43731216497474,
        -43.02386220857561
       ],
       [
        170.43731216497474,
        -42.96042418528521
       ],
       [
        170.49879876455364,
        -42.96042418528521
       ],
       [
        170.49879876455364,
        -42.96172483188813
       ],
       [
        170.55759765822745,
        -42.96172483188813
       ],
       [
        170.55759765822745,
        -42.96299530792431
       ],
       [
        170.61640032639053,
        -42.96299530792431
       ],
       [
        170.61640032639053,
        -42.899454328978486
       ],
       [
        170.67764344394192,
        -42.899454328978486
       ],
       [
        170.67764344394192,
        -42.900661725482614
       ],
       [
        170.7363918772603,
        -42.900661725482614
       ],
       [
        170.7363918772603,
        -42.83705150594573
       ],
       [
        170.7974498787368,
        -42.83705150594573
       ],
       [
        170.7974498787368,
        -42.838196078835274
       ],
       [
        170.85614386421148,
        -42.838196078835274
       ],
       [
        170.85614386421148,
        -42.77451716802089
       ],
       [
        170.85838119067296,
        -42.77451716802089
       ],
       [
        170.85838119067296,
        -42.709722915099256
       ],
       [
        170.91918631922758,
        -42.709722915099256
       ],
       [
        170.91918631922758,
        -42.710802484924635
       ],
       [
        170.97776468974914,
        -42.710802484924635
       ],
       [
        170.97776468974914,
        -42.64705224287141
       ],
       [
        171.03838646269787,
        -42.64705224287141
       ],
       [
        171.03838646269787,
        -42.58326665446781
       ],
       [
        171.09888314771933,
        -42.58326665446781
       ],
       [
        171.09888314771933,
        -42.51944593160572
       ],
       [
        171.1592552468949,
        -42.51944593160572
       ],
       [
        171.1592552468949,
        -42.4555902854657
       ],
       [
        171.16115507029937,
        -42.4555902854657
       ],
       [
        171.16115507029937,
        -42.39078050316764
       ],
       [
        171.16304863737074,
        -42.39078050316764
       ],
       [
        171.16304863737074,
        -42.32596991709157
       ],
       [
        171.22316434786288,
        -42.32596991709157
       ],
       [
        171.22316434786288,
        -42.26207380986231
       ],
       [
        171.28315728713235,
        -42.26207380986231
       ],
       [
        171.28315728713235,
        -42.19814335027915
       ],
       [
        171.28491338587537,
        -42.19814335027915
       ],
       [
        171.28491338587537,
        -42.13332630155403
       ],
       [
        171.28666371386015,
        -42.13332630155403
       ],
       [
        171.28666371386015,
        -42.06850845897417
       ],
       [
        171.3464045676361,
        -42.06850845897417
       ],
       [
        171.3464045676361,
        -42.00453842458472
       ],
       [
        171.3480845666785,
        -42.00453842458472
       ],
       [
        171.3480845666785,
        -41.93971707964005
       ],
       [
        171.40764025453575,
        -41.93971707964005
       ],
       [
        171.40764025453575,
        -41.87571062182069
       ],
       [
        171.40925077273985,
        -41.87571062182069
       ],
       [
        171.40925077273985,
        -41.810885857148136
       ],
       [
        171.41085601219902,
        -41.810885857148136
       ],
       [
        171.41085601219902,
        -41.74606030816316
       ],
       [
        171.47016466270847,
        -41.74606030816316
       ],
       [
        171.47016466270847,
        -41.68201522998906
       ],
       [
        171.5293544812956,
        -41.68201522998906
       ],
       [
        171.5293544812956,
        -41.68276757698217
       ],
       [
        171.58700962344986,
        -41.68276757698217
       ],
       [
        171.58700962344986,
        -41.68349101310988
       ],
       [
        171.64466683262123,
        -41.68349101310988
       ],
       [
        171.64466683262123,
        -41.68418553536685
       ],
       [
        171.70232602458822,
        -41.68418553536685
       ],
       [
        171.70232602458822,
        -41.68485114086773
       ],
       [
        171.759987115111,
        -41.68485114086773
       ],
       [
        171.759987115111,
        -41.62065109260697
       ],
       [
        171.81883530263164,
        -41.62065109260697
       ],
       [
        171.81883530263164,
        -41.55641861231867
       ],
       [
        171.87756597674064,
        -41.55641861231867
       ],
       [
        171.87756597674064,
        -41.492153901676
       ],
       [
        171.93617961461857,
        -41.492153901676
       ],
       [
        171.93617961461857,
        -41.42785716169343
       ],
       [
        171.99467669198134,
        -41.42785716169343
       ],
       [
        171.99467669198134,
        -41.36352859273003
       ],
       [
        172.0530576830819,
        -41.36352859273003
       ],
       [
        172.0530576830819,
        -41.299168394492575
       ],
       [
        172.05399632814647,
        -41.299168394492575
       ],
       [
        172.05399632814647,
        -41.23432093611917
       ],
       [
        172.05493190945924,
        -41.23432093611917
       ],
       [
        172.05493190945924,
        -41.169472727567324
       ],
       [
        172.05586443846573,
        -41.169472727567324
       ],
       [
        172.05586443846573,
        -41.10462376912061
       ],
       [
        172.05679392654926,
        -41.10462376912061
       ],
       [
        172.05679392654926,
        -41.03977406106599
       ],
       [
        172.05772038503136,
        -41.03977406106599
       ],
       [
        172.05772038503136,
        -40.97492360369384
       ],
       [
        172.05864382517214,
        -40.97492360369384
       ],
       [
        172.05864382517214,
        -40.91007239729788
       ],
       [
        172.05956425817075,
        -40.91007239729788
       ],
       [
        172.05956425817075,
        -40.8452204421753
       ],
       [
        172.1174155507633,
        -40.8452204421753
       ],
       [
        172.1174155507633,
        -40.780816379943865
       ],
       [
        172.17515430652784,
        -40.780816379943865
       ],
       [
        172.17515430652784,
        -40.71638156395036
       ],
       [
        172.2327809833061,
        -40.71638156395036
       ],
       [
        172.2327809833061,
        -40.716773249385696
       ],
       [
        172.28960769745387,
        -40.716773249385696
       ],
       [
        172.28960769745387,
        -40.652279077368455
       ],
       [
        172.34706869578525,
        -40.652279077368455
       ],
       [
        172.34706869578525,
        -40.652614056676555
       ],
       [
        172.40384226865774,
        -40.652614056676555
       ],
       [
        172.40384226865774,
        -40.5880610393268
       ],
       [
        172.4611381456923,
        -40.5880610393268
       ],
       [
        172.4611381456923,
        -40.58833956249914
       ],
       [
        172.5178584252639,
        -40.58833956249914
       ],
       [
        172.5178584252639,
        -40.5237282092895
       ],
       [
        172.57498973960787,
        -40.5237282092895
       ],
       [
        172.57498973960787,
        -40.4590872586891
       ],
       [
        172.63201107269518,
        -40.4590872586891
       ],
       [
        172.63201107269518,
        -40.45928134572536
       ],
       [
        172.68862388840847,
        -40.45928134572536
       ],
       [
        172.68862388840847,
        -40.45944770750093
       ],
       [
        172.74523713682137,
        -40.45944770750093
       ],
       [
        172.74523713682137,
        -40.459586343342544
       ],
       [
        172.80185073926634,
        -40.459586343342544
       ],
       [
        172.80185073926634,
        -40.45969725268915
       ],
       [
        172.85846461707283,
        -40.45969725268915
       ],
       [
        172.85846461707283,
        -40.52464528345429
       ],
       [
        172.80165985176913,
        -40.52464528345429
       ],
       [
        172.80165985176913,
        -40.52456191138626
       ],
       [
        172.7449917117738,
        -40.52456191138626
       ],
       [
        172.7449917117738,
        -40.589314423273905
       ],
       [
        172.68802298866066,
        -40.589314423273905
       ],
       [
        172.68802298866066,
        -40.65403777948594
       ],
       [
        172.7444984602326,
        -40.65403777948594
       ],
       [
        172.7444984602326,
        -40.71903957542742
       ],
       [
        172.80108344906077,
        -40.71903957542742
       ],
       [
        172.80108344906077,
        -40.78401323158068
       ],
       [
        172.85777841424022,
        -40.78401323158068
       ],
       [
        172.85777841424022,
        -40.784097365940944
       ],
       [
        172.91466696840703,
        -40.784097365940944
       ],
       [
        172.91466696840703,
        -40.78415345570494
       ],
       [
        172.97155564277946,
        -40.78415345570494
       ],
       [
        172.97155564277946,
        -40.78418150064408
       ],
       [
        173.02847207462005,
        -40.78418150064408
       ],
       [
        173.02847207462005,
        -40.849014775027456
       ],
       [
        173.08549960715862,
        -40.849014775027456
       ],
       [
        173.08549960715862,
        -40.91387536253855
       ],
       [
        173.08558330314776,
        -40.91387536253855
       ],
       [
        173.08558330314776,
        -40.978735218008765
       ],
       [
        173.08566727262368,
        -40.978735218008765
       ],
       [
        173.08566727262368,
        -41.04359434121245
       ],
       [
        173.0857515166052,
        -41.04359434121245
       ],
       [
        173.0857515166052,
        -41.10845273192771
       ],
       [
        173.08583603611675,
        -41.10845273192771
       ],
       [
        173.08583603611675,
        -41.173310389936404
       ],
       [
        173.08592083218824,
        -41.173310389936404
       ],
       [
        173.08592083218824,
        -41.238110326434025
       ],
       [
        173.14320124989646,
        -41.238110326434025
       ],
       [
        173.14320124989646,
        -41.23802484384209
       ],
       [
        173.2004814619801,
        -41.23802484384209
       ],
       [
        173.2004814619801,
        -41.23791086760014
       ],
       [
        173.25776138619193,
        -41.23791086760014
       ],
       [
        173.25776138619193,
        -41.23776839817731
       ],
       [
        173.3147300292339,
        -41.23776839817731
       ],
       [
        173.3147300292339,
        -41.17274180257663
       ],
       [
        173.37158636768507,
        -41.17274180257663
       ],
       [
        173.37158636768507,
        -41.10768688279422
       ],
       [
        173.428752072562,
        -41.10768688279422
       ],
       [
        173.428752072562,
        -41.10745996996503
       ],
       [
        173.48543981273644,
        -41.10745996996503
       ],
       [
        173.48543981273644,
        -41.042349135475504
       ],
       [
        173.5425480610586,
        -41.042349135475504
       ],
       [
        173.5425480610586,
        -41.04206614460994
       ],
       [
        173.59965553680195,
        -41.04206614460994
       ],
       [
        173.59965553680195,
        -41.04175485912285
       ],
       [
        173.6561184678954,
        -41.04175485912285
       ],
       [
        173.6561184678954,
        -40.97656110013712
       ],
       [
        173.71316819657304,
        -40.97656110013712
       ],
       [
        173.71316819657304,
        -40.976194063807526
       ],
       [
        173.76946377025027,
        -40.976194063807526
       ],
       [
        173.76946377025027,
        -40.91133997467338
       ],
       [
        173.76871307953272,
        -40.91133997467338
       ],
       [
        173.76871307953272,
        -40.846485142373204
       ],
       [
        173.76796483135305,
        -40.846485142373204
       ],
       [
        173.76796483135305,
        -40.78123699003419
       ],
       [
        173.82404465326567,
        -40.78123699003419
       ],
       [
        173.82404465326567,
        -40.71596190923789
       ],
       [
        173.8808691324888,
        -40.71596190923789
       ],
       [
        173.8808691324888,
        -40.715514286955724
       ],
       [
        173.93769237460097,
        -40.715514286955724
       ],
       [
        173.93769237460097,
        -40.71503869892492
       ],
       [
        173.99548098983382,
        -40.71503869892492
       ],
       [
        173.99548098983382,
        -40.779891067910135
       ],
       [
        173.99645083380142,
        -40.779891067910135
       ],
       [
        173.99645083380142,
        -40.844742686690694
       ],
       [
        173.99742384343895,
        -40.844742686690694
       ],
       [
        173.99742384343895,
        -40.909086557498114
       ],
       [
        174.05441053286603,
        -40.909086557498114
       ],
       [
        174.05441053286603,
        -40.90855140700205
       ],
       [
        174.1124834086162,
        -40.90855140700205
       ],
       [
        174.1124834086162,
        -40.97283457216772
       ],
       [
        174.16952276925204,
        -40.97283457216772
       ],
       [
        174.16952276925204,
        -40.972241777304006
       ],
       [
        174.22776353482752,
        -40.972241777304006
       ],
       [
        174.22776353482752,
        -41.03646372140398
       ],
       [
        174.28611848735707,
        -41.03646372140398
       ],
       [
        174.28611848735707,
        -41.10065373964956
       ],
       [
        174.34194543863322,
        -41.10065373964956
       ],
       [
        174.34194543863322,
        -41.035134075765534
       ],
       [
        174.40040881065406,
        -41.035134075765534
       ],
       [
        174.40040881065406,
        -41.099973239495924
       ],
       [
        174.40178855117756,
        -41.099973239495924
       ],
       [
        174.40178855117756,
        -41.164811633102545
       ],
       [
        174.4031728047819,
        -41.164811633102545
       ],
       [
        174.4031728047819,
        -41.230332851044636
       ],
       [
        174.345915900459,
        -41.230332851044636
       ],
       [
        174.345915900459,
        -41.23098798387701
       ],
       [
        174.2899325870001,
        -41.23098798387701
       ],
       [
        174.2899325870001,
        -41.29645596611334
       ],
       [
        174.23383813279477,
        -41.29645596611334
       ],
       [
        174.23383813279477,
        -41.361897437428084
       ],
       [
        174.17646219964325,
        -41.361897437428084
       ],
       [
        174.17646219964325,
        -41.36246975805608
       ],
       [
        174.1201974015341,
        -41.36246975805608
       ],
       [
        174.1201974015341,
        -41.42785716169343
       ],
       [
        174.06382038538143,
        -41.42785716169343
       ],
       [
        174.06382038538143,
        -41.492153901676
       ],
       [
        174.12131388178722,
        -41.492153901676
       ],
       [
        174.12131388178722,
        -41.49157898136473
       ],
       [
        174.1799832925448,
        -41.49157898136473
       ],
       [
        174.1799832925448,
        -41.55641861231867
       ],
       [
        174.18116469736836,
        -41.55641861231867
       ],
       [
        174.18116469736836,
        -41.62125748218508
       ],
       [
        174.18234998006778,
        -41.62125748218508
       ],
       [
        174.18234998006778,
        -41.68548782684707
       ],
       [
        174.240012884889,
        -41.68548782684707
       ],
       [
        174.240012884889,
        -41.68485114086773
       ],
       [
        174.29897906446806,
        -41.68485114086773
       ],
       [
        174.29897906446806,
        -41.7496856682199
       ],
       [
        174.3002884414923,
        -41.7496856682199
       ],
       [
        174.3002884414923,
        -41.81515900174534
       ],
       [
        174.2437666002787,
        -41.81515900174534
       ],
       [
        174.2437666002787,
        -41.88060534473294
       ],
       [
        174.18713018461463,
        -41.88060534473294
       ],
       [
        174.18713018461463,
        -41.94602450532143
       ],
       [
        174.1303786983233,
        -41.94602450532143
       ],
       [
        174.1303786983233,
        -42.01141629099506
       ],
       [
        174.0724206406925,
        -42.01141629099506
       ],
       [
        174.0724206406925,
        -42.01194319931592
       ],
       [
        174.01549305592195,
        -42.01194319931592
       ],
       [
        174.01549305592195,
        -42.077279282453425
       ],
       [
        173.95844928319883,
        -42.077279282453425
       ],
       [
        173.95844928319883,
        -42.14211696424093
       ],
       [
        173.95942882763373,
        -42.14211696424093
       ],
       [
        173.95942882763373,
        -42.207425463477286
       ],
       [
        173.90221206198996,
        -42.207425463477286
       ],
       [
        173.90221206198996,
        -42.272705811119806
       ],
       [
        173.84401116703546,
        -42.272705811119806
       ],
       [
        173.84401116703546,
        -42.27311938640775
       ],
       [
        173.78661581576665,
        -42.27311938640775
       ],
       [
        173.78661581576665,
        -42.33834272103346
       ],
       [
        173.72910226087976,
        -42.33834272103346
       ],
       [
        173.72910226087976,
        -42.40318126758105
       ],
       [
        173.72985426917106,
        -42.40318126758105
       ],
       [
        173.72985426917106,
        -42.46837598268514
       ],
       [
        173.67146999404267,
        -42.46837598268514
       ],
       [
        173.67146999404267,
        -42.46870316039381
       ],
       [
        173.61308470238782,
        -42.46870316039381
       ],
       [
        173.61308470238782,
        -42.46900059908011
       ],
       [
        173.5552719340076,
        -42.46900059908011
       ],
       [
        173.5552719340076,
        -42.533839869463634
       ],
       [
        173.5558472823133,
        -42.533839869463634
       ],
       [
        173.5558472823133,
        -42.59894730654001
       ],
       [
        173.49785581186825,
        -42.59894730654001
       ],
       [
        173.49785581186825,
        -42.66402527206999
       ],
       [
        173.4397435783595,
        -42.66402527206999
       ],
       [
        173.4397435783595,
        -42.72886346366893
       ],
       [
        173.440202343172,
        -42.72886346366893
       ],
       [
        173.440202343172,
        -42.79391149102476
       ],
       [
        173.38190898430204,
        -42.79391149102476
       ],
       [
        173.38190898430204,
        -42.85892957957141
       ],
       [
        173.32349342258703,
        -42.85892957957141
       ],
       [
        173.32349342258703,
        -42.92376643319945
       ],
       [
        173.3238332180253,
        -42.92376643319945
       ],
       [
        173.3238332180253,
        -42.98875398253983
       ],
       [
        173.26495513514996,
        -42.98875398253983
       ],
       [
        173.26495513514996,
        -42.988875131299125
       ],
       [
        173.2060766418554,
        -42.988875131299125
       ],
       [
        173.2060766418554,
        -42.988965993322765
       ],
       [
        173.14735279841338,
        -42.988965993322765
       ],
       [
        173.14735279841338,
        -43.05386289979008
       ],
       [
        173.08841177061328,
        -43.05386289979008
       ],
       [
        173.08841177061328,
        -43.053893255633064
       ],
       [
        173.02950170247036,
        -43.053893255633064
       ],
       [
        173.02950170247036,
        -43.118732721217974
       ],
       [
        172.97049829752964,
        -43.118732721217974
       ],
       [
        172.97049829752964,
        -43.11872891817561
       ],
       [
        172.9114949385519,
        -43.11872891817561
       ],
       [
        172.9114949385519,
        -43.18353335033369
       ],
       [
        172.8523357162591,
        -43.18353335033369
       ],
       [
        172.8523357162591,
        -43.183472364606715
       ],
       [
        172.79327032576882,
        -43.183472364606715
       ],
       [
        172.79327032576882,
        -43.24821466133002
       ],
       [
        172.73392352552966,
        -43.24821466133002
       ],
       [
        172.73392352552966,
        -43.312925176761745
       ],
       [
        172.73364085469967,
        -43.312925176761745
       ],
       [
        172.73364085469967,
        -43.37775719844069
       ],
       [
        172.73335724208067,
        -43.37775719844069
       ],
       [
        172.73335724208067,
        -43.442588480841394
       ],
       [
        172.73307268394146,
        -43.442588480841394
       ],
       [
        172.73307268394146,
        -43.50741902387581
       ],
       [
        172.79216736469644,
        -43.50741902387581
       ],
       [
        172.79216736469644,
        -43.57237245676632
       ],
       [
        172.85138873542923,
        -43.57237245676632
       ],
       [
        172.85138873542923,
        -43.5724651792164
       ],
       [
        172.91083314675203,
        -43.5724651792164
       ],
       [
        172.91083314675203,
        -43.57252699440694
       ],
       [
        172.97027769983305,
        -43.57252699440694
       ],
       [
        172.97027769983305,
        -43.57255790206936
       ],
       [
        173.02975423605082,
        -43.57255790206936
       ],
       [
        173.02975423605082,
        -43.637356685173344
       ],
       [
        173.08926266071103,
        -43.637356685173344
       ],
       [
        173.08926266071103,
        -43.637294730711844
       ],
       [
        173.14893115523606,
        -43.637294730711844
       ],
       [
        173.14893115523606,
        -43.70212354363838
       ],
       [
        173.14909190326895,
        -43.70212354363838
       ],
       [
        173.14909190326895,
        -43.766951617927525
       ],
       [
        173.14925318929107,
        -43.766951617927525
       ],
       [
        173.14925318929107,
        -43.83184132757584
       ],
       [
        173.0896491056879,
        -43.83184132757584
       ],
       [
        173.0896491056879,
        -43.89669932219892
       ],
       [
        173.02988305129804,
        -43.89669932219892
       ],
       [
        173.02988305129804,
        -43.896703229368676
       ],
       [
        172.97011694870196,
        -43.896703229368676
       ],
       [
        172.97011694870196,
        -43.96152539135638
       ],
       [
        172.91025347283357,
        -43.96152539135638
       ],
       [
        172.91025347283357,
        -43.8966680648665
       ],
       [
        172.8505849845404,
        -43.8966680648665
       ],
       [
        172.8505849845404,
        -43.8966055503386
       ],
       [
        172.79081931579734,
        -43.8966055503386
       ],
       [
        172.79081931579734,
        -43.896511778888964
       ],
       [
        172.73105398449084,
        -43.896511778888964
       ],
       [
        172.73105398449084,
        -43.8963867509283
       ],
       [
        172.67128908702554,
        -43.8963867509283
       ],
       [
        172.67128908702554,
        -43.896230467004195
       ],
       [
        172.6115247198016,
        -43.896230467004195
       ],
       [
        172.6115247198016,
        -43.896042927801076
       ],
       [
        172.5517609792137,
        -43.896042927801076
       ],
       [
        172.5517609792137,
        -43.89582413414029
       ],
       [
        172.49199796165018,
        -43.89582413414029
       ],
       [
        172.49199796165018,
        -43.89557408698003
       ],
       [
        172.43223576349206,
        -43.89557408698003
       ],
       [
        172.43223576349206,
        -43.89529278741531
       ],
       [
        172.3724744811119,
        -43.89529278741531
       ],
       [
        172.3724744811119,
        -43.89498023667799
       ],
       [
        172.31271421087297,
        -43.89498023667799
       ],
       [
        172.31271421087297,
        -43.89463643613677
       ],
       [
        172.25295504912825,
        -43.89463643613677
       ],
       [
        172.25295504912825,
        -43.95908196697612
       ],
       [
        172.19232045598895,
        -43.95908196697612
       ],
       [
        172.19232045598895,
        -43.95867475667151
       ],
       [
        172.13249889046747,
        -43.95867475667151
       ],
       [
        172.13249889046747,
        -43.958236231153165
       ],
       [
        172.07267872804843,
        -43.958236231153165
       ],
       [
        172.07267872804843,
        -44.02258325996549
       ],
       [
        172.011785125051,
        -44.02258325996549
       ],
       [
        172.011785125051,
        -44.02208098170336
       ],
       [
        171.95190294965582,
        -44.02208098170336
       ],
       [
        171.95190294965582,
        -44.021547323944354
       ],
       [
        171.89202247420425,
        -44.021547323944354
       ],
       [
        171.89202247420425,
        -44.08579479607238
       ],
       [
        171.8308692870356,
        -44.08579479607238
       ],
       [
        171.8308692870356,
        -44.085197044006335
       ],
       [
        171.77092719670677,
        -44.085197044006335
       ],
       [
        171.77092719670677,
        -44.14937683013174
       ],
       [
        171.70957727621854,
        -44.14937683013174
       ],
       [
        171.70957727621854,
        -44.14871470869373
       ],
       [
        171.649573772877,
        -44.14871470869373
       ],
       [
        171.649573772877,
        -44.14802107957038
       ],
       [
        171.58957247211137,
        -44.14802107957038
       ],
       [
        171.58957247211137,
        -44.212099472946655
       ],
       [
        171.52796174882883,
        -44.212099472946655
       ],
       [
        171.52796174882883,
        -44.21134113509272
       ],
       [
        171.46789944596765,
        -44.21134113509272
       ],
       [
        171.46789944596765,
        -44.275350490499505
       ],
       [
        171.40609067693975,
        -44.275350490499505
       ],
       [
        171.40609067693975,
        -44.33932379073854
       ],
       [
        171.34414660750033,
        -44.33932379073854
       ],
       [
        171.34414660750033,
        -44.33846691389919
       ],
       [
        171.28396011594978,
        -44.33846691389919
       ],
       [
        171.28396011594978,
        -44.40237023782834
       ],
       [
        171.28206667881386,
        -44.40237023782834
       ],
       [
        171.28206667881386,
        -44.467161336515225
       ],
       [
        171.280166865176,
        -44.467161336515225
       ],
       [
        171.280166865176,
        -44.5319516326991
       ],
       [
        171.2178773456792,
        -44.5319516326991
       ],
       [
        171.2178773456792,
        -44.595812544990316
       ],
       [
        171.2158977075954,
        -44.595812544990316
       ],
       [
        171.2158977075954,
        -44.66059914683548
       ],
       [
        171.2139113888022,
        -44.66059914683548
       ],
       [
        171.2139113888022,
        -44.72538494065398
       ],
       [
        171.21191836193958,
        -44.72538494065398
       ],
       [
        171.21191836193958,
        -44.79016992612601
       ],
       [
        171.20991859948842,
        -44.79016992612601
       ],
       [
        171.20991859948842,
        -44.85495410293378
       ],
       [
        171.20791207376922,
        -44.85495410293378
       ],
       [
        171.20791207376922,
        -44.91973747076151
       ],
       [
        171.2058987569411,
        -44.91973747076151
       ],
       [
        171.2058987569411,
        -44.984520029295375
       ],
       [
        171.14302463299256,
        -44.984520029295375
       ],
       [
        171.14302463299256,
        -45.04832599634185
       ],
       [
        171.08000965888235,
        -45.04832599634185
       ],
       [
        171.08000965888235,
        -45.11209421241127
       ],
       [
        171.0168532522749,
        -45.11209421241127
       ],
       [
        171.0168532522749,
        -45.17582444763974
       ],
       [
        170.95355482896855,
        -45.17582444763974
       ],
       [
        170.95355482896855,
        -45.23951647131136
       ],
       [
        170.89011380289446,
        -45.23951647131136
       ],
       [
        170.89011380289446,
        -45.303170051853925
       ],
       [
        170.8877117032138,
        -45.303170051853925
       ],
       [
        170.8877117032138,
        -45.36793594234673
       ],
       [
        170.8853014328139,
        -45.36793594234673
       ],
       [
        170.8853014328139,
        -45.43270099465927
       ],
       [
        170.88288295760967,
        -45.43270099465927
       ],
       [
        170.88288295760967,
        -45.497465208370684
       ],
       [
        170.81906437262387,
        -45.497465208370684
       ],
       [
        170.81906437262387,
        -45.56106981682022
       ],
       [
        170.75510052517404,
        -45.56106981682022
       ],
       [
        170.75510052517404,
        -45.62463525770109
       ],
       [
        170.69099081621908,
        -45.62463525770109
       ],
       [
        170.69099081621908,
        -45.68816129515858
       ],
       [
        170.68832660219434,
        -45.68816129515858
       ],
       [
        170.68832660219434,
        -45.7529140747397
       ],
       [
        170.7473203716366,
        -45.7529140747397
       ],
       [
        170.7473203716366,
        -45.81890189503492
       ],
       [
        170.80645162328892,
        -45.81890189503492
       ],
       [
        170.80645162328892,
        -45.884861003552246
       ],
       [
        170.7420891695247,
        -45.884861003552246
       ],
       [
        170.7420891695247,
        -45.88365573474353
       ],
       [
        170.6802791873283,
        -45.88365573474353
       ],
       [
        170.6802791873283,
        -45.94716725611509
       ],
       [
        170.61570064778473,
        -45.94716725611509
       ],
       [
        170.61570064778473,
        -45.945892312090784
       ],
       [
        170.55382718985624,
        -45.945892312090784
       ],
       [
        170.55382718985624,
        -45.94458389444005
       ],
       [
        170.49195806478002,
        -45.94458389444005
       ],
       [
        170.49195806478002,
        -45.94324200919527
       ],
       [
        170.4300933815845,
        -45.94324200919527
       ],
       [
        170.4300933815845,
        -45.94186666254227
       ],
       [
        170.36823324924842,
        -45.94186666254227
       ],
       [
        170.36823324924842,
        -46.00519211388122
       ],
       [
        170.30323568484576,
        -46.00519211388122
       ],
       [
        170.30323568484576,
        -46.068476727897036
       ],
       [
        170.23808801236711,
        -46.068476727897036
       ],
       [
        170.23808801236711,
        -46.131720262435636
       ],
       [
        170.23485190398836,
        -46.131720262435636
       ],
       [
        170.23485190398836,
        -46.19644521917806
       ],
       [
        170.16946974673664,
        -46.19644521917806
       ],
       [
        170.16946974673664,
        -46.19492247442495
       ],
       [
        170.10733988421111,
        -46.19492247442495
       ],
       [
        170.10733988421111,
        -46.25808311987022
       ],
       [
        170.04173819429093,
        -46.25808311987022
       ],
       [
        170.04173819429093,
        -46.32120195384944
       ],
       [
        169.9759839278102,
        -46.32120195384944
       ],
       [
        169.9759839278102,
        -46.3195707332223
       ],
       [
        169.9137240794117,
        -46.3195707332223
       ],
       [
        169.9137240794117,
        -46.382609907651215
       ],
       [
        169.84774889190774,
        -46.382609907651215
       ],
       [
        169.84774889190774,
        -46.44560662500161
       ],
       [
        169.84401517576123,
        -46.44560662500161
       ],
       [
        169.84401517576123,
        -46.510305123765015
       ],
       [
        169.77779944073959,
        -46.510305123765015
       ],
       [
        169.77779944073959,
        -46.508560637222956
       ],
       [
        169.71533615100034,
        -46.508560637222956
       ],
       [
        169.71533615100034,
        -46.571471695318806
       ],
       [
        169.64889734581914,
        -46.571471695318806
       ],
       [
        169.64889734581914,
        -46.569655016207456
       ],
       [
        169.58637217035445,
        -46.569655016207456
       ],
       [
        169.58637217035445,
        -46.63248458626423
       ],
       [
        169.51970962681528,
        -46.63248458626423
       ],
       [
        169.51970962681528,
        -46.63059543346142
       ],
       [
        169.45712286910353,
        -46.63059543346142
       ],
       [
        169.45712286910353,
        -46.628672099793555
       ],
       [
        169.39454258658603,
        -46.628672099793555
       ],
       [
        169.39454258658603,
        -46.69138098143992
       ],
       [
        169.3275878916087,
        -46.69138098143992
       ],
       [
        169.3275878916087,
        -46.689384835236986
       ],
       [
        169.26494659054924,
        -46.689384835236986
       ],
       [
        169.26494659054924,
        -46.687354459247054
       ],
       [
        169.20231213330095,
        -46.687354459247054
       ],
       [
        169.20231213330095,
        -46.68528986300201
       ],
       [
        169.13968463327004,
        -46.68528986300201
       ],
       [
        169.13968463327004,
        -46.68319105619247
       ],
       [
        169.07706420378258,
        -46.68319105619247
       ],
       [
        169.07706420378258,
        -46.68105804866764
       ],
       [
        169.01445095808322,
        -46.68105804866764
       ],
       [
        169.01445095808322,
        -46.67889085043516
       ],
       [
        168.95184500933377,
        -46.67889085043516
       ],
       [
        168.95184500933377,
        -46.67668947166097
       ],
       [
        168.88924647061214,
        -46.67668947166097
       ],
       [
        168.88924647061214,
        -46.67445392266913
       ],
       [
        168.82665545491088,
        -46.67445392266913
       ],
       [
        168.82665545491088,
        -46.67218421394171
       ],
       [
        168.76407207513597,
        -46.67218421394171
       ],
       [
        168.76407207513597,
        -46.60526218474171
       ],
       [
        168.70661914839442,
        -46.60526218474171
       ],
       [
        168.70661914839442,
        -46.602929429353644
       ],
       [
        168.64412537176216,
        -46.602929429353644
       ],
       [
        168.64412537176216,
        -46.600562622661506
       ],
       [
        168.58163953507284,
        -46.600562622661506
       ],
       [
        168.58163953507284,
        -46.66276399683844
       ],
       [
        168.51381717032072,
        -46.66276399683844
       ],
       [
        168.51381717032072,
        -46.660323652182875
       ],
       [
        168.45127366065046,
        -46.660323652182875
       ],
       [
        168.45127366065046,
        -46.65784921399314
       ],
       [
        168.3887384624546,
        -46.65784921399314
       ],
       [
        168.3887384624546,
        -46.65534069385286
       ],
       [
        168.32621168799798,
        -46.65534069385286
       ],
       [
        168.32621168799798,
        -46.6527981035023
       ],
       [
        168.263693449449,
        -46.6527981035023
       ],
       [
        168.263693449449,
        -46.585647335865765
       ],
       [
        168.20689752323273,
        -46.585647335865765
       ],
       [
        168.20689752323273,
        -46.51847294715922
       ],
       [
        168.21259156197848,
        -46.51847294715922
       ],
       [
        168.21259156197848,
        -46.45390213766784
       ],
       [
        168.15598559630087,
        -46.45390213766784
       ],
       [
        168.15598559630087,
        -46.38670894417019
       ],
       [
        168.0995148085164,
        -46.38670894417019
       ],
       [
        168.0995148085164,
        -46.38405410549039
       ],
       [
        168.03732485597726,
        -46.38405410549039
       ],
       [
        168.03732485597726,
        -46.4459197629322
       ],
       [
        167.969197201546,
        -46.4459197629322
       ],
       [
        167.969197201546,
        -46.37864331676335
       ],
       [
        167.91297188381856,
        -46.37864331676335
       ],
       [
        167.91297188381856,
        -46.440429306813286
       ],
       [
        167.84471686845515,
        -46.440429306813286
       ],
       [
        167.84471686845515,
        -46.437633454900194
       ],
       [
        167.7824906111212,
        -46.437633454900194
       ],
       [
        167.7824906111212,
        -46.434803871013735
       ],
       [
        167.72027377310147,
        -46.434803871013735
       ],
       [
        167.72027377310147,
        -46.3674176484801
       ],
       [
        167.66437673934092,
        -46.3674176484801
       ],
       [
        167.66437673934092,
        -46.300009290227784
       ]
      ],
      [
       [
        169.7147602246076,
        -45.5345674970187
       ],
       [
        169.7109908914409,
        -45.5345674970187
       ],
       [
        169.7109908914409,
        -45.59926786770738
       ],
       [
        169.70720871388016,
        -45.59926786770738
       ],
       [
        169.70720871388016,
        -45.66396725665614
       ],
       [
        169.64190097401504,
        -45.66396725665614
       ],
       [
        169.64190097401504,
        -45.72686809269913
       ],
       [
        169.57644470422778,
        -45.72686809269913
       ],
       [
        169.57644470422778,
        -45.7897266586828
       ],
       [
        169.51083931028498,
        -45.7897266586828
       ],
       [
        169.51083931028498,
        -45.78785863906463
       ],
       [
        169.44920299964704,
        -45.78785863906463
       ],
       [
        169.44920299964704,
        -45.72127660173035
       ],
       [
        169.39174857104456,
        -45.72127660173035
       ],
       [
        169.39174857104456,
        -45.71934653960258
       ],
       [
        169.3301956801949,
        -45.71934653960258
       ],
       [
        169.3301956801949,
        -45.652710252921565
       ],
       [
        169.2729518336449,
        -45.652710252921565
       ],
       [
        169.2729518336449,
        -45.58604876818866
       ],
       [
        169.27723983132887,
        -45.58604876818866
       ],
       [
        169.27723983132887,
        -45.521378017612385
       ],
       [
        169.2201842602985,
        -45.521378017612385
       ],
       [
        169.2201842602985,
        -45.51936228630313
       ],
       [
        169.15886180723314,
        -45.51936228630313
       ],
       [
        169.15886180723314,
        -45.58197532781149
       ],
       [
        169.15444825159656,
        -45.58197532781149
       ],
       [
        169.15444825159656,
        -45.64663588383102
       ],
       [
        169.08856358355575,
        -45.64663588383102
       ],
       [
        169.08856358355575,
        -45.70919989095303
       ],
       [
        169.0225296702021,
        -45.70919989095303
       ],
       [
        169.0225296702021,
        -45.771720287502106
       ],
       [
        169.07951979529162,
        -45.771720287502106
       ],
       [
        169.07951979529162,
        -45.838506220275875
       ],
       [
        169.13664300521936,
        -45.838506220275875
       ],
       [
        169.13664300521936,
        -45.84061111738471
       ],
       [
        169.1983180782267,
        -45.84061111738471
       ],
       [
        169.1983180782267,
        -45.842682802032506
       ],
       [
        169.2599998411533,
        -45.842682802032506
       ],
       [
        169.2599998411533,
        -45.90938675549132
       ],
       [
        169.25565297115827,
        -45.90938675549132
       ],
       [
        169.25565297115827,
        -45.974051190134446
       ],
       [
        169.1894666784683,
        -45.974051190134446
       ],
       [
        169.1894666784683,
        -46.03666234025054
       ],
       [
        169.18501824079326,
        -46.03666234025054
       ],
       [
        169.18501824079326,
        -46.101320049126585
       ],
       [
        169.18055455897124,
        -46.101320049126585
       ],
       [
        169.18055455897124,
        -46.16597668697807
       ],
       [
        169.23811612509323,
        -46.16597668697807
       ],
       [
        169.23811612509323,
        -46.232698339362905
       ],
       [
        169.23369425467374,
        -46.232698339362905
       ],
       [
        169.23369425467374,
        -46.29735747227589
       ],
       [
        169.22925719241184,
        -46.29735747227589
       ],
       [
        169.22925719241184,
        -46.36201554059083
       ],
       [
        169.22480487349517,
        -46.36201554059083
       ],
       [
        169.22480487349517,
        -46.4266725428788
       ],
       [
        169.22033723272276,
        -46.4266725428788
       ],
       [
        169.22033723272276,
        -46.491328477705736
       ],
       [
        169.27826658608666,
        -46.491328477705736
       ],
       [
        169.27826658608666,
        -46.49337921397366
       ],
       [
        169.3406857238734,
        -46.49337921397366
       ],
       [
        169.3406857238734,
        -46.49539595869553
       ],
       [
        169.40311150581627,
        -46.49539595869553
       ],
       [
        169.40311150581627,
        -46.432709200387116
       ],
       [
        169.46973259707656,
        -46.432709200387116
       ],
       [
        169.46973259707656,
        -46.434653563376024
       ],
       [
        169.53209769839262,
        -46.434653563376024
       ],
       [
        169.53209769839262,
        -46.37188480044223
       ],
       [
        169.59849668593634,
        -46.37188480044223
       ],
       [
        169.59849668593634,
        -46.30907266358675
       ],
       [
        169.60251047105584,
        -46.30907266358675
       ],
       [
        169.60251047105584,
        -46.24438726470184
       ],
       [
        169.6065104945461,
        -46.24438726470184
       ],
       [
        169.6065104945461,
        -46.179700863703886
       ],
       [
        169.61049681492355,
        -46.179700863703886
       ],
       [
        169.61049681492355,
        -46.11501346173043
       ],
       [
        169.676482368033,
        -46.11501346173043
       ],
       [
        169.676482368033,
        -46.11683540053753
       ],
       [
        169.7385011748165,
        -46.11683540053753
       ],
       [
        169.7385011748165,
        -46.053927251064565
       ],
       [
        169.74231585675767,
        -46.053927251064565
       ],
       [
        169.74231585675767,
        -45.98922977449367
       ],
       [
        169.8079978916906,
        -45.98922977449367
       ],
       [
        169.8079978916906,
        -45.9262742890246
       ],
       [
        169.8735290816114,
        -45.9262742890246
       ],
       [
        169.8735290816114,
        -45.92798387583159
       ],
       [
        169.93534889019207,
        -45.92798387583159
       ],
       [
        169.93534889019207,
        -45.929660071511414
       ],
       [
        169.99717411953046,
        -45.929660071511414
       ],
       [
        169.99717411953046,
        -45.86658825224236
       ],
       [
        170.06242263053207,
        -45.86658825224236
       ],
       [
        170.06242263053207,
        -45.86819403368196
       ],
       [
        170.12418675567756,
        -45.86819403368196
       ],
       [
        170.12418675567756,
        -45.80504379105434
       ],
       [
        170.18921949040165,
        -45.80504379105434
       ],
       [
        170.18921949040165,
        -45.80657943553083
       ],
       [
        170.25092223548094,
        -45.80657943553083
       ],
       [
        170.25092223548094,
        -45.80808180122777
       ],
       [
        170.312629817057,
        -45.80808180122777
       ],
       [
        170.312629817057,
        -45.80955088124834
       ],
       [
        170.374342127217,
        -45.80955088124834
       ],
       [
        170.374342127217,
        -45.746249731252135
       ],
       [
        170.3773809495993,
        -45.746249731252135
       ],
       [
        170.3773809495993,
        -45.68151190012733
       ],
       [
        170.38040941923282,
        -45.68151190012733
       ],
       [
        170.38040941923282,
        -45.616773176130515
       ],
       [
        170.38342757953401,
        -45.616773176130515
       ],
       [
        170.38342757953401,
        -45.55203355991863
       ],
       [
        170.3864354736635,
        -45.55203355991863
       ],
       [
        170.3864354736635,
        -45.48729305214835
       ],
       [
        170.38943314452771,
        -45.48729305214835
       ],
       [
        170.38943314452771,
        -45.42255165347616
       ],
       [
        170.33113201390935,
        -45.42255165347616
       ],
       [
        170.33113201390935,
        -45.356395964976976
       ],
       [
        170.27296489682445,
        -45.356395964976976
       ],
       [
        170.27296489682445,
        -45.41968565333096
       ],
       [
        170.2698480041918,
        -45.41968565333096
       ],
       [
        170.2698480041918,
        -45.484420610907485
       ],
       [
        170.20537122851738,
        -45.484420610907485
       ],
       [
        170.20537122851738,
        -45.54766572794009
       ],
       [
        170.20216285217774,
        -45.54766572794009
       ],
       [
        170.20216285217774,
        -45.61239552753354
       ],
       [
        170.19894353622914,
        -45.61239552753354
       ],
       [
        170.19894353622914,
        -45.677124412503225
       ],
       [
        170.13415750322676,
        -45.677124412503225
       ],
       [
        170.13415750322676,
        -45.67559564743804
       ],
       [
        170.07260678153705,
        -45.67559564743804
       ],
       [
        170.07260678153705,
        -45.60931180427005
       ],
       [
        170.01450343449412,
        -45.60931180427005
       ],
       [
        170.01450343449412,
        -45.60772037627329
       ],
       [
        169.95303366206718,
        -45.60772037627329
       ],
       [
        169.95303366206718,
        -45.67081064256731
       ],
       [
        169.88798574384964,
        -45.67081064256731
       ],
       [
        169.88798574384964,
        -45.60443842387232
       ],
       [
        169.89156919758656,
        -45.60443842387232
       ],
       [
        169.89156919758656,
        -45.53972646372806
       ],
       [
        169.9565345861375,
        -45.53972646372806
       ],
       [
        169.9565345861375,
        -45.54138023792479
       ],
       [
        170.0179339886784,
        -45.54138023792479
       ],
       [
        170.0179339886784,
        -45.47828080356415
       ],
       [
        170.02135288798908,
        -45.47828080356415
       ],
       [
        170.02135288798908,
        -45.41355961156852
       ],
       [
        170.08602469417195,
        -45.41355961156852
       ],
       [
        170.08602469417195,
        -45.35041468842139
       ],
       [
        170.15055059394876,
        -45.35041468842139
       ],
       [
        170.15055059394876,
        -45.28722908463002
       ],
       [
        170.21493117481356,
        -45.28722908463002
       ],
       [
        170.21493117481356,
        -45.22400303715458
       ],
       [
        170.2791670224912,
        -45.22400303715458
       ],
       [
        170.2791670224912,
        -45.29021302445278
       ],
       [
        170.33721594576693,
        -45.29021302445278
       ],
       [
        170.33721594576693,
        -45.356395964976976
       ],
       [
        170.39539798682623,
        -45.356395964976976
       ],
       [
        170.39539798682623,
        -45.35780936455832
       ],
       [
        170.45662131493984,
        -45.35780936455832
       ],
       [
        170.45662131493984,
        -45.35918998327024
       ],
       [
        170.51784902526455,
        -45.35918998327024
       ],
       [
        170.51784902526455,
        -45.29578851773878
       ],
       [
        170.58183952699486,
        -45.29578851773878
       ],
       [
        170.58183952699486,
        -45.29710060685899
       ],
       [
        170.64300607098102,
        -45.29710060685899
       ],
       [
        170.64300607098102,
        -45.29837997018765
       ],
       [
        170.70417666527652,
        -45.29837997018765
       ],
       [
        170.70417666527652,
        -45.23486782178705
       ],
       [
        170.6456858560698,
        -45.23486782178705
       ],
       [
        170.6456858560698,
        -45.23362398606211
       ],
       [
        170.58458869253928,
        -45.23362398606211
       ],
       [
        170.58458869253928,
        -45.16759350926351
       ],
       [
        170.64835656571566,
        -45.16759350926351
       ],
       [
        170.64835656571566,
        -45.10410943385966
       ],
       [
        170.7119813426006,
        -45.10410943385966
       ],
       [
        170.7119813426006,
        -45.040586352135435
       ],
       [
        170.71456531721086,
        -45.040586352135435
       ],
       [
        170.71456531721086,
        -44.9758241541961
       ],
       [
        170.65631461649062,
        -44.9758241541961
       ],
       [
        170.65631461649062,
        -44.974591439953066
       ],
       [
        170.59549264028388,
        -44.974591439953066
       ],
       [
        170.59549264028388,
        -45.038082942141244
       ],
       [
        170.53189414576136,
        -45.038082942141244
       ],
       [
        170.53189414576136,
        -45.10153537786926
       ],
       [
        170.46815333675377,
        -45.10153537786926
       ],
       [
        170.46815333675377,
        -45.100199596008586
       ],
       [
        170.40720685233634,
        -45.100199596008586
       ],
       [
        170.40720685233634,
        -45.09883131955013
       ],
       [
        170.3462647811883,
        -45.09883131955013
       ],
       [
        170.3462647811883,
        -45.03268696534511
       ],
       [
        170.2883917160008,
        -45.03268696534511
       ],
       [
        170.2883917160008,
        -44.9665156558725
       ],
       [
        170.2306498327649,
        -44.9665156558725
       ],
       [
        170.2306498327649,
        -44.96505649851713
       ],
       [
        170.16985849480847,
        -44.96505649851713
       ],
       [
        170.16985849480847,
        -44.963565017196004
       ],
       [
        170.109071942748,
        -44.963565017196004
       ],
       [
        170.109071942748,
        -45.02677244038941
       ],
       [
        170.04496289275212,
        -45.02677244038941
       ],
       [
        170.04496289275212,
        -45.02521283505649
       ],
       [
        169.98411795734202,
        -45.02521283505649
       ],
       [
        169.98411795734202,
        -45.088344071921185
       ],
       [
        169.91980251254407,
        -45.088344071921185
       ],
       [
        169.91980251254407,
        -45.15143469392355
       ],
       [
        169.91631510679434,
        -45.15143469392355
       ],
       [
        169.91631510679434,
        -45.21615236621081
       ],
       [
        169.91281586893905,
        -45.21615236621081
       ],
       [
        169.91281586893905,
        -45.28086908881965
       ],
       [
        169.90930474987618,
        -45.28086908881965
       ],
       [
        169.90930474987618,
        -45.34558486081424
       ],
       [
        169.84460252687174,
        -45.34558486081424
       ],
       [
        169.84460252687174,
        -45.40862051425724
       ],
       [
        169.77975454652733,
        -45.40862051425724
       ],
       [
        169.77975454652733,
        -45.4069085561417
       ],
       [
        169.7185167668954,
        -45.4069085561417
       ],
       [
        169.7185167668954,
        -45.46986614565534
       ],
       [
        169.7147602246076,
        -45.46986614565534
       ],
       [
        169.7147602246076,
        -45.5345674970187
       ]
      ],
      [
       [
        169.55529441085898,
        -44.041009557186136
       ],
       [
        169.55529441085898,
        -44.1039270870255
       ],
       [
        169.6114031402303,
        -44.1039270870255
       ],
       [
        169.6114031402303,
        -44.041009557186136
       ],
       [
        169.55529441085898,
        -44.041009557186136
       ]
      ],
      [
       [
        169.6187803781855,
        -44.041009557186136
       ],
       [
        169.67490692855645,
        -44.041009557186136
       ],
       [
        169.67490692855645,
        -43.97805183232423
       ],
       [
        169.6187803781855,
        -43.97805183232423
       ],
       [
        169.6187803781855,
        -44.041009557186136
       ]
      ],
      [
       [
        170.7197071070032,
        -44.91225875261361
       ],
       [
        170.7197071070032,
        -44.9758241541961
       ],
       [
        170.77797036836841,
        -44.9758241541961
       ],
       [
        170.77797036836841,
        -44.91225875261361
       ],
       [
        170.7197071070032,
        -44.91225875261361
       ]
      ],
      [
       [
        170.8972714154879,
        -44.97932804149897
       ],
       [
        170.83880393895214,
        -44.97932804149897
       ],
       [
        170.83880393895214,
        -45.04295998232207
       ],
       [
        170.8972714154879,
        -45.04295998232207
       ],
       [
        170.8972714154879,
        -44.97932804149897
       ]
      ]
     ],
     [
      [
       [
        168.1839242662309,
        -46.838645344536474
       ],
       [
        168.1839242662309,
        -46.90587109381393
       ],
       [
        168.17813125095648,
        -46.90587109381393
       ],
       [
        168.17813125095648,
        -46.97043297751404
       ],
       [
        168.1094450241255,
        -46.97043297751404
       ],
       [
        168.1094450241255,
        -46.96775842074694
       ],
       [
        168.04658093004036,
        -46.96775842074694
       ],
       [
        168.04658093004036,
        -46.90049964212887
       ],
       [
        168.05254390973866,
        -46.90049964212887
       ],
       [
        168.05254390973866,
        -46.83594851171225
       ],
       [
        168.12120080220285,
        -46.83594851171225
       ],
       [
        168.12120080220285,
        -46.838645344536474
       ],
       [
        168.1839242662309,
        -46.838645344536474
       ]
      ]
     ],
     [
      [
       [
        168.58630219177684,
        -44.97808783560715
       ],
       [
        168.58630219177684,
        -44.91346566574196
       ],
       [
        168.65189507908806,
        -44.91346566574196
       ],
       [
        168.65189507908806,
        -44.91579480037743
       ],
       [
        168.71253627227568,
        -44.91579480037743
       ],
       [
        168.71253627227568,
        -44.91809183168773
       ],
       [
        168.77318468527704,
        -44.91809183168773
       ],
       [
        168.77318468527704,
        -44.92035674940765
       ],
       [
        168.83384021745738,
        -44.92035674940765
       ],
       [
        168.83384021745738,
        -44.922589543413295
       ],
       [
        168.89450276810638,
        -44.922589543413295
       ],
       [
        168.89450276810638,
        -44.860141518897635
       ],
       [
        168.95970943271354,
        -44.860141518897635
       ],
       [
        168.95970943271354,
        -44.79765054434871
       ],
       [
        169.02477262465882,
        -44.79765054434871
       ],
       [
        169.02477262465882,
        -44.73511685828049
       ],
       [
        169.08969290011052,
        -44.73511685828049
       ],
       [
        169.08969290011052,
        -44.67254069836859
       ],
       [
        169.09405054202796,
        -44.67254069836859
       ],
       [
        169.09405054202796,
        -44.60787337316264
       ],
       [
        169.1587470394476,
        -44.60787337316264
       ],
       [
        169.1587470394476,
        -44.60992230145413
       ],
       [
        169.2191069186814,
        -44.60992230145413
       ],
       [
        169.2191069186814,
        -44.54726190354745
       ],
       [
        169.28360176660604,
        -44.54726190354745
       ],
       [
        169.28360176660604,
        -44.5492427266647
       ],
       [
        169.34390748416942,
        -44.5492427266647
       ],
       [
        169.34390748416942,
        -44.6158781048852
       ],
       [
        169.3398454264132,
        -44.6158781048852
       ],
       [
        169.3398454264132,
        -44.68056340197744
       ],
       [
        169.33576967873785,
        -44.68056340197744
       ],
       [
        169.33576967873785,
        -44.74524766871951
       ],
       [
        169.3316801851836,
        -44.74524766871951
       ],
       [
        169.3316801851836,
        -44.8099309037901
       ],
       [
        169.2670033160048,
        -44.8099309037901
       ],
       [
        169.2670033160048,
        -44.807964287432
       ],
       [
        169.20643600243716,
        -44.807964287432
       ],
       [
        169.20643600243716,
        -44.805965614954914
       ],
       [
        169.14587504915312,
        -44.805965614954914
       ],
       [
        169.14587504915312,
        -44.80393489527752
       ],
       [
        169.08532055647547,
        -44.80393489527752
       ],
       [
        169.08532055647547,
        -44.86653624834075
       ],
       [
        169.08093345086084,
        -44.86653624834075
       ],
       [
        169.08093345086084,
        -44.93119928476805
       ],
       [
        169.015848521599,
        -44.93119928476805
       ],
       [
        169.015848521599,
        -44.9937523218135
       ],
       [
        169.01136383479687,
        -44.9937523218135
       ],
       [
        169.01136383479687,
        -45.058408471595015
       ],
       [
        168.94605176701168,
        -45.058408471595015
       ],
       [
        168.94605176701168,
        -45.05626250836992
       ],
       [
        168.88524643222522,
        -45.05626250836992
       ],
       [
        168.88524643222522,
        -45.11872960443901
       ],
       [
        168.819728149344,
        -45.11872960443901
       ],
       [
        168.819728149344,
        -45.18115336916811
       ],
       [
        168.7540642899595,
        -45.18115336916811
       ],
       [
        168.7540642899595,
        -45.17890046895284
       ],
       [
        168.69314357870823,
        -45.17890046895284
       ],
       [
        168.69314357870823,
        -45.111986044016454
       ],
       [
        168.63717136977888,
        -45.111986044016454
       ],
       [
        168.63717136977888,
        -45.10967351896571
       ],
       [
        168.57633379671083,
        -45.10967351896571
       ],
       [
        168.57633379671083,
        -45.04270883944063
       ],
       [
        168.58132641162055,
        -45.04270883944063
       ],
       [
        168.58132641162055,
        -44.97808783560715
       ],
       [
        168.58630219177684,
        -44.97808783560715
       ]
      ]
     ],
     [
      [
       [
        172.81716551195052,
        -34.424045703739225
       ],
       [
        172.81716551195052,
        -34.35920320619864
       ],
       [
        172.86950459936105,
        -34.35920320619864
       ],
       [
        172.86950459936105,
        -34.359269978267314
       ],
       [
        172.92170270235823,
        -34.359269978267314
       ],
       [
        172.92170270235823,
        -34.42424650448776
       ],
       [
        172.97388072998496,
        -34.42424650448776
       ],
       [
        172.97388072998496,
        -34.359336750577214
       ],
       [
        173.026099108757,
        -34.359336750577214
       ],
       [
        173.026099108757,
        -34.359314493113764
       ],
       [
        173.07835778132676,
        -34.359314493113764
       ],
       [
        173.07835778132676,
        -34.42426881581653
       ],
       [
        173.02613949588954,
        -34.42426881581653
       ],
       [
        173.02613949588954,
        -34.48920019043677
       ],
       [
        173.02615978658204,
        -34.48920019043677
       ],
       [
        173.02615978658204,
        -34.55413087384384
       ],
       [
        173.02618014229506,
        -34.55413087384384
       ],
       [
        173.02618014229506,
        -34.619038392030156
       ],
       [
        173.07860166061693,
        -34.619038392030156
       ],
       [
        173.07860166061693,
        -34.68392258190662
       ],
       [
        173.1311051021354,
        -34.68392258190662
       ],
       [
        173.1311051021354,
        -34.748783279972
       ],
       [
        173.183690801509,
        -34.748783279972
       ],
       [
        173.183690801509,
        -34.813620322310946
       ],
       [
        173.23635909430465,
        -34.813620322310946
       ],
       [
        173.23635909430465,
        -34.87843354459216
       ],
       [
        173.28865600815107,
        -34.87843354459216
       ],
       [
        173.28865600815107,
        -34.81337132808188
       ],
       [
        173.34087099027545,
        -34.81337132808188
       ],
       [
        173.34087099027545,
        -34.74828648833489
       ],
       [
        173.3933116601473,
        -34.74828648833489
       ],
       [
        173.3933116601473,
        -34.74810584011447
       ],
       [
        173.44610125775432,
        -34.74810584011447
       ],
       [
        173.44610125775432,
        -34.812828079479644
       ],
       [
        173.49897380347116,
        -34.812828079479644
       ],
       [
        173.49897380347116,
        -34.877525954776964
       ],
       [
        173.55149530703954,
        -34.877525954776964
       ],
       [
        173.55149530703954,
        -34.87727637530729
       ],
       [
        173.6044918767623,
        -34.87727637530729
       ],
       [
        173.6044918767623,
        -34.941926381450116
       ],
       [
        173.65705344332974,
        -34.941926381450116
       ],
       [
        173.65705344332974,
        -34.94163072371537
       ],
       [
        173.7096142738434,
        -34.94163072371537
       ],
       [
        173.7096142738434,
        -34.941312328303695
       ],
       [
        173.76217430944308,
        -34.941312328303695
       ],
       [
        173.76217430944308,
        -34.94097119637624
       ],
       [
        173.81473349127398,
        -34.94097119637624
       ],
       [
        173.81473349127398,
        -34.94060732917695
       ],
       [
        173.86797637590732,
        -34.94060732917695
       ],
       [
        173.86797637590732,
        -35.005138201814376
       ],
       [
        173.91984905824077,
        -35.005138201814376
       ],
       [
        173.91984905824077,
        -34.939811394353164
       ],
       [
        173.97317288459337,
        -34.939811394353164
       ],
       [
        173.97317288459337,
        -35.00472788536537
       ],
       [
        173.97394290177454,
        -35.00472788536537
       ],
       [
        173.97394290177454,
        -35.06920952503495
       ],
       [
        174.02658114619783,
        -35.06920952503495
       ],
       [
        174.02658114619783,
        -35.06875254536384
       ],
       [
        174.07921823539496,
        -35.06875254536384
       ],
       [
        174.07921823539496,
        -35.0682727286925
       ],
       [
        174.13275178008857,
        -35.0682727286925
       ],
       [
        174.13275178008857,
        -35.13318451253415
       ],
       [
        174.1336523246749,
        -35.13318451253415
       ],
       [
        174.1336523246749,
        -35.19809557966906
       ],
       [
        174.13455575308248,
        -35.19809557966906
       ],
       [
        174.13455575308248,
        -35.26249965770549
       ],
       [
        174.1863705015155,
        -35.26249965770549
       ],
       [
        174.1863705015155,
        -35.19706251023369
       ],
       [
        174.2390873371158,
        -35.19706251023369
       ],
       [
        174.2390873371158,
        -35.19651156307443
       ],
       [
        174.29077667650702,
        -35.19651156307443
       ],
       [
        174.29077667650702,
        -35.13103176500184
       ],
       [
        174.34451674646522,
        -35.13103176500184
       ],
       [
        174.34451674646522,
        -35.1959376769489
       ],
       [
        174.34558810276525,
        -35.1959376769489
       ],
       [
        174.34558810276525,
        -35.26084286349121
       ],
       [
        174.34666288955034,
        -35.26084286349121
       ],
       [
        174.34666288955034,
        -35.32514764277362
       ],
       [
        174.4005798868645,
        -35.32514764277362
       ],
       [
        174.4005798868645,
        -35.38942573089627
       ],
       [
        174.45458348614082,
        -35.38942573089627
       ],
       [
        174.45458348614082,
        -35.45367695739845
       ],
       [
        174.50867402939488,
        -35.45367695739845
       ],
       [
        174.50867402939488,
        -35.517901151382034
       ],
       [
        174.5628518595172,
        -35.517901151382034
       ],
       [
        174.5628518595172,
        -35.58279661226677
       ],
       [
        174.56411506284996,
        -35.58279661226677
       ],
       [
        174.56411506284996,
        -35.64769133414832
       ],
       [
        174.56538231067267,
        -35.64769133414832
       ],
       [
        174.56538231067267,
        -35.71258531634257
       ],
       [
        174.56665361603095,
        -35.71258531634257
       ],
       [
        174.56665361603095,
        -35.77677509049085
       ],
       [
        174.62106035432217,
        -35.77677509049085
       ],
       [
        174.62106035432217,
        -35.841665920310426
       ],
       [
        174.62238312477163,
        -35.841665920310426
       ],
       [
        174.62238312477163,
        -35.90726281800402
       ],
       [
        174.56920845186514,
        -35.90726281800402
       ],
       [
        174.56920845186514,
        -35.90794609477502
       ],
       [
        174.51727205982723,
        -35.90794609477502
       ],
       [
        174.51727205982723,
        -35.97283873197235
       ],
       [
        174.51851613293329,
        -35.97283873197235
       ],
       [
        174.51851613293329,
        -36.0370441082643
       ],
       [
        174.57177967603633,
        -36.0370441082643
       ],
       [
        174.57177967603633,
        -36.03633394064031
       ],
       [
        174.6263769050933,
        -36.03633394064031
       ],
       [
        174.6263769050933,
        -36.100486238916616
       ],
       [
        174.6810640994628,
        -36.100486238916616
       ],
       [
        174.6810640994628,
        -36.16461055525796
       ],
       [
        174.7358416125172,
        -36.16461055525796
       ],
       [
        174.7358416125172,
        -36.22870671496861
       ],
       [
        174.78922899828189,
        -36.22870671496861
       ],
       [
        174.78922899828189,
        -36.22789626007934
       ],
       [
        174.84413920575375,
        -36.22789626007934
       ],
       [
        174.84413920575375,
        -36.292774542892296
       ],
       [
        174.84566901271413,
        -36.292774542892296
       ],
       [
        174.84566901271413,
        -36.35681386341012
       ],
       [
        174.9007196111471,
        -36.35681386341012
       ],
       [
        174.9007196111471,
        -36.42168864596761
       ],
       [
        174.90230377485807,
        -36.42168864596761
       ],
       [
        174.90230377485807,
        -36.48740482215335
       ],
       [
        174.8487433433057,
        -36.48740482215335
       ],
       [
        174.8487433433057,
        -36.48822295503195
       ],
       [
        174.79518071953734,
        -36.48822295503195
       ],
       [
        174.79518071953734,
        -36.48901705838541
       ],
       [
        174.74307113576884,
        -36.48901705838541
       ],
       [
        174.74307113576884,
        -36.55310011672385
       ],
       [
        174.7966805854475,
        -36.55310011672385
       ],
       [
        174.7966805854475,
        -36.552280056483646
       ],
       [
        174.85183740396343,
        -36.552280056483646
       ],
       [
        174.85183740396343,
        -36.617154526926726
       ],
       [
        174.85339187381481,
        -36.617154526926726
       ],
       [
        174.85339187381481,
        -36.68285215727169
       ],
       [
        174.8012090812366,
        -36.68285215727169
       ],
       [
        174.8012090812366,
        -36.74690117334837
       ],
       [
        174.85495132524585,
        -36.74690117334837
       ],
       [
        174.85495132524585,
        -36.74605105868295
       ],
       [
        174.90708678323122,
        -36.74605105868295
       ],
       [
        174.90708678323122,
        -36.68030779772056
       ],
       [
        174.9624290849466,
        -36.68030779772056
       ],
       [
        174.9624290849466,
        -36.744278082443834
       ],
       [
        175.0161644722797,
        -36.744278082443834
       ],
       [
        175.0161644722797,
        -36.74335522753368
       ],
       [
        175.06989744572468,
        -36.74335522753368
       ],
       [
        175.06989744572468,
        -36.7424081326902
       ],
       [
        175.1236279411466,
        -36.7424081326902
       ],
       [
        175.1236279411466,
        -36.74143680147222
       ],
       [
        175.17735589442893,
        -36.74143680147222
       ],
       [
        175.17735589442893,
        -36.740441237529254
       ],
       [
        175.23296232752884,
        -36.740441237529254
       ],
       [
        175.23296232752884,
        -36.80529823776889
       ],
       [
        175.23484944176295,
        -36.80529823776889
       ],
       [
        175.23484944176295,
        -36.87015444612955
       ],
       [
        175.2367426042372,
        -36.87015444612955
       ],
       [
        175.2367426042372,
        -36.93398287117793
       ],
       [
        175.2925461814281,
        -36.93398287117793
       ],
       [
        175.2925461814281,
        -36.99778123523993
       ],
       [
        175.34844462968007,
        -36.99778123523993
       ],
       [
        175.34844462968007,
        -37.062630183478376
       ],
       [
        175.35044790467262,
        -37.062630183478376
       ],
       [
        175.35044790467262,
        -37.12747832849524
       ],
       [
        175.3524576031891,
        -37.12747832849524
       ],
       [
        175.3524576031891,
        -37.19123977974565
       ],
       [
        175.40649407016912,
        -37.19123977974565
       ],
       [
        175.40649407016912,
        -37.19012927317485
       ],
       [
        175.45842580654642,
        -37.19012927317485
       ],
       [
        175.45842580654642,
        -37.1241545875501
       ],
       [
        175.51026933935123,
        -37.1241545875501
       ],
       [
        175.51026933935123,
        -37.060444029940015
       ],
       [
        175.45424233493065,
        -37.060444029940015
       ],
       [
        175.45424233493065,
        -36.99560019022202
       ],
       [
        175.45216061917472,
        -36.99560019022202
       ],
       [
        175.45216061917472,
        -36.93185570604926
       ],
       [
        175.3962807835862,
        -36.93185570604926
       ],
       [
        175.3962807835862,
        -36.86700767108745
       ],
       [
        175.39425766311655,
        -36.86700767108745
       ],
       [
        175.39425766311655,
        -36.80215883119181
       ],
       [
        175.39224100450977,
        -36.80215883119181
       ],
       [
        175.39224100450977,
        -36.73730918720624
       ],
       [
        175.39023078637663,
        -36.73730918720624
       ],
       [
        175.39023078637663,
        -36.67245873997654
       ],
       [
        175.38822698743613,
        -36.67245873997654
       ],
       [
        175.38822698743613,
        -36.60867072427013
       ],
       [
        175.33264712511684,
        -36.60867072427013
       ],
       [
        175.33264712511684,
        -36.544852862649336
       ],
       [
        175.2771600946738,
        -36.544852862649336
       ],
       [
        175.2771600946738,
        -36.47896083228916
       ],
       [
        175.3287605076423,
        -36.47896083228916
       ],
       [
        175.3287605076423,
        -36.41304893559886
       ],
       [
        175.38225389457256,
        -36.41304893559886
       ],
       [
        175.38225389457256,
        -36.41196924437649
       ],
       [
        175.43777359075332,
        -36.41196924437649
       ],
       [
        175.43777359075332,
        -36.475714128615735
       ],
       [
        175.49130573092012,
        -36.475714128615735
       ],
       [
        175.49130573092012,
        -36.47458392308268
       ],
       [
        175.54695971209046,
        -36.47458392308268
       ],
       [
        175.54695971209046,
        -36.53827205700682
       ],
       [
        175.60270676553864,
        -36.53827205700682
       ],
       [
        175.60270676553864,
        -36.60311355698116
       ],
       [
        175.6048900443846,
        -36.60311355698116
       ],
       [
        175.6048900443846,
        -36.666767742723586
       ],
       [
        175.6585472482728,
        -36.666767742723586
       ],
       [
        175.6585472482728,
        -36.66555710825389
       ],
       [
        175.7122012804915,
        -36.66555710825389
       ],
       [
        175.7122012804915,
        -36.66432233915814
       ],
       [
        175.76353429546165,
        -36.66432233915814
       ],
       [
        175.76353429546165,
        -36.60072205091861
       ],
       [
        175.70766261972565,
        -36.60072205091861
       ],
       [
        175.70766261972565,
        -36.53465718486984
       ],
       [
        175.76122391182403,
        -36.53465718486984
       ],
       [
        175.76122391182403,
        -36.53340418726406
       ],
       [
        175.81713698046804,
        -36.53340418726406
       ],
       [
        175.81713698046804,
        -36.596954217851874
       ],
       [
        175.87314371053986,
        -36.596954217851874
       ],
       [
        175.87314371053986,
        -36.66306344006502
       ],
       [
        175.82186973593988,
        -36.66306344006502
       ],
       [
        175.82186973593988,
        -36.7278918087897
       ],
       [
        175.82424748757134,
        -36.7278918087897
       ],
       [
        175.82424748757134,
        -36.79271933773524
       ],
       [
        175.82663285534477,
        -36.79271933773524
       ],
       [
        175.82663285534477,
        -36.856253942662384
       ],
       [
        175.8828506427343,
        -36.856253942662384
       ],
       [
        175.8828506427343,
        -36.92107675941639
       ],
       [
        175.8852968408884,
        -36.92107675941639
       ],
       [
        175.8852968408884,
        -36.98457617651086
       ],
       [
        175.93916365752338,
        -36.98457617651086
       ],
       [
        175.93916365752338,
        -36.98322922538189
       ],
       [
        175.99557226194923,
        -36.98322922538189
       ],
       [
        175.99557226194923,
        -37.04939419983447
       ],
       [
        175.94417105149822,
        -37.04939419983447
       ],
       [
        175.94417105149822,
        -37.11554011878783
       ],
       [
        175.89268256802052,
        -37.11554011878783
       ],
       [
        175.89268256802052,
        -37.18035953824491
       ],
       [
        175.89516027570667,
        -37.18035953824491
       ],
       [
        175.89516027570667,
        -37.243843135602404
       ],
       [
        175.95174248664796,
        -37.243843135602404
       ],
       [
        175.95174248664796,
        -37.308657732690136
       ],
       [
        175.95428249835464,
        -37.308657732690136
       ],
       [
        175.95428249835464,
        -37.37210551696239
       ],
       [
        176.01101651162824,
        -37.37210551696239
       ],
       [
        176.01101651162824,
        -37.435521274208945
       ],
       [
        176.0678483370918,
        -37.435521274208945
       ],
       [
        176.0678483370918,
        -37.4989048194688
       ],
       [
        176.12477834598627,
        -37.4989048194688
       ],
       [
        176.12477834598627,
        -37.56225596727846
       ],
       [
        176.18180691044935,
        -37.56225596727846
       ],
       [
        176.18180691044935,
        -37.62557453166988
       ],
       [
        176.23611789467938,
        -37.62557453166988
       ],
       [
        176.23611789467938,
        -37.62407101391695
       ],
       [
        176.29328844330342,
        -37.62407101391695
       ],
       [
        176.29328844330342,
        -37.68732831247705
       ],
       [
        176.34763839943847,
        -37.68732831247705
       ],
       [
        176.34763839943847,
        -37.685771305924774
       ],
       [
        176.3990265617512,
        -37.685771305924774
       ],
       [
        176.3990265617512,
        -37.62098916172485
       ],
       [
        176.39607837524883,
        -37.62098916172485
       ],
       [
        176.39607837524883,
        -37.55463144854082
       ],
       [
        176.45332113351526,
        -37.55463144854082
       ],
       [
        176.45332113351526,
        -37.61941083902955
       ],
       [
        176.45632579341702,
        -37.61941083902955
       ],
       [
        176.45632579341702,
        -37.68258233809126
       ],
       [
        176.51372454901872,
        -37.68258233809126
       ],
       [
        176.51372454901872,
        -37.74572041627187
       ],
       [
        176.5712232019574,
        -37.74572041627187
       ],
       [
        176.5712232019574,
        -37.80882488543108
       ],
       [
        176.62564613321518,
        -37.80882488543108
       ],
       [
        176.62564613321518,
        -37.80713518176142
       ],
       [
        176.68006454968452,
        -37.80713518176142
       ],
       [
        176.68006454968452,
        -37.80542040655648
       ],
       [
        176.73774917905695,
        -37.80542040655648
       ],
       [
        176.73774917905695,
        -37.86843292354896
       ],
       [
        176.79220574177597,
        -37.86843292354896
       ],
       [
        176.79220574177597,
        -37.8666639290774
       ],
       [
        176.84665757245313,
        -37.8666639290774
       ],
       [
        176.84665757245313,
        -37.86486982506869
       ],
       [
        176.90110460388027,
        -37.86486982506869
       ],
       [
        176.90110460388027,
        -37.86305061838265
       ],
       [
        176.95208656329547,
        -37.86305061838265
       ],
       [
        176.95208656329547,
        -37.79647069012731
       ],
       [
        177.00998400033916,
        -37.79647069012731
       ],
       [
        177.00998400033916,
        -37.86305061838265
       ],
       [
        176.95901807499692,
        -37.86305061838265
       ],
       [
        176.95901807499692,
        -37.925940950740646
       ],
       [
        177.01350276876113,
        -37.925940950740646
       ],
       [
        177.01350276876113,
        -37.92406722464841
       ],
       [
        177.06798244479688,
        -37.92406722464841
       ],
       [
        177.06798244479688,
        -37.92216835908667
       ],
       [
        177.12608226999293,
        -37.92216835908667
       ],
       [
        177.12608226999293,
        -37.9849648019294
       ],
       [
        177.18059927036234,
        -37.9849648019294
       ],
       [
        177.18059927036234,
        -37.98301116279083
       ],
       [
        177.23511103342676,
        -37.98301116279083
       ],
       [
        177.23511103342676,
        -37.98103234829956
       ],
       [
        177.28961749179808,
        -37.98103234829956
       ],
       [
        177.28961749179808,
        -37.97902836603084
       ],
       [
        177.34411857812964,
        -37.97902836603084
       ],
       [
        177.34411857812964,
        -37.976999223654886
       ],
       [
        177.3947513637338,
        -37.976999223654886
       ],
       [
        177.3947513637338,
        -37.9102476502895
       ],
       [
        177.44919403403523,
        -37.9102476502895
       ],
       [
        177.44919403403523,
        -37.908173017145806
       ],
       [
        177.4996860159968,
        -37.908173017145806
       ],
       [
        177.4996860159968,
        -37.84138462480147
       ],
       [
        177.55009056956726,
        -37.84138462480147
       ],
       [
        177.55009056956726,
        -37.774579909855774
       ],
       [
        177.60442200043292,
        -37.774579909855774
       ],
       [
        177.60442200043292,
        -37.772439998014576
       ],
       [
        177.65468686289947,
        -37.772439998014576
       ],
       [
        177.65468686289947,
        -37.70559919011053
       ],
       [
        177.70486521130965,
        -37.70559919011053
       ],
       [
        177.70486521130965,
        -37.638742488549546
       ],
       [
        177.75908563427743,
        -37.638742488549546
       ],
       [
        177.75908563427743,
        -37.636538027552845
       ],
       [
        177.81330018165627,
        -37.636538027552845
       ],
       [
        177.81330018165627,
        -37.63430876701484
       ],
       [
        177.8632874386083,
        -37.63430876701484
       ],
       [
        177.8632874386083,
        -37.56739712637589
       ],
       [
        177.91744349044157,
        -37.56739712637589
       ],
       [
        177.91744349044157,
        -37.56512357236082
       ],
       [
        177.9672928323775,
        -37.56512357236082
       ],
       [
        177.9672928323775,
        -37.4981771892997
       ],
       [
        178.02139035530266,
        -37.4981771892997
       ],
       [
        178.02139035530266,
        -37.49585959551499
       ],
       [
        178.07548171582673,
        -37.49585959551499
       ],
       [
        178.07548171582673,
        -37.49351735937017
       ],
       [
        178.12956684881996,
        -37.49351735937017
       ],
       [
        178.12956684881996,
        -37.4911504897275
       ],
       [
        178.18364568920026,
        -37.4911504897275
       ],
       [
        178.18364568920026,
        -37.48875899554055
       ],
       [
        178.23771817193344,
        -37.48875899554055
       ],
       [
        178.23771817193344,
        -37.48634288585394
       ],
       [
        178.29636272566646,
        -37.48634288585394
       ],
       [
        178.29636272566646,
        -37.548517118202746
       ],
       [
        178.35510804600543,
        -37.548517118202746
       ],
       [
        178.35510804600543,
        -37.610654094596214
       ],
       [
        178.4092536296816,
        -37.610654094596214
       ],
       [
        178.4092536296816,
        -37.60815261800171
       ],
       [
        178.46339255134205,
        -37.60815261800171
       ],
       [
        178.46339255134205,
        -37.605626449508534
       ],
       [
        178.52231854327735,
        -37.605626449508534
       ],
       [
        178.52231854327735,
        -37.66766482732565
       ],
       [
        178.58134609157395,
        -37.66766482732565
       ],
       [
        178.58134609157395,
        -37.734815508127646
       ],
       [
        178.53195219399572,
        -37.734815508127646
       ],
       [
        178.53195219399572,
        -37.80195196480739
       ],
       [
        178.48247324611725,
        -37.80195196480739
       ],
       [
        178.48247324611725,
        -37.869074044133114
       ],
       [
        178.43290885147002,
        -37.869074044133114
       ],
       [
        178.43290885147002,
        -37.93367599095339
       ],
       [
        178.4376854266439,
        -37.93367599095339
       ],
       [
        178.4376854266439,
        -38.00078811302287
       ],
       [
        178.38800309171398,
        -38.00078811302287
       ],
       [
        178.38800309171398,
        -38.06539342002168
       ],
       [
        178.39276277098745,
        -38.06539342002168
       ],
       [
        178.39276277098745,
        -38.12999751098806
       ],
       [
        178.39753770196143,
        -38.12999751098806
       ],
       [
        178.39753770196143,
        -38.19710399791924
       ],
       [
        178.347703820446,
        -38.19710399791924
       ],
       [
        178.347703820446,
        -38.261711426790164
       ],
       [
        178.35246139103938,
        -38.261711426790164
       ],
       [
        178.35246139103938,
        -38.32631764236187
       ],
       [
        178.35723421862622,
        -38.32631764236187
       ],
       [
        178.35723421862622,
        -38.39092264222469
       ],
       [
        178.36202235582024,
        -38.39092264222469
       ],
       [
        178.36202235582024,
        -38.45802773964143
       ],
       [
        178.31200188682558,
        -38.45802773964143
       ],
       [
        178.31200188682558,
        -38.52263606031054
       ],
       [
        178.31677214448547,
        -38.52263606031054
       ],
       [
        178.31677214448547,
        -38.589730418285185
       ],
       [
        178.26189271172385,
        -38.589730418285185
       ],
       [
        178.26189271172385,
        -38.59219206425948
       ],
       [
        178.21169441808541,
        -38.59219206425948
       ],
       [
        178.21169441808541,
        -38.65925097736562
       ],
       [
        178.15675269640104,
        -38.65925097736562
       ],
       [
        178.15675269640104,
        -38.66166693218348
       ],
       [
        178.10640918627223,
        -38.66166693218348
       ],
       [
        178.10640918627223,
        -38.72868994132738
       ],
       [
        178.05140520420036,
        -38.72868994132738
       ],
       [
        178.05140520420036,
        -38.731059942825546
       ],
       [
        178.00091584324613,
        -38.731059942825546
       ],
       [
        178.00091584324613,
        -38.7980465874876
       ],
       [
        177.9503358516517,
        -38.7980465874876
       ],
       [
        177.9503358516517,
        -38.862687845540044
       ],
       [
        177.9548364999227,
        -38.862687845540044
       ],
       [
        177.9548364999227,
        -38.9273279481403
       ],
       [
        177.95935162667163,
        -38.9273279481403
       ],
       [
        177.95935162667163,
        -38.99430672548226
       ],
       [
        177.90860987252896,
        -38.99430672548226
       ],
       [
        177.90860987252896,
        -39.05660467843325
       ],
       [
        177.96388128268552,
        -39.05660467843325
       ],
       [
        177.96388128268552,
        -39.054233405273905
       ],
       [
        178.02374052537172,
        -39.054233405273905
       ],
       [
        178.02374052537172,
        -39.1188645916685
       ],
       [
        178.0283496294808,
        -39.1188645916685
       ],
       [
        178.0283496294808,
        -39.18587676121367
       ],
       [
        177.97755793818064,
        -39.18587676121367
       ],
       [
        177.97755793818064,
        -39.25287241648923
       ],
       [
        177.92213575026426,
        -39.25287241648923
       ],
       [
        177.92213575026426,
        -39.25520751786342
       ],
       [
        177.8667070850113,
        -39.25520751786342
       ],
       [
        177.8667070850113,
        -39.25751634937794
       ],
       [
        177.8068497896831,
        -39.25751634937794
       ],
       [
        177.8068497896831,
        -39.192866044339475
       ],
       [
        177.8024417667192,
        -39.192866044339475
       ],
       [
        177.8024417667192,
        -39.13048672820343
       ],
       [
        177.74275746992785,
        -39.13048672820343
       ],
       [
        177.74275746992785,
        -39.068069769625815
       ],
       [
        177.68746084815237,
        -39.068069769625815
       ],
       [
        177.68746084815237,
        -39.07028447028673
       ],
       [
        177.6321581009513,
        -39.07028447028673
       ],
       [
        177.6321581009513,
        -39.072473044669735
       ],
       [
        177.57684929941703,
        -39.072473044669735
       ],
       [
        177.57684929941703,
        -39.07463548422438
       ],
       [
        177.52153451469155,
        -39.07463548422438
       ],
       [
        177.52153451469155,
        -39.076771780500614
       ],
       [
        177.46621381796555,
        -39.076771780500614
       ],
       [
        177.46621381796555,
        -39.07888192514884
       ],
       [
        177.41088728047816,
        -39.07888192514884
       ],
       [
        177.41088728047816,
        -39.080965909920124
       ],
       [
        177.35954691896242,
        -39.080965909920124
       ],
       [
        177.35954691896242,
        -39.147720949903594
       ],
       [
        177.3041585800727,
        -39.147720949903594
       ],
       [
        177.3041585800727,
        -39.14975725260446
       ],
       [
        177.2487645945756,
        -39.14975725260446
       ],
       [
        177.2487645945756,
        -39.15176731146232
       ],
       [
        177.1933650341464,
        -39.15176731146232
       ],
       [
        177.1933650341464,
        -39.15375111860327
       ],
       [
        177.14176268349158,
        -39.15375111860327
       ],
       [
        177.14176268349158,
        -39.220423156599445
       ],
       [
        177.09006585671523,
        -39.220423156599445
       ],
       [
        177.09006585671523,
        -39.28707677302709
       ],
       [
        177.0382741243551,
        -39.28707677302709
       ],
       [
        177.0382741243551,
        -39.35371180241493
       ],
       [
        176.98270066155487,
        -39.35371180241493
       ],
       [
        176.98270066155487,
        -39.35560348072937
       ],
       [
        176.93075720266887,
        -39.35560348072937
       ],
       [
        176.93075720266887,
        -39.420328078771966
       ],
       [
        176.9344042170469,
        -39.420328078771966
       ],
       [
        176.9344042170469,
        -39.48505167260596
       ],
       [
        176.93806301218507,
        -39.48505167260596
       ],
       [
        176.93806301218507,
        -39.54786955690284
       ],
       [
        176.99751782512791,
        -39.54786955690284
       ],
       [
        176.99751782512791,
        -39.610651013645175
       ],
       [
        177.05329667306836,
        -39.610651013645175
       ],
       [
        177.05329667306836,
        -39.6086885498544
       ],
       [
        177.1129078609087,
        -39.6086885498544
       ],
       [
        177.1129078609087,
        -39.673395842568276
       ],
       [
        177.1167580282308,
        -39.673395842568276
       ],
       [
        177.1167580282308,
        -39.74007354748507
       ],
       [
        177.06469150034317,
        -39.74007354748507
       ],
       [
        177.06469150034317,
        -39.80673234405172
       ],
       [
        177.01252748828426,
        -39.80673234405172
       ],
       [
        177.01252748828426,
        -39.87144549166248
       ],
       [
        177.0163103064163,
        -39.87144549166248
       ],
       [
        177.0163103064163,
        -39.93808858743917
       ],
       [
        176.964007998289,
        -39.93808858743917
       ],
       [
        176.964007998289,
        -40.00471239215728
       ],
       [
        176.91160700280003,
        -40.00471239215728
       ],
       [
        176.91160700280003,
        -40.06943123438759
       ],
       [
        176.9153207672563,
        -40.06943123438759
       ],
       [
        176.9153207672563,
        -40.13603886734773
       ],
       [
        176.86277951010646,
        -40.13603886734773
       ],
       [
        176.86277951010646,
        -40.20262682326399
       ],
       [
        176.81013834809062,
        -40.20262682326399
       ],
       [
        176.81013834809062,
        -40.26919493164069
       ],
       [
        176.75380739739242,
        -40.26919493164069
       ],
       [
        176.75380739739242,
        -40.27101130964339
       ],
       [
        176.70100714920514,
        -40.27101130964339
       ],
       [
        176.70100714920514,
        -40.3357430214272
       ],
       [
        176.70455449306786,
        -40.3357430214272
       ],
       [
        176.70455449306786,
        -40.402270921014825
       ],
       [
        176.65161088757634,
        -40.402270921014825
       ],
       [
        176.65161088757634,
        -40.46700475234793
       ],
       [
        176.65512721199477,
        -40.46700475234793
       ],
       [
        176.65512721199477,
        -40.53351534569332
       ],
       [
        176.59856555223757,
        -40.53351534569332
       ],
       [
        176.59856555223757,
        -40.5352654603495
       ],
       [
        176.54199888939465,
        -40.5352654603495
       ],
       [
        176.54199888939465,
        -40.536987940750095
       ],
       [
        176.48879210147183,
        -40.536987940750095
       ],
       [
        176.48879210147183,
        -40.60343044890049
       ],
       [
        176.43548252711636,
        -40.60343044890049
       ],
       [
        176.43548252711636,
        -40.66985194973653
       ],
       [
        176.38206970225903,
        -40.66985194973653
       ],
       [
        176.38206970225903,
        -40.736252268523685
       ],
       [
        176.32855316108518,
        -40.736252268523685
       ],
       [
        176.32855316108518,
        -40.80263122994937
       ],
       [
        176.2749324360289,
        -40.80263122994937
       ],
       [
        176.2749324360289,
        -40.86738635877085
       ],
       [
        176.27813130027062,
        -40.86738635877085
       ],
       [
        176.27813130027062,
        -40.933746490837414
       ],
       [
        176.2243608627008,
        -40.933746490837414
       ],
       [
        176.2243608627008,
        -41.00008486258736
       ],
       [
        176.17048496185197,
        -41.00008486258736
       ],
       [
        176.17048496185197,
        -41.06640129665477
       ],
       [
        176.11650312310246,
        -41.06640129665477
       ],
       [
        176.11650312310246,
        -41.13269561508002
       ],
       [
        176.06241487004567,
        -41.13269561508002
       ],
       [
        176.06241487004567,
        -41.19896763930634
       ],
       [
        176.00821972448395,
        -41.19896763930634
       ],
       [
        176.00821972448395,
        -41.2652171901765
       ],
       [
        175.950993818304,
        -41.2652171901765
       ],
       [
        175.950993818304,
        -41.26667110463577
       ],
       [
        175.89663056586548,
        -41.26667110463577
       ],
       [
        175.89663056586548,
        -41.33287282546093
       ],
       [
        175.84215932525646,
        -41.33287282546093
       ],
       [
        175.84215932525646,
        -41.399051584553234
       ],
       [
        175.78480771429903,
        -41.399051584553234
       ],
       [
        175.78480771429903,
        -41.400426467197114
       ],
       [
        175.7301670669695,
        -41.400426467197114
       ],
       [
        175.7301670669695,
        -41.46655657930605
       ],
       [
        175.6727505686828,
        -41.46655657930605
       ],
       [
        175.6727505686828,
        -41.46787733243705
       ],
       [
        175.61793983075142,
        -41.46787733243705
       ],
       [
        175.61793983075142,
        -41.533958287678985
       ],
       [
        175.56045853100844,
        -41.533958287678985
       ],
       [
        175.56045853100844,
        -41.53522463663275
       ],
       [
        175.5054770189288,
        -41.53522463663275
       ],
       [
        175.5054770189288,
        -41.60125592356367
       ],
       [
        175.44793100643233,
        -41.60125592356367
       ],
       [
        175.44793100643233,
        -41.6024675936451
       ],
       [
        175.39038142842645,
        -41.6024675936451
       ],
       [
        175.39038142842645,
        -41.60365048230981
       ],
       [
        175.33516740334736,
        -41.60365048230981
       ],
       [
        175.33516740334736,
        -41.6696054157531
       ],
       [
        175.27755335821703,
        -41.6696054157531
       ],
       [
        175.27755335821703,
        -41.670733276022425
       ],
       [
        175.21771213596855,
        -41.670733276022425
       ],
       [
        175.21771213596855,
        -41.60592989590839
       ],
       [
        175.21549555744608,
        -41.60592989590839
       ],
       [
        175.21549555744608,
        -41.54221972226769
       ],
       [
        175.15583787636814,
        -41.54221972226769
       ],
       [
        175.15583787636814,
        -41.47741220857467
       ],
       [
        175.1536928071397,
        -41.47741220857467
       ],
       [
        175.1536928071397,
        -41.4136643585233
       ],
       [
        175.09629839759688,
        -41.4136643585233
       ],
       [
        175.09629839759688,
        -41.414696236177825
       ],
       [
        175.03890095808995,
        -41.414696236177825
       ],
       [
        175.03890095808995,
        -41.41569949960549
       ],
       [
        174.9834744236995,
        -41.41569949960549
       ],
       [
        174.9834744236995,
        -41.48149171129681
       ],
       [
        174.92601407809684,
        -41.48149171129681
       ],
       [
        174.92601407809684,
        -41.48243987914787
       ],
       [
        174.8666912868167,
        -41.48243987914787
       ],
       [
        174.8666912868167,
        -41.418537563712164
       ],
       [
        174.80748590271637,
        -41.418537563712164
       ],
       [
        174.80748590271637,
        -41.35460172936685
       ],
       [
        174.75187120616314,
        -41.35460172936685
       ],
       [
        174.75187120616314,
        -41.42028646254898
       ],
       [
        174.69277455869593,
        -41.42028646254898
       ],
       [
        174.69277455869593,
        -41.35628952841703
       ],
       [
        174.63541518329444,
        -41.35628952841703
       ],
       [
        174.63541518329444,
        -41.35709056571838
       ],
       [
        174.57648972816287,
        -41.35709056571838
       ],
       [
        174.57648972816287,
        -41.292259537615564
       ],
       [
        174.57493110981093,
        -41.292259537615564
       ],
       [
        174.57493110981093,
        -41.22663031483644
       ],
       [
        174.63217946884478,
        -41.22663031483644
       ],
       [
        174.63217946884478,
        -41.22580445450153
       ],
       [
        174.68775913912563,
        -41.22580445450153
       ],
       [
        174.68775913912563,
        -41.160123173758656
       ],
       [
        174.74322921592963,
        -41.160123173758656
       ],
       [
        174.74322921592963,
        -41.095295405521064
       ],
       [
        174.74151768572318,
        -41.095295405521064
       ],
       [
        174.74151768572318,
        -41.029590090507114
       ],
       [
        174.79859017449974,
        -41.029590090507114
       ],
       [
        174.79859017449974,
        -41.02868509095138
       ],
       [
        174.85384248840197,
        -41.02868509095138
       ],
       [
        174.85384248840197,
        -40.96292865861574
       ],
       [
        174.9108539640976,
        -40.96292865861574
       ],
       [
        174.9108539640976,
        -40.96196936328026
       ],
       [
        174.96593977100835,
        -40.96196936328026
       ],
       [
        174.96593977100835,
        -40.89810466395703
       ],
       [
        174.90898662953023,
        -40.89810466395703
       ],
       [
        174.90898662953023,
        -40.899033675254515
       ],
       [
        174.85022498195937,
        -40.899033675254515
       ],
       [
        174.85022498195937,
        -40.83327986811898
       ],
       [
        174.9052701632681,
        -40.83327986811898
       ],
       [
        174.9052701632681,
        -40.76750149124299
       ],
       [
        174.96402306811078,
        -40.76750149124299
       ],
       [
        174.96402306811078,
        -40.831341931816674
       ],
       [
        175.0189522727069,
        -40.831341931816674
       ],
       [
        175.0189522727069,
        -40.765512003427354
       ],
       [
        175.07377471022366,
        -40.765512003427354
       ],
       [
        175.07377471022366,
        -40.69965794142394
       ],
       [
        175.12849084591255,
        -40.69965794142394
       ],
       [
        175.12849084591255,
        -40.63483976188095
       ],
       [
        175.1264348162996,
        -40.63483976188095
       ],
       [
        175.1264348162996,
        -40.56896333936449
       ],
       [
        175.18099727913886,
        -40.56896333936449
       ],
       [
        175.18099727913886,
        -40.50414593113599
       ],
       [
        175.17890024045838,
        -40.50414593113599
       ],
       [
        175.17890024045838,
        -40.43932770328465
       ],
       [
        175.17681000238673,
        -40.43932770328465
       ],
       [
        175.17681000238673,
        -40.37450865643962
       ],
       [
        175.17472654010953,
        -40.37450865643962
       ],
       [
        175.17472654010953,
        -40.309688791231956
       ],
       [
        175.17264982894517,
        -40.309688791231956
       ],
       [
        175.17264982894517,
        -40.244868108294504
       ],
       [
        175.1705798443439,
        -40.244868108294504
       ],
       [
        175.1705798443439,
        -40.18004660826202
       ],
       [
        175.16851656188703,
        -40.18004660826202
       ],
       [
        175.16851656188703,
        -40.116264990821804
       ],
       [
        175.11022478719488,
        -40.116264990821804
       ],
       [
        175.11022478719488,
        -40.052450540414775
       ],
       [
        175.05204302291665,
        -40.052450540414775
       ],
       [
        175.05204302291665,
        -39.988603453272894
       ],
       [
        174.99585530199312,
        -39.988603453272894
       ],
       [
        174.99585530199312,
        -39.98955776652657
       ],
       [
        174.9378333710833,
        -39.98955776652657
       ],
       [
        174.9378333710833,
        -39.92564890010343
       ],
       [
        174.88169327265936,
        -39.92564890010343
       ],
       [
        174.88169327265936,
        -39.9265467101392
       ],
       [
        174.82555061831908,
        -39.9265467101392
       ],
       [
        174.82555061831908,
        -39.927417351548684
       ],
       [
        174.76940548412495,
        -39.927417351548684
       ],
       [
        174.76940548412495,
        -39.92826082085098
       ],
       [
        174.711643672663,
        -39.92826082085098
       ],
       [
        174.711643672663,
        -39.864232541344485
       ],
       [
        174.65554665287243,
        -39.864232541344485
       ],
       [
        174.65554665287243,
        -39.8650198553765
       ],
       [
        174.59944738964933,
        -39.8650198553765
       ],
       [
        174.59944738964933,
        -39.86578004950902
       ],
       [
        174.5433459588633,
        -39.86578004950902
       ],
       [
        174.5433459588633,
        -39.866513120705875
       ],
       [
        174.48584412931447,
        -39.866513120705875
       ],
       [
        174.48584412931447,
        -39.80236689524985
       ],
       [
        174.42845004457533,
        -39.80236689524985
       ],
       [
        174.42845004457533,
        -39.73818967891439
       ],
       [
        174.3724478218143,
        -39.73818967891439
       ],
       [
        174.3724478218143,
        -39.73883839058316
       ],
       [
        174.31521158196998,
        -39.73883839058316
       ],
       [
        174.31521158196998,
        -39.674601943932004
       ],
       [
        174.25925811943813,
        -39.674601943932004
       ],
       [
        174.25925811943813,
        -39.67519527339749
       ],
       [
        174.20217921610148,
        -39.67519527339749
       ],
       [
        174.20217921610148,
        -39.61090009378935
       ],
       [
        174.14627467016916,
        -39.61090009378935
       ],
       [
        174.14627467016916,
        -39.61143828076911
       ],
       [
        174.0903685865112,
        -39.61143828076911
       ],
       [
        174.0903685865112,
        -39.61194957161306
       ],
       [
        174.03446104005621,
        -39.61194957161306
       ],
       [
        174.03446104005621,
        -39.61243396428891
       ],
       [
        173.97764025919014,
        -39.61243396428891
       ],
       [
        173.97764025919014,
        -39.54802459485748
       ],
       [
        173.92178209242113,
        -39.54802459485748
       ],
       [
        173.92178209242113,
        -39.548454200389465
       ],
       [
        173.8651176182228,
        -39.548454200389465
       ],
       [
        173.8651176182228,
        -39.48398745489445
       ],
       [
        173.80930898004036,
        -39.48398745489445
       ],
       [
        173.80930898004036,
        -39.484362514194835
       ],
       [
        173.75280029639234,
        -39.484362514194835
       ],
       [
        173.75280029639234,
        -39.41949140852175
       ],
       [
        173.75210358607532,
        -39.41949140852175
       ],
       [
        173.75210358607532,
        -39.35461956694143
       ],
       [
        173.75140912266417,
        -39.35461956694143
       ],
       [
        173.75140912266417,
        -39.28974698981177
       ],
       [
        173.75071689818452,
        -39.28974698981177
       ],
       [
        173.75071689818452,
        -39.2248736774942
       ],
       [
        173.75002690470404,
        -39.2248736774942
       ],
       [
        173.75002690470404,
        -39.15962884987726
       ],
       [
        173.8048408014907,
        -39.15962884987726
       ],
       [
        173.8048408014907,
        -39.09435857403341
       ],
       [
        173.86034141120243,
        -39.09435857403341
       ],
       [
        173.86034141120243,
        -39.09393581424675
       ],
       [
        173.91584089058668,
        -39.09393581424675
       ],
       [
        173.91584089058668,
        -39.093486641693524
       ],
       [
        173.97045057719413,
        -39.093486641693524
       ],
       [
        173.97045057719413,
        -39.028140396826664
       ],
       [
        174.02589682930397,
        -39.028140396826664
       ],
       [
        174.02589682930397,
        -39.0276395569391
       ],
       [
        174.080354844075,
        -39.0276395569391
       ],
       [
        174.080354844075,
        -38.96224332870703
       ],
       [
        174.13574776032152,
        -38.96224332870703
       ],
       [
        174.13574776032152,
        -38.96169106957296
       ],
       [
        174.19113919249483,
        -38.96169106957296
       ],
       [
        174.19113919249483,
        -38.96111252865479
       ],
       [
        174.24652906829064,
        -38.96111252865479
       ],
       [
        174.24652906829064,
        -38.96050770822181
       ],
       [
        174.3019173154175,
        -38.96050770822181
       ],
       [
        174.3019173154175,
        -38.959876610646354
       ],
       [
        174.35730386159733,
        -38.959876610646354
       ],
       [
        174.35730386159733,
        -38.95921923840359
       ],
       [
        174.41140252757097,
        -38.95921923840359
       ],
       [
        174.41140252757097,
        -38.89367432842894
       ],
       [
        174.46540289339862,
        -38.89367432842894
       ],
       [
        174.46540289339862,
        -38.828105648362374
       ],
       [
        174.52068332423698,
        -38.828105648362374
       ],
       [
        174.52068332423698,
        -38.827372849000966
       ],
       [
        174.57453379177755,
        -38.827372849000966
       ],
       [
        174.57453379177755,
        -38.762513373434075
       ],
       [
        174.5731103956271,
        -38.762513373434075
       ],
       [
        174.5731103956271,
        -38.69765313185149
       ],
       [
        174.5716915746119,
        -38.69765313185149
       ],
       [
        174.5716915746119,
        -38.632792124786945
       ],
       [
        174.57027731278302,
        -38.632792124786945
       ],
       [
        174.57027731278302,
        -38.56717837591156
       ],
       [
        174.6238954375894,
        -38.56717837591156
       ],
       [
        174.6238954375894,
        -38.5023175731982
       ],
       [
        174.62244101154707,
        -38.5023175731982
       ],
       [
        174.62244101154707,
        -38.43745600355904
       ],
       [
        174.62099125528798,
        -38.43745600355904
       ],
       [
        174.62099125528798,
        -38.37259366755188
       ],
       [
        174.61954615264668,
        -38.37259366755188
       ],
       [
        174.61954615264668,
        -38.30695984298126
       ],
       [
        174.67293548205987,
        -38.30695984298126
       ],
       [
        174.67293548205987,
        -38.24209775671137
       ],
       [
        174.67145103901927,
        -38.24209775671137
       ],
       [
        174.67145103901927,
        -38.17723490264852
       ],
       [
        174.6699713573452,
        -38.17723490264852
       ],
       [
        174.6699713573452,
        -38.111580409690646
       ],
       [
        174.7247019997768,
        -38.111580409690646
       ],
       [
        174.7247019997768,
        -38.110764059095295
       ],
       [
        174.77785897259147,
        -38.110764059095295
       ],
       [
        174.77785897259147,
        -38.045903390964995
       ],
       [
        174.77629251878267,
        -38.045903390964995
       ],
       [
        174.77629251878267,
        -37.98185452551372
       ],
       [
        174.72014697924635,
        -37.98185452551372
       ],
       [
        174.72014697924635,
        -37.91699043020163
       ],
       [
        174.7186383612629,
        -37.91699043020163
       ],
       [
        174.7186383612629,
        -37.85212556688083
       ],
       [
        174.71713457671214,
        -37.85212556688083
       ],
       [
        174.71713457671214,
        -37.78645299963615
       ],
       [
        174.77007673934972,
        -37.78645299963615
       ],
       [
        174.77007673934972,
        -37.721588475205664
       ],
       [
        174.7685352182684,
        -37.721588475205664
       ],
       [
        174.7685352182684,
        -37.65672318138661
       ],
       [
        174.76699863293456,
        -37.65672318138661
       ],
       [
        174.76699863293456,
        -37.59265844572449
       ],
       [
        174.7111674446988,
        -37.59265844572449
       ],
       [
        174.7111674446988,
        -37.52778975154442
       ],
       [
        174.70968758194445,
        -37.52778975154442
       ],
       [
        174.70968758194445,
        -37.46369300201507
       ],
       [
        174.6540044878472,
        -37.46369300201507
       ],
       [
        174.6540044878472,
        -37.39882098061419
       ],
       [
        174.65258068973597,
        -37.39882098061419
       ],
       [
        174.65258068973597,
        -37.33469253145217
       ],
       [
        174.5970445305624,
        -37.33469253145217
       ],
       [
        174.5970445305624,
        -37.269817255260584
       ],
       [
        174.5956761454209,
        -37.269817255260584
       ],
       [
        174.5956761454209,
        -37.20565741887453
       ],
       [
        174.54028577045509,
        -37.20565741887453
       ],
       [
        174.54028577045509,
        -37.14077895962301
       ],
       [
        174.53897215279721,
        -37.14077895962301
       ],
       [
        174.53897215279721,
        -37.07658804661652
       ],
       [
        174.4849899488726,
        -37.07658804661652
       ],
       [
        174.4849899488726,
        -37.077251785628036
       ],
       [
        174.429788308768,
        -37.077251785628036
       ],
       [
        174.429788308768,
        -37.01236866274
       ],
       [
        174.42857456692607,
        -37.01236866274
       ],
       [
        174.42857456692607,
        -36.94748479453967
       ],
       [
        174.42736470507123,
        -36.94748479453967
       ],
       [
        174.42736470507123,
        -36.88323488387773
       ],
       [
        174.37235569151582,
        -36.88323488387773
       ],
       [
        174.37235569151582,
        -36.818348040063725
       ],
       [
        174.37119886740123,
        -36.818348040063725
       ],
       [
        174.37119886740123,
        -36.75406790846344
       ],
       [
        174.31633157180127,
        -36.75406790846344
       ],
       [
        174.31633157180127,
        -36.689759963288466
       ],
       [
        174.2615564581957,
        -36.689759963288466
       ],
       [
        174.2615564581957,
        -36.6254243805333
       ],
       [
        174.20687316225434,
        -36.6254243805333
       ],
       [
        174.20687316225434,
        -36.561061335716865
       ],
       [
        174.15228132061893,
        -36.561061335716865
       ],
       [
        174.15228132061893,
        -36.496165460934456
       ],
       [
        174.15132130001177,
        -36.496165460934456
       ],
       [
        174.15132130001177,
        -36.43177321049032
       ],
       [
        174.09778057090222,
        -36.43177321049032
       ],
       [
        174.09778057090222,
        -36.43225355961138
       ],
       [
        174.04423854221466,
        -36.43225355961138
       ],
       [
        174.04423854221466,
        -36.432709902374974
       ],
       [
        173.98987177471366,
        -36.432709902374974
       ],
       [
        173.98987177471366,
        -36.36780917700205
       ],
       [
        173.98905090252458,
        -36.36780917700205
       ],
       [
        173.98905090252458,
        -36.30333802969518
       ],
       [
        173.93482126393457,
        -36.30333802969518
       ],
       [
        173.93482126393457,
        -36.23843484504919
       ],
       [
        173.93404969368902,
        -36.23843484504919
       ],
       [
        173.93404969368902,
        -36.17393542970079
       ],
       [
        173.8799561010063,
        -36.17393542970079
       ],
       [
        173.8799561010063,
        -36.109409655346454
       ],
       [
        173.82595151766492,
        -36.109409655346454
       ],
       [
        173.82595151766492,
        -36.044857693953865
       ],
       [
        173.7720355882364,
        -36.044857693953865
       ],
       [
        173.7720355882364,
        -35.98027971703416
       ],
       [
        173.71879565949413,
        -35.98027971703416
       ],
       [
        173.71879565949413,
        -35.980586867624815
       ],
       [
        173.66501071534879,
        -35.980586867624815
       ],
       [
        173.66501071534879,
        -35.915958752658796
       ],
       [
        173.61131364515083,
        -35.915958752658796
       ],
       [
        173.61131364515083,
        -35.85130507556815
       ],
       [
        173.5577040961612,
        -35.85130507556815
       ],
       [
        173.5577040961612,
        -35.78662600633192
       ],
       [
        173.50418171659885,
        -35.78662600633192
       ],
       [
        173.50418171659885,
        -35.721921714481184
       ],
       [
        173.45074615563956,
        -35.721921714481184
       ],
       [
        173.45074615563956,
        -35.657192369101
       ],
       [
        173.39739706341436,
        -35.657192369101
       ],
       [
        173.39739706341436,
        -35.592438138832584
       ],
       [
        173.34413409100833,
        -35.592438138832584
       ],
       [
        173.34413409100833,
        -35.527659191875266
       ],
       [
        173.290956890459,
        -35.527659191875266
       ],
       [
        173.290956890459,
        -35.46285569598862
       ],
       [
        173.2378651147551,
        -35.46285569598862
       ],
       [
        173.2378651147551,
        -35.39802781849442
       ],
       [
        173.18485841783502,
        -35.39802781849442
       ],
       [
        173.18485841783502,
        -35.33317572627869
       ],
       [
        173.1319364545853,
        -35.33317572627869
       ],
       [
        173.1319364545853,
        -35.26829958579379
       ],
       [
        173.07916193258728,
        -35.26829958579379
       ],
       [
        173.07916193258728,
        -35.268322604940536
       ],
       [
        173.02636630355408,
        -35.268322604940536
       ],
       [
        173.02636630355408,
        -35.2033995630603
       ],
       [
        173.026345353375,
        -35.2033995630603
       ],
       [
        173.026345353375,
        -35.13845291434723
       ],
       [
        173.0790360303966,
        -35.13845291434723
       ],
       [
        173.0790360303966,
        -35.138407095787166
       ],
       [
        173.1316222022542,
        -35.138407095787166
       ],
       [
        173.1316222022542,
        -35.07348282379113
       ],
       [
        173.13151811966006,
        -35.07348282379113
       ],
       [
        173.13151811966006,
        -35.00860345473664
       ],
       [
        173.078848680533,
        -35.00860345473664
       ],
       [
        173.078848680533,
        -34.9437004259937
       ],
       [
        173.026262219438,
        -34.9437004259937
       ],
       [
        173.026262219438,
        -34.87877673847921
       ],
       [
        172.973737780562,
        -34.87877673847921
       ],
       [
        172.973737780562,
        -34.81384668358456
       ],
       [
        172.92127522447004,
        -34.81384668358456
       ],
       [
        172.92127522447004,
        -34.74889618900953
       ],
       [
        172.8688948978646,
        -34.74889618900953
       ],
       [
        172.8688948978646,
        -34.68392258190662
       ],
       [
        172.8165964644845,
        -34.68392258190662
       ],
       [
        172.8165964644845,
        -34.61892602535229
       ],
       [
        172.76437958899157,
        -34.61892602535229
       ],
       [
        172.76437958899157,
        -34.55390668200992
       ],
       [
        172.71224393696966,
        -34.55390668200992
       ],
       [
        172.71224393696966,
        -34.553794587108584
       ],
       [
        172.659925404111,
        -34.553794587108584
       ],
       [
        172.659925404111,
        -34.48873052531005
       ],
       [
        172.6079115946938,
        -34.48873052531005
       ],
       [
        172.6079115946938,
        -34.42364410877789
       ],
       [
        172.6604521031406,
        -34.42364410877789
       ],
       [
        172.6604521031406,
        -34.3588693494737
       ],
       [
        172.71291137826657,
        -34.3588693494737
       ],
       [
        172.71291137826657,
        -34.42393414870918
       ],
       [
        172.76492743141048,
        -34.42393414870918
       ],
       [
        172.76492743141048,
        -34.424045703739225
       ],
       [
        172.81716551195052,
        -34.424045703739225
       ]
      ],
      [
       [
        173.44680334941464,
        -34.94267691822515
       ],
       [
        173.49897380347116,
        -34.94267691822515
       ],
       [
        173.49897380347116,
        -34.87795705444162
       ],
       [
        173.44680334941464,
        -34.87795705444162
       ],
       [
        173.44680334941464,
        -34.94267691822515
       ]
      ],
      [
       [
        175.48276398621482,
        -39.3954764239916
       ],
       [
        175.48276398621482,
        -39.46146983085284
       ],
       [
        175.42701900381448,
        -39.46146983085284
       ],
       [
        175.42701900381448,
        -39.46262054131224
       ],
       [
        175.371270788356,
        -39.46262054131224
       ],
       [
        175.371270788356,
        -39.46374455416016
       ],
       [
        175.31767220292568,
        -39.46374455416016
       ],
       [
        175.31767220292568,
        -39.527441045136904
       ],
       [
        175.37347529357803,
        -39.527441045136904
       ],
       [
        175.37347529357803,
        -39.52628769636496
       ],
       [
        175.4292752138251,
        -39.52628769636496
       ],
       [
        175.4292752138251,
        -39.52510759342339
       ],
       [
        175.48507188946053,
        -39.52510759342339
       ],
       [
        175.48507188946053,
        -39.52390074098746
       ],
       [
        175.54323246510634,
        -39.52390074098746
       ],
       [
        175.54323246510634,
        -39.588712303461676
       ],
       [
        175.5456073453672,
        -39.588712303461676
       ],
       [
        175.5456073453672,
        -39.65352302204523
       ],
       [
        175.54798991455561,
        -39.65352302204523
       ],
       [
        175.54798991455561,
        -39.71833289594416
       ],
       [
        175.5503802002854,
        -39.71833289594416
       ],
       [
        175.5503802002854,
        -39.781896988854754
       ],
       [
        175.6063785152684,
        -39.781896988854754
       ],
       [
        175.6063785152684,
        -39.78062506815944
       ],
       [
        175.65987835999005,
        -39.78062506815944
       ],
       [
        175.65987835999005,
        -39.71452585071952
       ],
       [
        175.71581725108993,
        -39.71452585071952
       ],
       [
        175.71581725108993,
        -39.71320300185346
       ],
       [
        175.77175248795578,
        -39.71320300185346
       ],
       [
        175.77175248795578,
        -39.71185324476741
       ],
       [
        175.8276839957593,
        -39.71185324476741
       ],
       [
        175.8276839957593,
        -39.710476584826246
       ],
       [
        175.88361169970355,
        -39.710476584826246
       ],
       [
        175.88361169970355,
        -39.70907302750104
       ],
       [
        175.93953552502396,
        -39.70907302750104
       ],
       [
        175.93953552502396,
        -39.70764257836908
       ],
       [
        175.9954553969885,
        -39.70764257836908
       ],
       [
        175.9954553969885,
        -39.70618524311373
       ],
       [
        176.05137124089862,
        -39.70618524311373
       ],
       [
        176.05137124089862,
        -39.70470102752439
       ],
       [
        176.10728298208983,
        -39.70470102752439
       ],
       [
        176.10728298208983,
        -39.70318993749647
       ],
       [
        176.16023482435426,
        -39.70318993749647
       ],
       [
        176.16023482435426,
        -39.63992228602928
       ],
       [
        176.10148497255778,
        -39.63992228602928
       ],
       [
        176.10148497255778,
        -39.57514264261304
       ],
       [
        176.0985999825588,
        -39.57514264261304
       ],
       [
        176.0985999825588,
        -39.510362098309066
       ],
       [
        176.09572429135332,
        -39.510362098309066
       ],
       [
        176.09572429135332,
        -39.44705135076811
       ],
       [
        176.03720470245892,
        -39.44705135076811
       ],
       [
        176.03720470245892,
        -39.382265643483414
       ],
       [
        176.03439872811603,
        -39.382265643483414
       ],
       [
        176.03439872811603,
        -39.31747904453537
       ],
       [
        176.03160178949378,
        -39.31747904453537
       ],
       [
        176.03160178949378,
        -39.25269155493245
       ],
       [
        176.02881385461964,
        -39.25269155493245
       ],
       [
        176.02881385461964,
        -39.18933405819221
       ],
       [
        175.97604689665573,
        -39.18933405819221
       ],
       [
        175.97604689665573,
        -39.25553343140554
       ],
       [
        175.92318286340128,
        -39.25553343140554
       ],
       [
        175.92318286340128,
        -39.321711856967504
       ],
       [
        175.86756909001087,
        -39.321711856967504
       ],
       [
        175.86756909001087,
        -39.32306973925487
       ],
       [
        175.8119515201326,
        -39.32306973925487
       ],
       [
        175.8119515201326,
        -39.324401084937364
       ],
       [
        175.7563302269567,
        -39.324401084937364
       ],
       [
        175.7563302269567,
        -39.325705888765
       ],
       [
        175.7007052837043,
        -39.325705888765
       ],
       [
        175.7007052837043,
        -39.3269841455918
       ],
       [
        175.64507676362695,
        -39.3269841455918
       ],
       [
        175.64507676362695,
        -39.32823585037592
       ],
       [
        175.5894447400059,
        -39.32823585037592
       ],
       [
        175.5894447400059,
        -39.32946099817961
       ],
       [
        175.53615368393494,
        -39.32946099817961
       ],
       [
        175.53615368393494,
        -39.3954764239916
       ],
       [
        175.48276398621482,
        -39.3954764239916
       ]
      ],
      [
       [
        175.5503802002854,
        -39.84795010651884
       ],
       [
        175.5503802002854,
        -39.78435986973541
       ],
       [
        175.49672395183106,
        -39.78435986973541
       ],
       [
        175.49672395183106,
        -39.84795010651884
       ],
       [
        175.5503802002854,
        -39.84795010651884
       ]
      ],
      [
       [
        175.44066629452365,
        -39.85153112608887
       ],
       [
        175.38685302549658,
        -39.85153112608887
       ],
       [
        175.38685302549658,
        -39.91517736850002
       ],
       [
        175.44296670167955,
        -39.91517736850002
       ],
       [
        175.44296670167955,
        -39.91398096426583
       ],
       [
        175.49672395183106,
        -39.91398096426583
       ],
       [
        175.49672395183106,
        -39.85036451272081
       ],
       [
        175.44066629452365,
        -39.85036451272081
       ],
       [
        175.44066629452365,
        -39.85153112608887
       ]
      ],
      [
       [
        175.58467025647178,
        -40.62558199700786
       ],
       [
        175.58467025647178,
        -40.68909381373386
       ],
       [
        175.6388633098161,
        -40.68909381373386
       ],
       [
        175.6388633098161,
        -40.62298945317232
       ],
       [
        175.69295163337506,
        -40.62298945317232
       ],
       [
        175.69295163337506,
        -40.55950456969607
       ],
       [
        175.63631554054922,
        -40.55950456969607
       ],
       [
        175.63631554054922,
        -40.560784031364214
       ],
       [
        175.57967577399742,
        -40.560784031364214
       ],
       [
        175.57967577399742,
        -40.56203575561218
       ],
       [
        175.5254709932315,
        -40.56203575561218
       ],
       [
        175.5254709932315,
        -40.62558199700786
       ],
       [
        175.58467025647178,
        -40.62558199700786
       ]
      ],
      [
       [
        174.2038592369764,
        -36.30094759204463
       ],
       [
        174.2038592369764,
        -36.36529335460563
       ],
       [
        174.25631014716987,
        -36.36529335460563
       ],
       [
        174.25631014716987,
        -36.30094759204463
       ],
       [
        174.2038592369764,
        -36.30094759204463
       ]
      ],
      [
       [
        174.42018629556893,
        -36.55816596704325
       ],
       [
        174.42018629556893,
        -36.493902716852766
       ],
       [
        174.36775052668406,
        -36.493902716852766
       ],
       [
        174.36775052668406,
        -36.55816596704325
       ],
       [
        174.42018629556893,
        -36.55816596704325
       ]
      ],
      [
       [
        174.3654699543559,
        -36.42961178771301
       ],
       [
        174.31302891586063,
        -36.42961178771301
       ],
       [
        174.31302891586063,
        -36.493902716852766
       ],
       [
        174.3654699543559,
        -36.493902716852766
       ],
       [
        174.3654699543559,
        -36.42961178771301
       ]
      ],
      [
       [
        174.75338874119612,
        -37.072901019362234
       ],
       [
        174.75338874119612,
        -37.00881273557607
       ],
       [
        174.70090730263837,
        -37.00881273557607
       ],
       [
        174.70090730263837,
        -37.072901019362234
       ],
       [
        174.75338874119612,
        -37.072901019362234
       ]
      ],
      [
       [
        174.9657443038718,
        -36.87491216763805
       ],
       [
        174.9657443038718,
        -36.8740093308437
       ],
       [
        175.01786467173446,
        -36.8740093308437
       ],
       [
        175.01786467173446,
        -36.810044817498806
       ],
       [
        174.96408404216712,
        -36.810044817498806
       ],
       [
        174.96408404216712,
        -36.81092123620867
       ],
       [
        174.91191592185493,
        -36.81092123620867
       ],
       [
        174.91191592185493,
        -36.87491216763805
       ],
       [
        174.9657443038718,
        -36.87491216763805
       ]
      ],
      [
       [
        175.81437334873615,
        -40.74845511453795
       ],
       [
        175.86837805234427,
        -40.74845511453795
       ],
       [
        175.86837805234427,
        -40.683674113758336
       ],
       [
        175.86560306614805,
        -40.683674113758336
       ],
       [
        175.86560306614805,
        -40.62028574965226
       ],
       [
        175.81164421097452,
        -40.62028574965226
       ],
       [
        175.81164421097452,
        -40.6850708073844
       ],
       [
        175.81437334873615,
        -40.6850708073844
       ],
       [
        175.81437334873615,
        -40.74845511453795
       ]
      ],
      [
       [
        175.8466562083395,
        -38.803310032584484
       ],
       [
        175.8492409439377,
        -38.803310032584484
       ],
       [
        175.8492409439377,
        -38.8667509584998
       ],
       [
        175.90186577620804,
        -38.8667509584998
       ],
       [
        175.90186577620804,
        -38.8005655672547
       ],
       [
        175.95439556511263,
        -38.8005655672547
       ],
       [
        175.95439556511263,
        -38.73714981413117
       ],
       [
        175.89923954570327,
        -38.73714981413117
       ],
       [
        175.89923954570327,
        -38.73850589985931
       ],
       [
        175.8466562083395,
        -38.73850589985931
       ],
       [
        175.8466562083395,
        -38.803310032584484
       ]
      ],
      [
       [
        175.8492409439377,
        -38.869449532019644
       ],
       [
        175.79652064874566,
        -38.869449532019644
       ],
       [
        175.79652064874566,
        -38.93291570055231
       ],
       [
        175.8492409439377,
        -38.93291570055231
       ],
       [
        175.8492409439377,
        -38.869449532019644
       ]
      ],
      [
       [
        176.18415040790993,
        -40.15659145573416
       ],
       [
        176.18415040790993,
        -40.155028734098124
       ],
       [
        176.2373459589262,
        -40.155028734098124
       ],
       [
        176.2373459589262,
        -40.091822552012296
       ],
       [
        176.18112698974815,
        -40.091822552012296
       ],
       [
        176.18112698974815,
        -40.0933544782885
       ],
       [
        176.12787387225183,
        -40.0933544782885
       ],
       [
        176.12787387225183,
        -40.15659145573416
       ],
       [
        176.18415040790993,
        -40.15659145573416
       ]
      ]
     ],
     [
      [
       [
        174.6769263643486,
        -35.97071326880244
       ],
       [
        174.67555591517333,
        -35.97071326880244
       ],
       [
        174.67555591517333,
        -35.905071785235336
       ],
       [
        174.73014064743617,
        -35.905071785235336
       ],
       [
        174.73014064743617,
        -35.969178359224145
       ],
       [
        174.78481490085306,
        -35.969178359224145
       ],
       [
        174.78481490085306,
        -36.03484267450847
       ],
       [
        174.73155906074024,
        -36.03484267450847
       ],
       [
        174.73155906074024,
        -36.03560012848021
       ],
       [
        174.6769263643486,
        -36.03560012848021
       ],
       [
        174.6769263643486,
        -35.97071326880244
       ]
      ]
     ],
     [
      [
       [
        175.16287836674374,
        -36.223487031912896
       ],
       [
        175.1112524265753,
        -36.223487031912896
       ],
       [
        175.1112524265753,
        -36.2892865223606
       ],
       [
        175.05613316004653,
        -36.2892865223606
       ],
       [
        175.05613316004653,
        -36.225322101053536
       ],
       [
        175.00110494803369,
        -36.225322101053536
       ],
       [
        175.00110494803369,
        -36.15954562511348
       ],
       [
        175.05443725065962,
        -36.15954562511348
       ],
       [
        175.05443725065962,
        -36.158618388541306
       ],
       [
        175.10776714751813,
        -36.158618388541306
       ],
       [
        175.10776714751813,
        -36.15766742328603
       ],
       [
        175.16287836674374,
        -36.15766742328603
       ],
       [
        175.16287836674374,
        -36.223487031912896
       ]
      ]
     ],
     [
      [
       [
        175.3229769818356,
        -36.28439002820751
       ],
       [
        175.3229769818356,
        -36.22055605184051
       ],
       [
        175.26774178105487,
        -36.22055605184051
       ],
       [
        175.26774178105487,
        -36.15569432095871
       ],
       [
        175.26587611577256,
        -36.15569432095871
       ],
       [
        175.26587611577256,
        -36.08981208498586
       ],
       [
        175.31724865269223,
        -36.08981208498586
       ],
       [
        175.31724865269223,
        -36.023910276694636
       ],
       [
        175.3704782020909,
        -36.023910276694636
       ],
       [
        175.3704782020909,
        -36.022845766903046
       ],
       [
        175.4256955707126,
        -36.022845766903046
       ],
       [
        175.4256955707126,
        -36.08661099956137
       ],
       [
        175.48100383715857,
        -36.08661099956137
       ],
       [
        175.48100383715857,
        -36.15034657148115
       ],
       [
        175.5364033510173,
        -36.15034657148115
       ],
       [
        175.5364033510173,
        -36.21519566161361
       ],
       [
        175.5385011475343,
        -36.21519566161361
       ],
       [
        175.5385011475343,
        -36.27889788630476
       ],
       [
        175.59404312032595,
        -36.27889788630476
       ],
       [
        175.59404312032595,
        -36.34489141398248
       ],
       [
        175.54060565982175,
        -36.34489141398248
       ],
       [
        175.54060565982175,
        -36.346016309199975
       ],
       [
        175.48716520474883,
        -36.346016309199975
       ],
       [
        175.48716520474883,
        -36.34711733420848
       ],
       [
        175.43170562530554,
        -36.34711733420848
       ],
       [
        175.43170562530554,
        -36.28333923607614
       ],
       [
        175.37830354329287,
        -36.28333923607614
       ],
       [
        175.37830354329287,
        -36.28439002820751
       ],
       [
        175.3229769818356,
        -36.28439002820751
       ]
      ]
     ],
     [
      [
       [
        175.92433223250956,
        -36.660473270850865
       ],
       [
        175.92433223250956,
        -36.594322001349205
       ],
       [
        175.98042163890497,
        -36.594322001349205
       ],
       [
        175.98042163890497,
        -36.660473270850865
       ],
       [
        175.92433223250956,
        -36.660473270850865
       ]
      ]
     ],
     [
      [
       [
        175.75662524210873,
        -36.46982335930572
       ],
       [
        175.75662524210873,
        -36.40374158731625
       ],
       [
        175.8124343889298,
        -36.40374158731625
       ],
       [
        175.8124343889298,
        -36.46982335930572
       ],
       [
        175.75662524210873,
        -36.46982335930572
       ]
      ]
     ],
     [
      [
       [
        176.22216985125726,
        -37.36639437894608
       ],
       [
        176.22216985125726,
        -37.30159711777011
       ],
       [
        176.2194069317209,
        -37.30159711777011
       ],
       [
        176.2194069317209,
        -37.235316310892834
       ],
       [
        176.27624377797684,
        -37.235316310892834
       ],
       [
        176.27624377797684,
        -37.300110997181314
       ],
       [
        176.27906186791446,
        -37.300110997181314
       ],
       [
        176.27906186791446,
        -37.36639437894608
       ],
       [
        176.22216985125726,
        -37.36639437894608
       ]
      ]
     ],
     [
      [
       [
        177.15154350721497,
        -37.53190045229817
       ],
       [
        177.15154350721497,
        -37.46525521552894
       ],
       [
        177.209317040915,
        -37.46525521552894
       ],
       [
        177.209317040915,
        -37.53190045229817
       ],
       [
        177.15154350721497,
        -37.53190045229817
       ]
      ]
     ]
    ]
   }
  },
  {
   "type": "Feature",
   "properties": {
    "name": "osm",
    "kind": "osm",
    "provides": [
     "roads",
     "rail",
     "waterways",
     "culverts",
     "buildings"
    ],
    "enabled": true,
    "checked": "2026-10-08T00:23:13+00:00",
    "url": null,
    "coverage": "global"
   },
   "geometry": {
    "type": "Polygon",
    "coordinates": [
     [
      [
       180.0,
       -90.0
      ],
      [
       180.0,
       90.0
      ],
      [
       -180.0,
       90.0
      ],
      [
       -180.0,
       -90.0
      ],
      [
       180.0,
       -90.0
      ]
     ]
    ]
   }
  }
 ]
}